STRUCTURE,STRUCTURE_ID,STRUCTURE_NAME,ACTION,REF_AREA,Reference area,FREQ,Frequency of observation,MEASURE,Measure,UNIT_MEASURE,Unit of measure,EXPEND_SOURCE,Expenditure source,SPENDING_TYPE,Spending type,PROGRAMME_TYPE,Programme type,PRICE_BASE,Price base,TIME_PERIOD,Time period,OBS_VALUE,Observation value,OBS_STATUS,Observation status,UNIT_MULT,Unit multiplier,DECIMALS,Decimals,CURRENCY,Currency,BASE_PER,Base period
DATAFLOW,OECD.ELS.SPD:DSD_SOCX_AGG@DF_SOCX_AGG(1.0),Social expenditure aggregates,I,USA,United States,A,Annual,SOCX,Social expenditure,PT_B1GQ,Percentage of GDP,ES10,Public,K,In kind spending,TP31,Incapacity related,_Z,Not applicable,1990,,,,M,Missing value; data cannot exist,0,Units,1,One,_Z,Not applicable,,
DATAFLOW,OECD.ELS.SPD:DSD_SOCX_AGG@DF_SOCX_AGG(1.0),Social expenditure aggregates,I,USA,United States,A,Annual,SOCX,Social expenditure,PT_B1GQ,Percentage of GDP,ES10,Public,K,In kind spending,TP31,Incapacity related,_Z,Not applicable,1991,,,,M,Missing value; data cannot exist,0,Units,1,One,_Z,Not applicable,,
DATAFLOW,OECD.ELS.SPD:DSD_SOCX_AGG@DF_SOCX_AGG(1.0),Social expenditure aggregates,I,USA,United States,A,Annual,SOCX,Social expenditure,PT_B1GQ,Percentage of GDP,ES10,Public,K,In kind spending,TP31,Incapacity related,_Z,Not applicable,1992,,,,M,Missing value; data cannot exist,0,Units,1,One,_Z,Not applicable,,
DATAFLOW,OECD.ELS.SPD:DSD_SOCX_AGG@DF_SOCX_AGG(1.0),Social expenditure aggregates,I,USA,United States,A,Annual,SOCX,Social expenditure,PT_B1GQ,Percentage of GDP,ES10,Public,K,In kind spending,TP31,Incapacity related,_Z,Not applicable,1993,,,,M,Missing value; data cannot exist,0,Units,1,One,_Z,Not applicable,,
DATAFLOW,OECD.ELS.SPD:DSD_SOCX_AGG@DF_SOCX_AGG(1.0),Social expenditure aggregates,I,USA,United States,A,Annual,SOCX,Social expenditure,PT_B1GQ,Percentage of GDP,ES10,Public,K,In kind spending,TP31,Incapacity related,_Z,Not applicable,1994,,,,M,Missing value; data cannot exist,0,Units,1,One,_Z,Not applicable,,
DATAFLOW,OECD.ELS.SPD:DSD_SOCX_AGG@DF_SOCX_AGG(1.0),Social expenditure aggregates,I,USA,United States,A,Annual,SOCX,Social expenditure,PT_B1GQ,Percentage of GDP,ES10,Public,K,In kind spending,TP31,Incapacity related,_Z,Not applicable,1995,,,,M,Missing value; data cannot exist,0,Units,1,One,_Z,Not applicable,,
DATAFLOW,OECD.ELS.SPD:DSD_SOCX_AGG@DF_SOCX_AGG(1.0),Social expenditure aggregates,I,USA,United States,A,Annual,SOCX,Social expenditure,PT_B1GQ,Percentage of GDP,ES10,Public,K,In kind spending,TP31,Incapacity related,_Z,Not applicable,1996,,,,M,Missing value; data cannot exist,0,Units,1,One,_Z,Not applicable,,
DATAFLOW,OECD.ELS.SPD:DSD_SOCX_AGG@DF_SOCX_AGG(1.0),Social expenditure aggregates,I,USA,United States,A,Annual,SOCX,Social expenditure,PT_B1GQ,Percentage of GDP,ES10,Public,K,In kind spending,TP31,Incapacity related,_Z,Not applicable,1997,,,,M,Missing value; data cannot exist,0,Units,1,One,_Z,Not applicable,,
DATAFLOW,OECD.ELS.SPD:DSD_SOCX_AGG@DF_SOCX_AGG(1.0),Social expenditure aggregates,I,USA,United States,A,Annual,SOCX,Social expenditure,PT_B1GQ,Percentage of GDP,ES10,Public,K,In kind spending,TP31,Incapacity related,_Z,Not applicable,1998,,,,M,Missing value; data cannot exist,0,Units,1,One,_Z,Not applicable,,
DATAFLOW,OECD.ELS.SPD:DSD_SOCX_AGG@DF_SOCX_AGG(1.0),Social expenditure aggregates,I,USA,United States,A,Annual,SOCX,Social expenditure,PT_B1GQ,Percentage of GDP,ES10,Public,K,In kind spending,TP31,Incapacity related,_Z,Not applicable,1999,,,,M,Missing value; data cannot exist,0,Units,1,One,_Z,Not applicable,,
DATAFLOW,OECD.ELS.SPD:DSD_SOCX_AGG@DF_SOCX_AGG(1.0),Social expenditure aggregates,I,USA,United States,A,Annual,SOCX,Social expenditure,PT_B1GQ,Percentage of GDP,ES10,Public,K,In kind spending,TP31,Incapacity related,_Z,Not applicable,2000,,,,M,Missing value; data cannot exist,0,Units,1,One,_Z,Not applicable,,
DATAFLOW,OECD.ELS.SPD:DSD_SOCX_AGG@DF_SOCX_AGG(1.0),Social expenditure aggregates,I,USA,United States,A,Annual,SOCX,Social expenditure,PT_B1GQ,Percentage of GDP,ES10,Public,K,In kind spending,TP31,Incapacity related,_Z,Not applicable,2001,,,,M,Missing value; data cannot exist,0,Units,1,One,_Z,Not applicable,,
DATAFLOW,OECD.ELS.SPD:DSD_SOCX_AGG@DF_SOCX_AGG(1.0),Social expenditure aggregates,I,USA,United States,A,Annual,SOCX,Social expenditure,PT_B1GQ,Percentage of GDP,ES10,Public,K,In kind spending,TP31,Incapacity related,_Z,Not applicable,2002,,,,M,Missing value; data cannot exist,0,Units,1,One,_Z,Not applicable,,
DATAFLOW,OECD.ELS.SPD:DSD_SOCX_AGG@DF_SOCX_AGG(1.0),Social expenditure aggregates,I,USA,United States,A,Annual,SOCX,Social expenditure,PT_B1GQ,Percentage of GDP,ES10,Public,K,In kind spending,TP31,Incapacity related,_Z,Not applicable,2003,,,,M,Missing value; data cannot exist,0,Units,1,One,_Z,Not applicable,,
DATAFLOW,OECD.ELS.SPD:DSD_SOCX_AGG@DF_SOCX_AGG(1.0),Social expenditure aggregates,I,USA,United States,A,Annual,SOCX,Social expenditure,PT_B1GQ,Percentage of GDP,ES10,Public,K,In kind spending,TP31,Incapacity related,_Z,Not applicable,2004,,,,M,Missing value; data cannot exist,0,Units,1,One,_Z,Not applicable,,
DATAFLOW,OECD.ELS.SPD:DSD_SOCX_AGG@DF_SOCX_AGG(1.0),Social expenditure aggregates,I,USA,United States,A,Annual,SOCX,Social expenditure,PT_B1GQ,Percentage of GDP,ES10,Public,K,In kind spending,TP31,Incapacity related,_Z,Not applicable,2005,,,,M,Missing value; data cannot exist,0,Units,1,One,_Z,Not applicable,,
DATAFLOW,OECD.ELS.SPD:DSD_SOCX_AGG@DF_SOCX_AGG(1.0),Social expenditure aggregates,I,USA,United States,A,Annual,SOCX,Social expenditure,PT_B1GQ,Percentage of GDP,ES10,Public,K,In kind spending,TP31,Incapacity related,_Z,Not applicable,2006,,,,M,Missing value; data cannot exist,0,Units,1,One,_Z,Not applicable,,
DATAFLOW,OECD.ELS.SPD:DSD_SOCX_AGG@DF_SOCX_AGG(1.0),Social expenditure aggregates,I,USA,United States,A,Annual,SOCX,Social expenditure,PT_B1GQ,Percentage of GDP,ES10,Public,K,In kind spending,TP31,Incapacity related,_Z,Not applicable,2007,,,,M,Missing value; data cannot exist,0,Units,1,One,_Z,Not applicable,,
DATAFLOW,OECD.ELS.SPD:DSD_SOCX_AGG@DF_SOCX_AGG(1.0),Social expenditure aggregates,I,USA,United States,A,Annual,SOCX,Social expenditure,PT_B1GQ,Percentage of GDP,ES10,Public,K,In kind spending,TP31,Incapacity related,_Z,Not applicable,2008,,,,M,Missing value; data cannot exist,0,Units,1,One,_Z,Not applicable,,
DATAFLOW,OECD.ELS.SPD:DSD_SOCX_AGG@DF_SOCX_AGG(1.0),Social expenditure aggregates,I,USA,United States,A,Annual,SOCX,Social expenditure,PT_B1GQ,Percentage of GDP,ES10,Public,K,In kind spending,TP31,Incapacity related,_Z,Not applicable,2009,,,,M,Missing value; data cannot exist,0,Units,1,One,_Z,Not applicable,,
DATAFLOW,OECD.ELS.SPD:DSD_SOCX_AGG@DF_SOCX_AGG(1.0),Social expenditure aggregates,I,USA,United States,A,Annual,SOCX,Social expenditure,PT_B1GQ,Percentage of GDP,ES10,Public,K,In kind spending,TP31,Incapacity related,_Z,Not applicable,2010,,,,M,Missing value; data cannot exist,0,Units,1,One,_Z,Not applicable,,
DATAFLOW,OECD.ELS.SPD:DSD_SOCX_AGG@DF_SOCX_AGG(1.0),Social expenditure aggregates,I,USA,United States,A,Annual,SOCX,Social expenditure,PT_B1GQ,Percentage of GDP,ES10,Public,K,In kind spending,TP31,Incapacity related,_Z,Not applicable,2011,,,,M,Missing value; data cannot exist,0,Units,1,One,_Z,Not applicable,,
DATAFLOW,OECD.ELS.SPD:DSD_SOCX_AGG@DF_SOCX_AGG(1.0),Social expenditure aggregates,I,USA,United States,A,Annual,SOCX,Social expenditure,PT_B1GQ,Percentage of GDP,ES10,Public,K,In kind spending,TP31,Incapacity related,_Z,Not applicable,2012,,,,M,Missing value; data cannot exist,0,Units,1,One,_Z,Not applicable,,
DATAFLOW,OECD.ELS.SPD:DSD_SOCX_AGG@DF_SOCX_AGG(1.0),Social expenditure aggregates,I,USA,United States,A,Annual,SOCX,Social expenditure,PT_B1GQ,Percentage of GDP,ES10,Public,K,In kind spending,TP31,Incapacity related,_Z,Not applicable,2013,,,,M,Missing value; data cannot exist,0,Units,1,One,_Z,Not applicable,,
DATAFLOW,OECD.ELS.SPD:DSD_SOCX_AGG@DF_SOCX_AGG(1.0),Social expenditure aggregates,I,USA,United States,A,Annual,SOCX,Social expenditure,PT_B1GQ,Percentage of GDP,ES10,Public,K,In kind spending,TP31,Incapacity related,_Z,Not applicable,2014,,,,M,Missing value; data cannot exist,0,Units,1,One,_Z,Not applicable,,
DATAFLOW,OECD.ELS.SPD:DSD_SOCX_AGG@DF_SOCX_AGG(1.0),Social expenditure aggregates,I,USA,United States,A,Annual,SOCX,Social expenditure,PT_B1GQ,Percentage of GDP,ES10,Public,K,In kind spending,TP31,Incapacity related,_Z,Not applicable,2015,,,,M,Missing value; data cannot exist,0,Units,1,One,_Z,Not applicable,,
DATAFLOW,OECD.ELS.SPD:DSD_SOCX_AGG@DF_SOCX_AGG(1.0),Social expenditure aggregates,I,USA,United States,A,Annual,SOCX,Social expenditure,PT_B1GQ,Percentage of GDP,ES10,Public,K,In kind spending,TP31,Incapacity related,_Z,Not applicable,2016,,,,M,Missing value; data cannot exist,0,Units,1,One,_Z,Not applicable,,
DATAFLOW,OECD.ELS.SPD:DSD_SOCX_AGG@DF_SOCX_AGG(1.0),Social expenditure aggregates,I,USA,United States,A,Annual,SOCX,Social expenditure,PT_B1GQ,Percentage of GDP,ES10,Public,K,In kind spending,TP31,Incapacity related,_Z,Not applicable,2017,,,,M,Missing value; data cannot exist,0,Units,1,One,_Z,Not applicable,,
DATAFLOW,OECD.ELS.SPD:DSD_SOCX_AGG@DF_SOCX_AGG(1.0),Social expenditure aggregates,I,USA,United States,A,Annual,SOCX,Social expenditure,PT_B1GQ,Percentage of GDP,ES10,Public,K,In kind spending,TP31,Incapacity related,_Z,Not applicable,2018,,,,M,Missing value; data cannot exist,0,Units,1,One,_Z,Not applicable,,
DATAFLOW,OECD.ELS.SPD:DSD_SOCX_AGG@DF_SOCX_AGG(1.0),Social expenditure aggregates,I,USA,United States,A,Annual,SOCX,Social expenditure,PT_B1GQ,Percentage of GDP,ES10,Public,K,In kind spending,TP31,Incapacity related,_Z,Not applicable,2019,,,,M,Missing value; data cannot exist,0,Units,1,One,_Z,Not applicable,,
DATAFLOW,OECD.ELS.SPD:DSD_SOCX_AGG@DF_SOCX_AGG(1.0),Social expenditure aggregates,I,USA,United States,A,Annual,SOCX,Social expenditure,PT_B1GQ,Percentage of GDP,ES10,Public,K,In kind spending,TP31,Incapacity related,_Z,Not applicable,2020,,,,M,Missing value; data cannot exist,0,Units,1,One,_Z,Not applicable,,
DATAFLOW,OECD.ELS.SPD:DSD_SOCX_AGG@DF_SOCX_AGG(1.0),Social expenditure aggregates,I,USA,United States,A,Annual,SOCX,Social expenditure,PT_B1GQ,Percentage of GDP,ES10,Public,K,In kind spending,TP31,Incapacity related,_Z,Not applicable,2021,,,,M,Missing value; data cannot exist,0,Units,1,One,_Z,Not applicable,,
DATAFLOW,OECD.ELS.SPD:DSD_SOCX_AGG@DF_SOCX_AGG(1.0),Social expenditure aggregates,I,USA,United States,A,Annual,SOCX,Social expenditure,PT_B1GQ,Percentage of GDP,ES10,Public,K,In kind spending,TP31,Incapacity related,_Z,Not applicable,2022,,,,M,Missing value; data cannot exist,0,Units,1,One,_Z,Not applicable,,
DATAFLOW,OECD.ELS.SPD:DSD_SOCX_AGG@DF_SOCX_AGG(1.0),Social expenditure aggregates,I,USA,United States,A,Annual,SOCX,Social expenditure,PT_B1GQ,Percentage of GDP,ES10,Public,K,In kind spending,TP31,Incapacity related,_Z,Not applicable,2023,,,,M,Missing value; data cannot exist,0,Units,1,One,_Z,Not applicable,,
DATAFLOW,OECD.ELS.SPD:DSD_SOCX_AGG@DF_SOCX_AGG(1.0),Social expenditure aggregates,I,USA,United States,A,Annual,SOCX,Social expenditure,PT_B1GQ,Percentage of GDP,ES10,Public,_T,Total,TP31,Incapacity related,_Z,Not applicable,1990,,0.97,,A,Normal value,0,Units,1,One,_Z,Not applicable,,
DATAFLOW,OECD.ELS.SPD:DSD_SOCX_AGG@DF_SOCX_AGG(1.0),Social expenditure aggregates,I,USA,United States,A,Annual,SOCX,Social expenditure,PT_B1GQ,Percentage of GDP,ES10,Public,_T,Total,TP31,Incapacity related,_Z,Not applicable,1991,,1.04,,A,Normal value,0,Units,1,One,_Z,Not applicable,,
DATAFLOW,OECD.ELS.SPD:DSD_SOCX_AGG@DF_SOCX_AGG(1.0),Social expenditure aggregates,I,USA,United States,A,Annual,SOCX,Social expenditure,PT_B1GQ,Percentage of GDP,ES10,Public,_T,Total,TP31,Incapacity related,_Z,Not applicable,1992,,1.116,,A,Normal value,0,Units,1,One,_Z,Not applicable,,
DATAFLOW,OECD.ELS.SPD:DSD_SOCX_AGG@DF_SOCX_AGG(1.0),Social expenditure aggregates,I,USA,United States,A,Annual,SOCX,Social expenditure,PT_B1GQ,Percentage of GDP,ES10,Public,_T,Total,TP31,Incapacity related,_Z,Not applicable,1993,,1.145,,A,Normal value,0,Units,1,One,_Z,Not applicable,,
DATAFLOW,OECD.ELS.SPD:DSD_SOCX_AGG@DF_SOCX_AGG(1.0),Social expenditure aggregates,I,USA,United States,A,Annual,SOCX,Social expenditure,PT_B1GQ,Percentage of GDP,ES10,Public,_T,Total,TP31,Incapacity related,_Z,Not applicable,1994,,1.147,,A,Normal value,0,Units,1,One,_Z,Not applicable,,
DATAFLOW,OECD.ELS.SPD:DSD_SOCX_AGG@DF_SOCX_AGG(1.0),Social expenditure aggregates,I,USA,United States,A,Annual,SOCX,Social expenditure,PT_B1GQ,Percentage of GDP,ES10,Public,_T,Total,TP31,Incapacity related,_Z,Not applicable,1995,,0.966,,A,Normal value,0,Units,1,One,_Z,Not applicable,,
DATAFLOW,OECD.ELS.SPD:DSD_SOCX_AGG@DF_SOCX_AGG(1.0),Social expenditure aggregates,I,USA,United States,A,Annual,SOCX,Social expenditure,PT_B1GQ,Percentage of GDP,ES10,Public,_T,Total,TP31,Incapacity related,_Z,Not applicable,1996,,0.966,,A,Normal value,0,Units,1,One,_Z,Not applicable,,
DATAFLOW,OECD.ELS.SPD:DSD_SOCX_AGG@DF_SOCX_AGG(1.0),Social expenditure aggregates,I,USA,United States,A,Annual,SOCX,Social expenditure,PT_B1GQ,Percentage of GDP,ES10,Public,_T,Total,TP31,Incapacity related,_Z,Not applicable,1997,,0.923,,A,Normal value,0,Units,1,One,_Z,Not applicable,,
DATAFLOW,OECD.ELS.SPD:DSD_SOCX_AGG@DF_SOCX_AGG(1.0),Social expenditure aggregates,I,USA,United States,A,Annual,SOCX,Social expenditure,PT_B1GQ,Percentage of GDP,ES10,Public,_T,Total,TP31,Incapacity related,_Z,Not applicable,1998,,0.915,,A,Normal value,0,Units,1,One,_Z,Not applicable,,
DATAFLOW,OECD.ELS.SPD:DSD_SOCX_AGG@DF_SOCX_AGG(1.0),Social expenditure aggregates,I,USA,United States,A,Annual,SOCX,Social expenditure,PT_B1GQ,Percentage of GDP,ES10,Public,_T,Total,TP31,Incapacity related,_Z,Not applicable,1999,,0.896,,A,Normal value,0,Units,1,One,_Z,Not applicable,,
DATAFLOW,OECD.ELS.SPD:DSD_SOCX_AGG@DF_SOCX_AGG(1.0),Social expenditure aggregates,I,USA,United States,A,Annual,SOCX,Social expenditure,PT_B1GQ,Percentage of GDP,ES10,Public,_T,Total,TP31,Incapacity related,_Z,Not applicable,2000,,0.887,,A,Normal value,0,Units,1,One,_Z,Not applicable,,
DATAFLOW,OECD.ELS.SPD:DSD_SOCX_AGG@DF_SOCX_AGG(1.0),Social expenditure aggregates,I,USA,United States,A,Annual,SOCX,Social expenditure,PT_B1GQ,Percentage of GDP,ES10,Public,_T,Total,TP31,Incapacity related,_Z,Not applicable,2001,,0.917,,A,Normal value,0,Units,1,One,_Z,Not applicable,,
DATAFLOW,OECD.ELS.SPD:DSD_SOCX_AGG@DF_SOCX_AGG(1.0),Social expenditure aggregates,I,USA,United States,A,Annual,SOCX,Social expenditure,PT_B1GQ,Percentage of GDP,ES10,Public,_T,Total,TP31,Incapacity related,_Z,Not applicable,2002,,0.966,,A,Normal value,0,Units,1,One,_Z,Not applicable,,
DATAFLOW,OECD.ELS.SPD:DSD_SOCX_AGG@DF_SOCX_AGG(1.0),Social expenditure aggregates,I,USA,United States,A,Annual,SOCX,Social expenditure,PT_B1GQ,Percentage of GDP,ES10,Public,_T,Total,TP31,Incapacity related,_Z,Not applicable,2003,,0.986,,A,Normal value,0,Units,1,One,_Z,Not applicable,,
DATAFLOW,OECD.ELS.SPD:DSD_SOCX_AGG@DF_SOCX_AGG(1.0),Social expenditure aggregates,I,USA,United States,A,Annual,SOCX,Social expenditure,PT_B1GQ,Percentage of GDP,ES10,Public,_T,Total,TP31,Incapacity related,_Z,Not applicable,2004,,1.006,,A,Normal value,0,Units,1,One,_Z,Not applicable,,
DATAFLOW,OECD.ELS.SPD:DSD_SOCX_AGG@DF_SOCX_AGG(1.0),Social expenditure aggregates,I,USA,United States,A,Annual,SOCX,Social expenditure,PT_B1GQ,Percentage of GDP,ES10,Public,_T,Total,TP31,Incapacity related,_Z,Not applicable,2005,,1.007,,A,Normal value,0,Units,1,One,_Z,Not applicable,,
DATAFLOW,OECD.ELS.SPD:DSD_SOCX_AGG@DF_SOCX_AGG(1.0),Social expenditure aggregates,I,USA,United States,A,Annual,SOCX,Social expenditure,PT_B1GQ,Percentage of GDP,ES10,Public,_T,Total,TP31,Incapacity related,_Z,Not applicable,2006,,1.014,,A,Normal value,0,Units,1,One,_Z,Not applicable,,
DATAFLOW,OECD.ELS.SPD:DSD_SOCX_AGG@DF_SOCX_AGG(1.0),Social expenditure aggregates,I,USA,United States,A,Annual,SOCX,Social expenditure,PT_B1GQ,Percentage of GDP,ES10,Public,_T,Total,TP31,Incapacity related,_Z,Not applicable,2007,,1.023,,A,Normal value,0,Units,1,One,_Z,Not applicable,,
DATAFLOW,OECD.ELS.SPD:DSD_SOCX_AGG@DF_SOCX_AGG(1.0),Social expenditure aggregates,I,USA,United States,A,Annual,SOCX,Social expenditure,PT_B1GQ,Percentage of GDP,ES10,Public,_T,Total,TP31,Incapacity related,_Z,Not applicable,2008,,1.061,,A,Normal value,0,Units,1,One,_Z,Not applicable,,
DATAFLOW,OECD.ELS.SPD:DSD_SOCX_AGG@DF_SOCX_AGG(1.0),Social expenditure aggregates,I,USA,United States,A,Annual,SOCX,Social expenditure,PT_B1GQ,Percentage of GDP,ES10,Public,_T,Total,TP31,Incapacity related,_Z,Not applicable,2009,,1.179,,A,Normal value,0,Units,1,One,_Z,Not applicable,,
DATAFLOW,OECD.ELS.SPD:DSD_SOCX_AGG@DF_SOCX_AGG(1.0),Social expenditure aggregates,I,USA,United States,A,Annual,SOCX,Social expenditure,PT_B1GQ,Percentage of GDP,ES10,Public,_T,Total,TP31,Incapacity related,_Z,Not applicable,2010,,1.202,,A,Normal value,0,Units,1,One,_Z,Not applicable,,
DATAFLOW,OECD.ELS.SPD:DSD_SOCX_AGG@DF_SOCX_AGG(1.0),Social expenditure aggregates,I,USA,United States,A,Annual,SOCX,Social expenditure,PT_B1GQ,Percentage of GDP,ES10,Public,_T,Total,TP31,Incapacity related,_Z,Not applicable,2011,,1.202,,A,Normal value,0,Units,1,One,_Z,Not applicable,,
DATAFLOW,OECD.ELS.SPD:DSD_SOCX_AGG@DF_SOCX_AGG(1.0),Social expenditure aggregates,I,USA,United States,A,Annual,SOCX,Social expenditure,PT_B1GQ,Percentage of GDP,ES10,Public,_T,Total,TP31,Incapacity related,_Z,Not applicable,2012,,1.222,,A,Normal value,0,Units,1,One,_Z,Not applicable,,
DATAFLOW,OECD.ELS.SPD:DSD_SOCX_AGG@DF_SOCX_AGG(1.0),Social expenditure aggregates,I,USA,United States,A,Annual,SOCX,Social expenditure,PT_B1GQ,Percentage of GDP,ES10,Public,_T,Total,TP31,Incapacity related,_Z,Not applicable,2013,,1.205,,A,Normal value,0,Units,1,One,_Z,Not applicable,,
DATAFLOW,OECD.ELS.SPD:DSD_SOCX_AGG@DF_SOCX_AGG(1.0),Social expenditure aggregates,I,USA,United States,A,Annual,SOCX,Social expenditure,PT_B1GQ,Percentage of GDP,ES10,Public,_T,Total,TP31,Incapacity related,_Z,Not applicable,2014,,1.169,,A,Normal value,0,Units,1,One,_Z,Not applicable,,
DATAFLOW,OECD.ELS.SPD:DSD_SOCX_AGG@DF_SOCX_AGG(1.0),Social expenditure aggregates,I,USA,United States,A,Annual,SOCX,Social expenditure,PT_B1GQ,Percentage of GDP,ES10,Public,_T,Total,TP31,Incapacity related,_Z,Not applicable,2015,,1.134,,A,Normal value,0,Units,1,One,_Z,Not applicable,,
DATAFLOW,OECD.ELS.SPD:DSD_SOCX_AGG@DF_SOCX_AGG(1.0),Social expenditure aggregates,I,USA,United States,A,Annual,SOCX,Social expenditure,PT_B1GQ,Percentage of GDP,ES10,Public,_T,Total,TP31,Incapacity related,_Z,Not applicable,2016,,1.096,,A,Normal value,0,Units,1,One,_Z,Not applicable,,
DATAFLOW,OECD.ELS.SPD:DSD_SOCX_AGG@DF_SOCX_AGG(1.0),Social expenditure aggregates,I,USA,United States,A,Annual,SOCX,Social expenditure,PT_B1GQ,Percentage of GDP,ES10,Public,_T,Total,TP31,Incapacity related,_Z,Not applicable,2017,,1.053,,A,Normal value,0,Units,1,One,_Z,Not applicable,,
DATAFLOW,OECD.ELS.SPD:DSD_SOCX_AGG@DF_SOCX_AGG(1.0),Social expenditure aggregates,I,USA,United States,A,Annual,SOCX,Social expenditure,PT_B1GQ,Percentage of GDP,ES10,Public,_T,Total,TP31,Incapacity related,_Z,Not applicable,2018,,1.008,,A,Normal value,0,Units,1,One,_Z,Not applicable,,
DATAFLOW,OECD.ELS.SPD:DSD_SOCX_AGG@DF_SOCX_AGG(1.0),Social expenditure aggregates,I,USA,United States,A,Annual,SOCX,Social expenditure,PT_B1GQ,Percentage of GDP,ES10,Public,_T,Total,TP31,Incapacity related,_Z,Not applicable,2019,,0.976,,A,Normal value,0,Units,1,One,_Z,Not applicable,,
DATAFLOW,OECD.ELS.SPD:DSD_SOCX_AGG@DF_SOCX_AGG(1.0),Social expenditure aggregates,I,USA,United States,A,Annual,SOCX,Social expenditure,PT_B1GQ,Percentage of GDP,ES10,Public,_T,Total,TP31,Incapacity related,_Z,Not applicable,2020,,0.967,,A,Normal value,0,Units,1,One,_Z,Not applicable,,
DATAFLOW,OECD.ELS.SPD:DSD_SOCX_AGG@DF_SOCX_AGG(1.0),Social expenditure aggregates,I,USA,United States,A,Annual,SOCX,Social expenditure,PT_B1GQ,Percentage of GDP,ES10,Public,_T,Total,TP31,Incapacity related,_Z,Not applicable,2021,,0.879,,A,Normal value,0,Units,1,One,_Z,Not applicable,,
DATAFLOW,OECD.ELS.SPD:DSD_SOCX_AGG@DF_SOCX_AGG(1.0),Social expenditure aggregates,I,USA,United States,A,Annual,SOCX,Social expenditure,PT_B1GQ,Percentage of GDP,ES10,Public,_T,Total,TP31,Incapacity related,_Z,Not applicable,2022,,0.824,,A,Normal value,0,Units,1,One,_Z,Not applicable,,
DATAFLOW,OECD.ELS.SPD:DSD_SOCX_AGG@DF_SOCX_AGG(1.0),Social expenditure aggregates,I,USA,United States,A,Annual,SOCX,Social expenditure,PT_B1GQ,Percentage of GDP,ES10,Public,_T,Total,TP31,Incapacity related,_Z,Not applicable,2023,,0.813,,A,Normal value,0,Units,1,One,_Z,Not applicable,,
DATAFLOW,OECD.ELS.SPD:DSD_SOCX_AGG@DF_SOCX_AGG(1.0),Social expenditure aggregates,I,USA,United States,A,Annual,SOCX,Social expenditure,PT_B1GQ,Percentage of GDP,ES10,Public,C,In cash spending,TP31,Incapacity related,_Z,Not applicable,1990,,0.97,,A,Normal value,0,Units,1,One,_Z,Not applicable,,
DATAFLOW,OECD.ELS.SPD:DSD_SOCX_AGG@DF_SOCX_AGG(1.0),Social expenditure aggregates,I,USA,United States,A,Annual,SOCX,Social expenditure,PT_B1GQ,Percentage of GDP,ES10,Public,C,In cash spending,TP31,Incapacity related,_Z,Not applicable,1991,,1.04,,A,Normal value,0,Units,1,One,_Z,Not applicable,,
DATAFLOW,OECD.ELS.SPD:DSD_SOCX_AGG@DF_SOCX_AGG(1.0),Social expenditure aggregates,I,USA,United States,A,Annual,SOCX,Social expenditure,PT_B1GQ,Percentage of GDP,ES10,Public,C,In cash spending,TP31,Incapacity related,_Z,Not applicable,1992,,1.116,,A,Normal value,0,Units,1,One,_Z,Not applicable,,
DATAFLOW,OECD.ELS.SPD:DSD_SOCX_AGG@DF_SOCX_AGG(1.0),Social expenditure aggregates,I,USA,United States,A,Annual,SOCX,Social expenditure,PT_B1GQ,Percentage of GDP,ES10,Public,C,In cash spending,TP31,Incapacity related,_Z,Not applicable,1993,,1.145,,A,Normal value,0,Units,1,One,_Z,Not applicable,,
DATAFLOW,OECD.ELS.SPD:DSD_SOCX_AGG@DF_SOCX_AGG(1.0),Social expenditure aggregates,I,USA,United States,A,Annual,SOCX,Social expenditure,PT_B1GQ,Percentage of GDP,ES10,Public,C,In cash spending,TP31,Incapacity related,_Z,Not applicable,1994,,1.147,,A,Normal value,0,Units,1,One,_Z,Not applicable,,
DATAFLOW,OECD.ELS.SPD:DSD_SOCX_AGG@DF_SOCX_AGG(1.0),Social expenditure aggregates,I,USA,United States,A,Annual,SOCX,Social expenditure,PT_B1GQ,Percentage of GDP,ES10,Public,C,In cash spending,TP31,Incapacity related,_Z,Not applicable,1995,,0.966,,A,Normal value,0,Units,1,One,_Z,Not applicable,,
DATAFLOW,OECD.ELS.SPD:DSD_SOCX_AGG@DF_SOCX_AGG(1.0),Social expenditure aggregates,I,USA,United States,A,Annual,SOCX,Social expenditure,PT_B1GQ,Percentage of GDP,ES10,Public,C,In cash spending,TP31,Incapacity related,_Z,Not applicable,1996,,0.966,,A,Normal value,0,Units,1,One,_Z,Not applicable,,
DATAFLOW,OECD.ELS.SPD:DSD_SOCX_AGG@DF_SOCX_AGG(1.0),Social expenditure aggregates,I,USA,United States,A,Annual,SOCX,Social expenditure,PT_B1GQ,Percentage of GDP,ES10,Public,C,In cash spending,TP31,Incapacity related,_Z,Not applicable,1997,,0.923,,A,Normal value,0,Units,1,One,_Z,Not applicable,,
DATAFLOW,OECD.ELS.SPD:DSD_SOCX_AGG@DF_SOCX_AGG(1.0),Social expenditure aggregates,I,USA,United States,A,Annual,SOCX,Social expenditure,PT_B1GQ,Percentage of GDP,ES10,Public,C,In cash spending,TP31,Incapacity related,_Z,Not applicable,1998,,0.915,,A,Normal value,0,Units,1,One,_Z,Not applicable,,
DATAFLOW,OECD.ELS.SPD:DSD_SOCX_AGG@DF_SOCX_AGG(1.0),Social expenditure aggregates,I,USA,United States,A,Annual,SOCX,Social expenditure,PT_B1GQ,Percentage of GDP,ES10,Public,C,In cash spending,TP31,Incapacity related,_Z,Not applicable,1999,,0.896,,A,Normal value,0,Units,1,One,_Z,Not applicable,,
DATAFLOW,OECD.ELS.SPD:DSD_SOCX_AGG@DF_SOCX_AGG(1.0),Social expenditure aggregates,I,USA,United States,A,Annual,SOCX,Social expenditure,PT_B1GQ,Percentage of GDP,ES10,Public,C,In cash spending,TP31,Incapacity related,_Z,Not applicable,2000,,0.887,,A,Normal value,0,Units,1,One,_Z,Not applicable,,
DATAFLOW,OECD.ELS.SPD:DSD_SOCX_AGG@DF_SOCX_AGG(1.0),Social expenditure aggregates,I,USA,United States,A,Annual,SOCX,Social expenditure,PT_B1GQ,Percentage of GDP,ES10,Public,C,In cash spending,TP31,Incapacity related,_Z,Not applicable,2001,,0.917,,A,Normal value,0,Units,1,One,_Z,Not applicable,,
DATAFLOW,OECD.ELS.SPD:DSD_SOCX_AGG@DF_SOCX_AGG(1.0),Social expenditure aggregates,I,USA,United States,A,Annual,SOCX,Social expenditure,PT_B1GQ,Percentage of GDP,ES10,Public,C,In cash spending,TP31,Incapacity related,_Z,Not applicable,2002,,0.966,,A,Normal value,0,Units,1,One,_Z,Not applicable,,
DATAFLOW,OECD.ELS.SPD:DSD_SOCX_AGG@DF_SOCX_AGG(1.0),Social expenditure aggregates,I,USA,United States,A,Annual,SOCX,Social expenditure,PT_B1GQ,Percentage of GDP,ES10,Public,C,In cash spending,TP31,Incapacity related,_Z,Not applicable,2003,,0.986,,A,Normal value,0,Units,1,One,_Z,Not applicable,,
DATAFLOW,OECD.ELS.SPD:DSD_SOCX_AGG@DF_SOCX_AGG(1.0),Social expenditure aggregates,I,USA,United States,A,Annual,SOCX,Social expenditure,PT_B1GQ,Percentage of GDP,ES10,Public,C,In cash spending,TP31,Incapacity related,_Z,Not applicable,2004,,1.006,,A,Normal value,0,Units,1,One,_Z,Not applicable,,
DATAFLOW,OECD.ELS.SPD:DSD_SOCX_AGG@DF_SOCX_AGG(1.0),Social expenditure aggregates,I,USA,United States,A,Annual,SOCX,Social expenditure,PT_B1GQ,Percentage of GDP,ES10,Public,C,In cash spending,TP31,Incapacity related,_Z,Not applicable,2005,,1.007,,A,Normal value,0,Units,1,One,_Z,Not applicable,,
DATAFLOW,OECD.ELS.SPD:DSD_SOCX_AGG@DF_SOCX_AGG(1.0),Social expenditure aggregates,I,USA,United States,A,Annual,SOCX,Social expenditure,PT_B1GQ,Percentage of GDP,ES10,Public,C,In cash spending,TP31,Incapacity related,_Z,Not applicable,2006,,1.014,,A,Normal value,0,Units,1,One,_Z,Not applicable,,
DATAFLOW,OECD.ELS.SPD:DSD_SOCX_AGG@DF_SOCX_AGG(1.0),Social expenditure aggregates,I,USA,United States,A,Annual,SOCX,Social expenditure,PT_B1GQ,Percentage of GDP,ES10,Public,C,In cash spending,TP31,Incapacity related,_Z,Not applicable,2007,,1.023,,A,Normal value,0,Units,1,One,_Z,Not applicable,,
DATAFLOW,OECD.ELS.SPD:DSD_SOCX_AGG@DF_SOCX_AGG(1.0),Social expenditure aggregates,I,USA,United States,A,Annual,SOCX,Social expenditure,PT_B1GQ,Percentage of GDP,ES10,Public,C,In cash spending,TP31,Incapacity related,_Z,Not applicable,2008,,1.061,,A,Normal value,0,Units,1,One,_Z,Not applicable,,
DATAFLOW,OECD.ELS.SPD:DSD_SOCX_AGG@DF_SOCX_AGG(1.0),Social expenditure aggregates,I,USA,United States,A,Annual,SOCX,Social expenditure,PT_B1GQ,Percentage of GDP,ES10,Public,C,In cash spending,TP31,Incapacity related,_Z,Not applicable,2009,,1.179,,A,Normal value,0,Units,1,One,_Z,Not applicable,,
DATAFLOW,OECD.ELS.SPD:DSD_SOCX_AGG@DF_SOCX_AGG(1.0),Social expenditure aggregates,I,USA,United States,A,Annual,SOCX,Social expenditure,PT_B1GQ,Percentage of GDP,ES10,Public,C,In cash spending,TP31,Incapacity related,_Z,Not applicable,2010,,1.202,,A,Normal value,0,Units,1,One,_Z,Not applicable,,
DATAFLOW,OECD.ELS.SPD:DSD_SOCX_AGG@DF_SOCX_AGG(1.0),Social expenditure aggregates,I,USA,United States,A,Annual,SOCX,Social expenditure,PT_B1GQ,Percentage of GDP,ES10,Public,C,In cash spending,TP31,Incapacity related,_Z,Not applicable,2011,,1.202,,A,Normal value,0,Units,1,One,_Z,Not applicable,,
DATAFLOW,OECD.ELS.SPD:DSD_SOCX_AGG@DF_SOCX_AGG(1.0),Social expenditure aggregates,I,USA,United States,A,Annual,SOCX,Social expenditure,PT_B1GQ,Percentage of GDP,ES10,Public,C,In cash spending,TP31,Incapacity related,_Z,Not applicable,2012,,1.222,,A,Normal value,0,Units,1,One,_Z,Not applicable,,
DATAFLOW,OECD.ELS.SPD:DSD_SOCX_AGG@DF_SOCX_AGG(1.0),Social expenditure aggregates,I,USA,United States,A,Annual,SOCX,Social expenditure,PT_B1GQ,Percentage of GDP,ES10,Public,C,In cash spending,TP31,Incapacity related,_Z,Not applicable,2013,,1.205,,A,Normal value,0,Units,1,One,_Z,Not applicable,,
DATAFLOW,OECD.ELS.SPD:DSD_SOCX_AGG@DF_SOCX_AGG(1.0),Social expenditure aggregates,I,USA,United States,A,Annual,SOCX,Social expenditure,PT_B1GQ,Percentage of GDP,ES10,Public,C,In cash spending,TP31,Incapacity related,_Z,Not applicable,2014,,1.169,,A,Normal value,0,Units,1,One,_Z,Not applicable,,
DATAFLOW,OECD.ELS.SPD:DSD_SOCX_AGG@DF_SOCX_AGG(1.0),Social expenditure aggregates,I,USA,United States,A,Annual,SOCX,Social expenditure,PT_B1GQ,Percentage of GDP,ES10,Public,C,In cash spending,TP31,Incapacity related,_Z,Not applicable,2015,,1.134,,A,Normal value,0,Units,1,One,_Z,Not applicable,,
DATAFLOW,OECD.ELS.SPD:DSD_SOCX_AGG@DF_SOCX_AGG(1.0),Social expenditure aggregates,I,USA,United States,A,Annual,SOCX,Social expenditure,PT_B1GQ,Percentage of GDP,ES10,Public,C,In cash spending,TP31,Incapacity related,_Z,Not applicable,2016,,1.096,,A,Normal value,0,Units,1,One,_Z,Not applicable,,
DATAFLOW,OECD.ELS.SPD:DSD_SOCX_AGG@DF_SOCX_AGG(1.0),Social expenditure aggregates,I,USA,United States,A,Annual,SOCX,Social expenditure,PT_B1GQ,Percentage of GDP,ES10,Public,C,In cash spending,TP31,Incapacity related,_Z,Not applicable,2017,,1.053,,A,Normal value,0,Units,1,One,_Z,Not applicable,,
DATAFLOW,OECD.ELS.SPD:DSD_SOCX_AGG@DF_SOCX_AGG(1.0),Social expenditure aggregates,I,USA,United States,A,Annual,SOCX,Social expenditure,PT_B1GQ,Percentage of GDP,ES10,Public,C,In cash spending,TP31,Incapacity related,_Z,Not applicable,2018,,1.008,,A,Normal value,0,Units,1,One,_Z,Not applicable,,
DATAFLOW,OECD.ELS.SPD:DSD_SOCX_AGG@DF_SOCX_AGG(1.0),Social expenditure aggregates,I,USA,United States,A,Annual,SOCX,Social expenditure,PT_B1GQ,Percentage of GDP,ES10,Public,C,In cash spending,TP31,Incapacity related,_Z,Not applicable,2019,,0.976,,A,Normal value,0,Units,1,One,_Z,Not applicable,,
DATAFLOW,OECD.ELS.SPD:DSD_SOCX_AGG@DF_SOCX_AGG(1.0),Social expenditure aggregates,I,USA,United States,A,Annual,SOCX,Social expenditure,PT_B1GQ,Percentage of GDP,ES10,Public,C,In cash spending,TP31,Incapacity related,_Z,Not applicable,2020,,0.967,,A,Normal value,0,Units,1,One,_Z,Not applicable,,
DATAFLOW,OECD.ELS.SPD:DSD_SOCX_AGG@DF_SOCX_AGG(1.0),Social expenditure aggregates,I,USA,United States,A,Annual,SOCX,Social expenditure,PT_B1GQ,Percentage of GDP,ES10,Public,C,In cash spending,TP31,Incapacity related,_Z,Not applicable,2021,,0.879,,A,Normal value,0,Units,1,One,_Z,Not applicable,,
DATAFLOW,OECD.ELS.SPD:DSD_SOCX_AGG@DF_SOCX_AGG(1.0),Social expenditure aggregates,I,USA,United States,A,Annual,SOCX,Social expenditure,PT_B1GQ,Percentage of GDP,ES10,Public,C,In cash spending,TP31,Incapacity related,_Z,Not applicable,2022,,0.824,,A,Normal value,0,Units,1,One,_Z,Not applicable,,
DATAFLOW,OECD.ELS.SPD:DSD_SOCX_AGG@DF_SOCX_AGG(1.0),Social expenditure aggregates,I,USA,United States,A,Annual,SOCX,Social expenditure,PT_B1GQ,Percentage of GDP,ES10,Public,C,In cash spending,TP31,Incapacity related,_Z,Not applicable,2023,,0.813,,A,Normal value,0,Units,1,One,_Z,Not applicable,,
DATAFLOW,OECD.ELS.SPD:DSD_SOCX_AGG@DF_SOCX_AGG(1.0),Social expenditure aggregates,I,NZL,New Zealand,A,Annual,SOCX,Social expenditure,PT_B1GQ,Percentage of GDP,ES10,Public,C,In cash spending,TP31,Incapacity related,_Z,Not applicable,1990,,2.704,,A,Normal value,0,Units,1,One,_Z,Not applicable,,
DATAFLOW,OECD.ELS.SPD:DSD_SOCX_AGG@DF_SOCX_AGG(1.0),Social expenditure aggregates,I,NZL,New Zealand,A,Annual,SOCX,Social expenditure,PT_B1GQ,Percentage of GDP,ES10,Public,C,In cash spending,TP31,Incapacity related,_Z,Not applicable,1991,,2.764,,A,Normal value,0,Units,1,One,_Z,Not applicable,,
DATAFLOW,OECD.ELS.SPD:DSD_SOCX_AGG@DF_SOCX_AGG(1.0),Social expenditure aggregates,I,NZL,New Zealand,A,Annual,SOCX,Social expenditure,PT_B1GQ,Percentage of GDP,ES10,Public,C,In cash spending,TP31,Incapacity related,_Z,Not applicable,1992,,2.939,,A,Normal value,0,Units,1,One,_Z,Not applicable,,
DATAFLOW,OECD.ELS.SPD:DSD_SOCX_AGG@DF_SOCX_AGG(1.0),Social expenditure aggregates,I,NZL,New Zealand,A,Annual,SOCX,Social expenditure,PT_B1GQ,Percentage of GDP,ES10,Public,C,In cash spending,TP31,Incapacity related,_Z,Not applicable,1993,,2.82,,A,Normal value,0,Units,1,One,_Z,Not applicable,,
DATAFLOW,OECD.ELS.SPD:DSD_SOCX_AGG@DF_SOCX_AGG(1.0),Social expenditure aggregates,I,NZL,New Zealand,A,Annual,SOCX,Social expenditure,PT_B1GQ,Percentage of GDP,ES10,Public,C,In cash spending,TP31,Incapacity related,_Z,Not applicable,1994,,2.673,,A,Normal value,0,Units,1,One,_Z,Not applicable,,
DATAFLOW,OECD.ELS.SPD:DSD_SOCX_AGG@DF_SOCX_AGG(1.0),Social expenditure aggregates,I,NZL,New Zealand,A,Annual,SOCX,Social expenditure,PT_B1GQ,Percentage of GDP,ES10,Public,C,In cash spending,TP31,Incapacity related,_Z,Not applicable,1995,,2.602,,A,Normal value,0,Units,1,One,_Z,Not applicable,,
DATAFLOW,OECD.ELS.SPD:DSD_SOCX_AGG@DF_SOCX_AGG(1.0),Social expenditure aggregates,I,NZL,New Zealand,A,Annual,SOCX,Social expenditure,PT_B1GQ,Percentage of GDP,ES10,Public,C,In cash spending,TP31,Incapacity related,_Z,Not applicable,1996,,2.637,,A,Normal value,0,Units,1,One,_Z,Not applicable,,
DATAFLOW,OECD.ELS.SPD:DSD_SOCX_AGG@DF_SOCX_AGG(1.0),Social expenditure aggregates,I,NZL,New Zealand,A,Annual,SOCX,Social expenditure,PT_B1GQ,Percentage of GDP,ES10,Public,C,In cash spending,TP31,Incapacity related,_Z,Not applicable,1997,,2.81,,A,Normal value,0,Units,1,One,_Z,Not applicable,,
DATAFLOW,OECD.ELS.SPD:DSD_SOCX_AGG@DF_SOCX_AGG(1.0),Social expenditure aggregates,I,NZL,New Zealand,A,Annual,SOCX,Social expenditure,PT_B1GQ,Percentage of GDP,ES10,Public,C,In cash spending,TP31,Incapacity related,_Z,Not applicable,1998,,2.71,,A,Normal value,0,Units,1,One,_Z,Not applicable,,
DATAFLOW,OECD.ELS.SPD:DSD_SOCX_AGG@DF_SOCX_AGG(1.0),Social expenditure aggregates,I,NZL,New Zealand,A,Annual,SOCX,Social expenditure,PT_B1GQ,Percentage of GDP,ES10,Public,C,In cash spending,TP31,Incapacity related,_Z,Not applicable,1999,,2.563,,A,Normal value,0,Units,1,One,_Z,Not applicable,,
DATAFLOW,OECD.ELS.SPD:DSD_SOCX_AGG@DF_SOCX_AGG(1.0),Social expenditure aggregates,I,NZL,New Zealand,A,Annual,SOCX,Social expenditure,PT_B1GQ,Percentage of GDP,ES10,Public,C,In cash spending,TP31,Incapacity related,_Z,Not applicable,2000,,2.61,,A,Normal value,0,Units,1,One,_Z,Not applicable,,
DATAFLOW,OECD.ELS.SPD:DSD_SOCX_AGG@DF_SOCX_AGG(1.0),Social expenditure aggregates,I,NZL,New Zealand,A,Annual,SOCX,Social expenditure,PT_B1GQ,Percentage of GDP,ES10,Public,C,In cash spending,TP31,Incapacity related,_Z,Not applicable,2001,,2.628,,A,Normal value,0,Units,1,One,_Z,Not applicable,,
DATAFLOW,OECD.ELS.SPD:DSD_SOCX_AGG@DF_SOCX_AGG(1.0),Social expenditure aggregates,I,NZL,New Zealand,A,Annual,SOCX,Social expenditure,PT_B1GQ,Percentage of GDP,ES10,Public,C,In cash spending,TP31,Incapacity related,_Z,Not applicable,2002,,2.685,,A,Normal value,0,Units,1,One,_Z,Not applicable,,
DATAFLOW,OECD.ELS.SPD:DSD_SOCX_AGG@DF_SOCX_AGG(1.0),Social expenditure aggregates,I,NZL,New Zealand,A,Annual,SOCX,Social expenditure,PT_B1GQ,Percentage of GDP,ES10,Public,C,In cash spending,TP31,Incapacity related,_Z,Not applicable,2003,,2.714,,A,Normal value,0,Units,1,One,_Z,Not applicable,,
DATAFLOW,OECD.ELS.SPD:DSD_SOCX_AGG@DF_SOCX_AGG(1.0),Social expenditure aggregates,I,NZL,New Zealand,A,Annual,SOCX,Social expenditure,PT_B1GQ,Percentage of GDP,ES10,Public,C,In cash spending,TP31,Incapacity related,_Z,Not applicable,2004,,2.716,,A,Normal value,0,Units,1,One,_Z,Not applicable,,
DATAFLOW,OECD.ELS.SPD:DSD_SOCX_AGG@DF_SOCX_AGG(1.0),Social expenditure aggregates,I,NZL,New Zealand,A,Annual,SOCX,Social expenditure,PT_B1GQ,Percentage of GDP,ES10,Public,C,In cash spending,TP31,Incapacity related,_Z,Not applicable,2005,,2.762,,A,Normal value,0,Units,1,One,_Z,Not applicable,,
DATAFLOW,OECD.ELS.SPD:DSD_SOCX_AGG@DF_SOCX_AGG(1.0),Social expenditure aggregates,I,NZL,New Zealand,A,Annual,SOCX,Social expenditure,PT_B1GQ,Percentage of GDP,ES10,Public,C,In cash spending,TP31,Incapacity related,_Z,Not applicable,2006,,2.442,,A,Normal value,0,Units,1,One,_Z,Not applicable,,
DATAFLOW,OECD.ELS.SPD:DSD_SOCX_AGG@DF_SOCX_AGG(1.0),Social expenditure aggregates,I,NZL,New Zealand,A,Annual,SOCX,Social expenditure,PT_B1GQ,Percentage of GDP,ES10,Public,C,In cash spending,TP31,Incapacity related,_Z,Not applicable,2007,,2.823,,A,Normal value,0,Units,1,One,_Z,Not applicable,,
DATAFLOW,OECD.ELS.SPD:DSD_SOCX_AGG@DF_SOCX_AGG(1.0),Social expenditure aggregates,I,NZL,New Zealand,A,Annual,SOCX,Social expenditure,PT_B1GQ,Percentage of GDP,ES10,Public,C,In cash spending,TP31,Incapacity related,_Z,Not applicable,2008,,2.931,,A,Normal value,0,Units,1,One,_Z,Not applicable,,
DATAFLOW,OECD.ELS.SPD:DSD_SOCX_AGG@DF_SOCX_AGG(1.0),Social expenditure aggregates,I,NZL,New Zealand,A,Annual,SOCX,Social expenditure,PT_B1GQ,Percentage of GDP,ES10,Public,C,In cash spending,TP31,Incapacity related,_Z,Not applicable,2009,,2.703,,A,Normal value,0,Units,1,One,_Z,Not applicable,,
DATAFLOW,OECD.ELS.SPD:DSD_SOCX_AGG@DF_SOCX_AGG(1.0),Social expenditure aggregates,I,NZL,New Zealand,A,Annual,SOCX,Social expenditure,PT_B1GQ,Percentage of GDP,ES10,Public,C,In cash spending,TP31,Incapacity related,_Z,Not applicable,2010,,2.468,,A,Normal value,0,Units,1,One,_Z,Not applicable,,
DATAFLOW,OECD.ELS.SPD:DSD_SOCX_AGG@DF_SOCX_AGG(1.0),Social expenditure aggregates,I,NZL,New Zealand,A,Annual,SOCX,Social expenditure,PT_B1GQ,Percentage of GDP,ES10,Public,C,In cash spending,TP31,Incapacity related,_Z,Not applicable,2011,,2.372,,A,Normal value,0,Units,1,One,_Z,Not applicable,,
DATAFLOW,OECD.ELS.SPD:DSD_SOCX_AGG@DF_SOCX_AGG(1.0),Social expenditure aggregates,I,NZL,New Zealand,A,Annual,SOCX,Social expenditure,PT_B1GQ,Percentage of GDP,ES10,Public,C,In cash spending,TP31,Incapacity related,_Z,Not applicable,2012,,2.348,,A,Normal value,0,Units,1,One,_Z,Not applicable,,
DATAFLOW,OECD.ELS.SPD:DSD_SOCX_AGG@DF_SOCX_AGG(1.0),Social expenditure aggregates,I,NZL,New Zealand,A,Annual,SOCX,Social expenditure,PT_B1GQ,Percentage of GDP,ES10,Public,C,In cash spending,TP31,Incapacity related,_Z,Not applicable,2013,,2.462,,A,Normal value,0,Units,1,One,_Z,Not applicable,,
DATAFLOW,OECD.ELS.SPD:DSD_SOCX_AGG@DF_SOCX_AGG(1.0),Social expenditure aggregates,I,NZL,New Zealand,A,Annual,SOCX,Social expenditure,PT_B1GQ,Percentage of GDP,ES10,Public,C,In cash spending,TP31,Incapacity related,_Z,Not applicable,2014,,2.451,,A,Normal value,0,Units,1,One,_Z,Not applicable,,
DATAFLOW,OECD.ELS.SPD:DSD_SOCX_AGG@DF_SOCX_AGG(1.0),Social expenditure aggregates,I,NZL,New Zealand,A,Annual,SOCX,Social expenditure,PT_B1GQ,Percentage of GDP,ES10,Public,C,In cash spending,TP31,Incapacity related,_Z,Not applicable,2015,,2.421,,A,Normal value,0,Units,1,One,_Z,Not applicable,,
DATAFLOW,OECD.ELS.SPD:DSD_SOCX_AGG@DF_SOCX_AGG(1.0),Social expenditure aggregates,I,NZL,New Zealand,A,Annual,SOCX,Social expenditure,PT_B1GQ,Percentage of GDP,ES10,Public,C,In cash spending,TP31,Incapacity related,_Z,Not applicable,2016,,2.366,,A,Normal value,0,Units,1,One,_Z,Not applicable,,
DATAFLOW,OECD.ELS.SPD:DSD_SOCX_AGG@DF_SOCX_AGG(1.0),Social expenditure aggregates,I,NZL,New Zealand,A,Annual,SOCX,Social expenditure,PT_B1GQ,Percentage of GDP,ES10,Public,C,In cash spending,TP31,Incapacity related,_Z,Not applicable,2017,,2.324,,A,Normal value,0,Units,1,One,_Z,Not applicable,,
DATAFLOW,OECD.ELS.SPD:DSD_SOCX_AGG@DF_SOCX_AGG(1.0),Social expenditure aggregates,I,NZL,New Zealand,A,Annual,SOCX,Social expenditure,PT_B1GQ,Percentage of GDP,ES10,Public,C,In cash spending,TP31,Incapacity related,_Z,Not applicable,2018,,2.347,,A,Normal value,0,Units,1,One,_Z,Not applicable,,
DATAFLOW,OECD.ELS.SPD:DSD_SOCX_AGG@DF_SOCX_AGG(1.0),Social expenditure aggregates,I,NZL,New Zealand,A,Annual,SOCX,Social expenditure,PT_B1GQ,Percentage of GDP,ES10,Public,C,In cash spending,TP31,Incapacity related,_Z,Not applicable,2019,,2.365,,A,Normal value,0,Units,1,One,_Z,Not applicable,,
DATAFLOW,OECD.ELS.SPD:DSD_SOCX_AGG@DF_SOCX_AGG(1.0),Social expenditure aggregates,I,NZL,New Zealand,A,Annual,SOCX,Social expenditure,PT_B1GQ,Percentage of GDP,ES10,Public,C,In cash spending,TP31,Incapacity related,_Z,Not applicable,2020,,2.635,,A,Normal value,0,Units,1,One,_Z,Not applicable,,
DATAFLOW,OECD.ELS.SPD:DSD_SOCX_AGG@DF_SOCX_AGG(1.0),Social expenditure aggregates,I,NZL,New Zealand,A,Annual,SOCX,Social expenditure,PT_B1GQ,Percentage of GDP,ES10,Public,C,In cash spending,TP31,Incapacity related,_Z,Not applicable,2021,,2.582,,A,Normal value,0,Units,1,One,_Z,Not applicable,,
DATAFLOW,OECD.ELS.SPD:DSD_SOCX_AGG@DF_SOCX_AGG(1.0),Social expenditure aggregates,I,NZL,New Zealand,A,Annual,SOCX,Social expenditure,PT_B1GQ,Percentage of GDP,ES10,Public,C,In cash spending,TP31,Incapacity related,_Z,Not applicable,2022,,2.679,,A,Normal value,0,Units,1,One,_Z,Not applicable,,
DATAFLOW,OECD.ELS.SPD:DSD_SOCX_AGG@DF_SOCX_AGG(1.0),Social expenditure aggregates,I,NZL,New Zealand,A,Annual,SOCX,Social expenditure,PT_B1GQ,Percentage of GDP,ES10,Public,_T,Total,TP31,Incapacity related,_Z,Not applicable,1990,,2.788,,A,Normal value,0,Units,1,One,_Z,Not applicable,,
DATAFLOW,OECD.ELS.SPD:DSD_SOCX_AGG@DF_SOCX_AGG(1.0),Social expenditure aggregates,I,NZL,New Zealand,A,Annual,SOCX,Social expenditure,PT_B1GQ,Percentage of GDP,ES10,Public,_T,Total,TP31,Incapacity related,_Z,Not applicable,1991,,2.853,,A,Normal value,0,Units,1,One,_Z,Not applicable,,
DATAFLOW,OECD.ELS.SPD:DSD_SOCX_AGG@DF_SOCX_AGG(1.0),Social expenditure aggregates,I,NZL,New Zealand,A,Annual,SOCX,Social expenditure,PT_B1GQ,Percentage of GDP,ES10,Public,_T,Total,TP31,Incapacity related,_Z,Not applicable,1992,,3.027,,A,Normal value,0,Units,1,One,_Z,Not applicable,,
DATAFLOW,OECD.ELS.SPD:DSD_SOCX_AGG@DF_SOCX_AGG(1.0),Social expenditure aggregates,I,NZL,New Zealand,A,Annual,SOCX,Social expenditure,PT_B1GQ,Percentage of GDP,ES10,Public,_T,Total,TP31,Incapacity related,_Z,Not applicable,1993,,2.846,,A,Normal value,0,Units,1,One,_Z,Not applicable,,
DATAFLOW,OECD.ELS.SPD:DSD_SOCX_AGG@DF_SOCX_AGG(1.0),Social expenditure aggregates,I,NZL,New Zealand,A,Annual,SOCX,Social expenditure,PT_B1GQ,Percentage of GDP,ES10,Public,_T,Total,TP31,Incapacity related,_Z,Not applicable,1994,,2.697,,A,Normal value,0,Units,1,One,_Z,Not applicable,,
DATAFLOW,OECD.ELS.SPD:DSD_SOCX_AGG@DF_SOCX_AGG(1.0),Social expenditure aggregates,I,NZL,New Zealand,A,Annual,SOCX,Social expenditure,PT_B1GQ,Percentage of GDP,ES10,Public,_T,Total,TP31,Incapacity related,_Z,Not applicable,1995,,2.604,,A,Normal value,0,Units,1,One,_Z,Not applicable,,
DATAFLOW,OECD.ELS.SPD:DSD_SOCX_AGG@DF_SOCX_AGG(1.0),Social expenditure aggregates,I,NZL,New Zealand,A,Annual,SOCX,Social expenditure,PT_B1GQ,Percentage of GDP,ES10,Public,_T,Total,TP31,Incapacity related,_Z,Not applicable,1996,,2.638,,A,Normal value,0,Units,1,One,_Z,Not applicable,,
DATAFLOW,OECD.ELS.SPD:DSD_SOCX_AGG@DF_SOCX_AGG(1.0),Social expenditure aggregates,I,NZL,New Zealand,A,Annual,SOCX,Social expenditure,PT_B1GQ,Percentage of GDP,ES10,Public,_T,Total,TP31,Incapacity related,_Z,Not applicable,1997,,2.812,,A,Normal value,0,Units,1,One,_Z,Not applicable,,
DATAFLOW,OECD.ELS.SPD:DSD_SOCX_AGG@DF_SOCX_AGG(1.0),Social expenditure aggregates,I,NZL,New Zealand,A,Annual,SOCX,Social expenditure,PT_B1GQ,Percentage of GDP,ES10,Public,_T,Total,TP31,Incapacity related,_Z,Not applicable,1998,,2.71,,A,Normal value,0,Units,1,One,_Z,Not applicable,,
DATAFLOW,OECD.ELS.SPD:DSD_SOCX_AGG@DF_SOCX_AGG(1.0),Social expenditure aggregates,I,NZL,New Zealand,A,Annual,SOCX,Social expenditure,PT_B1GQ,Percentage of GDP,ES10,Public,_T,Total,TP31,Incapacity related,_Z,Not applicable,1999,,2.563,,A,Normal value,0,Units,1,One,_Z,Not applicable,,
DATAFLOW,OECD.ELS.SPD:DSD_SOCX_AGG@DF_SOCX_AGG(1.0),Social expenditure aggregates,I,NZL,New Zealand,A,Annual,SOCX,Social expenditure,PT_B1GQ,Percentage of GDP,ES10,Public,_T,Total,TP31,Incapacity related,_Z,Not applicable,2000,,2.61,,A,Normal value,0,Units,1,One,_Z,Not applicable,,
DATAFLOW,OECD.ELS.SPD:DSD_SOCX_AGG@DF_SOCX_AGG(1.0),Social expenditure aggregates,I,NZL,New Zealand,A,Annual,SOCX,Social expenditure,PT_B1GQ,Percentage of GDP,ES10,Public,_T,Total,TP31,Incapacity related,_Z,Not applicable,2001,,2.628,,A,Normal value,0,Units,1,One,_Z,Not applicable,,
DATAFLOW,OECD.ELS.SPD:DSD_SOCX_AGG@DF_SOCX_AGG(1.0),Social expenditure aggregates,I,NZL,New Zealand,A,Annual,SOCX,Social expenditure,PT_B1GQ,Percentage of GDP,ES10,Public,_T,Total,TP31,Incapacity related,_Z,Not applicable,2002,,2.685,,A,Normal value,0,Units,1,One,_Z,Not applicable,,
DATAFLOW,OECD.ELS.SPD:DSD_SOCX_AGG@DF_SOCX_AGG(1.0),Social expenditure aggregates,I,NZL,New Zealand,A,Annual,SOCX,Social expenditure,PT_B1GQ,Percentage of GDP,ES10,Public,_T,Total,TP31,Incapacity related,_Z,Not applicable,2003,,2.714,,A,Normal value,0,Units,1,One,_Z,Not applicable,,
DATAFLOW,OECD.ELS.SPD:DSD_SOCX_AGG@DF_SOCX_AGG(1.0),Social expenditure aggregates,I,NZL,New Zealand,A,Annual,SOCX,Social expenditure,PT_B1GQ,Percentage of GDP,ES10,Public,_T,Total,TP31,Incapacity related,_Z,Not applicable,2004,,2.717,,A,Normal value,0,Units,1,One,_Z,Not applicable,,
DATAFLOW,OECD.ELS.SPD:DSD_SOCX_AGG@DF_SOCX_AGG(1.0),Social expenditure aggregates,I,NZL,New Zealand,A,Annual,SOCX,Social expenditure,PT_B1GQ,Percentage of GDP,ES10,Public,_T,Total,TP31,Incapacity related,_Z,Not applicable,2005,,2.772,,A,Normal value,0,Units,1,One,_Z,Not applicable,,
DATAFLOW,OECD.ELS.SPD:DSD_SOCX_AGG@DF_SOCX_AGG(1.0),Social expenditure aggregates,I,NZL,New Zealand,A,Annual,SOCX,Social expenditure,PT_B1GQ,Percentage of GDP,ES10,Public,_T,Total,TP31,Incapacity related,_Z,Not applicable,2006,,2.454,,A,Normal value,0,Units,1,One,_Z,Not applicable,,
DATAFLOW,OECD.ELS.SPD:DSD_SOCX_AGG@DF_SOCX_AGG(1.0),Social expenditure aggregates,I,NZL,New Zealand,A,Annual,SOCX,Social expenditure,PT_B1GQ,Percentage of GDP,ES10,Public,_T,Total,TP31,Incapacity related,_Z,Not applicable,2007,,2.834,,A,Normal value,0,Units,1,One,_Z,Not applicable,,
DATAFLOW,OECD.ELS.SPD:DSD_SOCX_AGG@DF_SOCX_AGG(1.0),Social expenditure aggregates,I,NZL,New Zealand,A,Annual,SOCX,Social expenditure,PT_B1GQ,Percentage of GDP,ES10,Public,_T,Total,TP31,Incapacity related,_Z,Not applicable,2008,,2.943,,A,Normal value,0,Units,1,One,_Z,Not applicable,,
DATAFLOW,OECD.ELS.SPD:DSD_SOCX_AGG@DF_SOCX_AGG(1.0),Social expenditure aggregates,I,NZL,New Zealand,A,Annual,SOCX,Social expenditure,PT_B1GQ,Percentage of GDP,ES10,Public,_T,Total,TP31,Incapacity related,_Z,Not applicable,2009,,2.759,,A,Normal value,0,Units,1,One,_Z,Not applicable,,
DATAFLOW,OECD.ELS.SPD:DSD_SOCX_AGG@DF_SOCX_AGG(1.0),Social expenditure aggregates,I,NZL,New Zealand,A,Annual,SOCX,Social expenditure,PT_B1GQ,Percentage of GDP,ES10,Public,_T,Total,TP31,Incapacity related,_Z,Not applicable,2010,,2.521,,A,Normal value,0,Units,1,One,_Z,Not applicable,,
DATAFLOW,OECD.ELS.SPD:DSD_SOCX_AGG@DF_SOCX_AGG(1.0),Social expenditure aggregates,I,NZL,New Zealand,A,Annual,SOCX,Social expenditure,PT_B1GQ,Percentage of GDP,ES10,Public,_T,Total,TP31,Incapacity related,_Z,Not applicable,2011,,2.424,,A,Normal value,0,Units,1,One,_Z,Not applicable,,
DATAFLOW,OECD.ELS.SPD:DSD_SOCX_AGG@DF_SOCX_AGG(1.0),Social expenditure aggregates,I,NZL,New Zealand,A,Annual,SOCX,Social expenditure,PT_B1GQ,Percentage of GDP,ES10,Public,_T,Total,TP31,Incapacity related,_Z,Not applicable,2012,,2.398,,A,Normal value,0,Units,1,One,_Z,Not applicable,,
DATAFLOW,OECD.ELS.SPD:DSD_SOCX_AGG@DF_SOCX_AGG(1.0),Social expenditure aggregates,I,NZL,New Zealand,A,Annual,SOCX,Social expenditure,PT_B1GQ,Percentage of GDP,ES10,Public,_T,Total,TP31,Incapacity related,_Z,Not applicable,2013,,2.509,,A,Normal value,0,Units,1,One,_Z,Not applicable,,
DATAFLOW,OECD.ELS.SPD:DSD_SOCX_AGG@DF_SOCX_AGG(1.0),Social expenditure aggregates,I,NZL,New Zealand,A,Annual,SOCX,Social expenditure,PT_B1GQ,Percentage of GDP,ES10,Public,_T,Total,TP31,Incapacity related,_Z,Not applicable,2014,,2.487,,A,Normal value,0,Units,1,One,_Z,Not applicable,,
DATAFLOW,OECD.ELS.SPD:DSD_SOCX_AGG@DF_SOCX_AGG(1.0),Social expenditure aggregates,I,NZL,New Zealand,A,Annual,SOCX,Social expenditure,PT_B1GQ,Percentage of GDP,ES10,Public,_T,Total,TP31,Incapacity related,_Z,Not applicable,2015,,2.423,,A,Normal value,0,Units,1,One,_Z,Not applicable,,
DATAFLOW,OECD.ELS.SPD:DSD_SOCX_AGG@DF_SOCX_AGG(1.0),Social expenditure aggregates,I,NZL,New Zealand,A,Annual,SOCX,Social expenditure,PT_B1GQ,Percentage of GDP,ES10,Public,_T,Total,TP31,Incapacity related,_Z,Not applicable,2016,,2.367,,A,Normal value,0,Units,1,One,_Z,Not applicable,,
DATAFLOW,OECD.ELS.SPD:DSD_SOCX_AGG@DF_SOCX_AGG(1.0),Social expenditure aggregates,I,NZL,New Zealand,A,Annual,SOCX,Social expenditure,PT_B1GQ,Percentage of GDP,ES10,Public,_T,Total,TP31,Incapacity related,_Z,Not applicable,2017,,2.328,,A,Normal value,0,Units,1,One,_Z,Not applicable,,
DATAFLOW,OECD.ELS.SPD:DSD_SOCX_AGG@DF_SOCX_AGG(1.0),Social expenditure aggregates,I,NZL,New Zealand,A,Annual,SOCX,Social expenditure,PT_B1GQ,Percentage of GDP,ES10,Public,_T,Total,TP31,Incapacity related,_Z,Not applicable,2018,,2.35,,A,Normal value,0,Units,1,One,_Z,Not applicable,,
DATAFLOW,OECD.ELS.SPD:DSD_SOCX_AGG@DF_SOCX_AGG(1.0),Social expenditure aggregates,I,NZL,New Zealand,A,Annual,SOCX,Social expenditure,PT_B1GQ,Percentage of GDP,ES10,Public,_T,Total,TP31,Incapacity related,_Z,Not applicable,2019,,2.369,,A,Normal value,0,Units,1,One,_Z,Not applicable,,
DATAFLOW,OECD.ELS.SPD:DSD_SOCX_AGG@DF_SOCX_AGG(1.0),Social expenditure aggregates,I,NZL,New Zealand,A,Annual,SOCX,Social expenditure,PT_B1GQ,Percentage of GDP,ES10,Public,_T,Total,TP31,Incapacity related,_Z,Not applicable,2020,,2.64,,A,Normal value,0,Units,1,One,_Z,Not applicable,,
DATAFLOW,OECD.ELS.SPD:DSD_SOCX_AGG@DF_SOCX_AGG(1.0),Social expenditure aggregates,I,NZL,New Zealand,A,Annual,SOCX,Social expenditure,PT_B1GQ,Percentage of GDP,ES10,Public,_T,Total,TP31,Incapacity related,_Z,Not applicable,2021,,2.587,,A,Normal value,0,Units,1,One,_Z,Not applicable,,
DATAFLOW,OECD.ELS.SPD:DSD_SOCX_AGG@DF_SOCX_AGG(1.0),Social expenditure aggregates,I,NZL,New Zealand,A,Annual,SOCX,Social expenditure,PT_B1GQ,Percentage of GDP,ES10,Public,_T,Total,TP31,Incapacity related,_Z,Not applicable,2022,,3.201,,A,Normal value,0,Units,1,One,_Z,Not applicable,,
DATAFLOW,OECD.ELS.SPD:DSD_SOCX_AGG@DF_SOCX_AGG(1.0),Social expenditure aggregates,I,NZL,New Zealand,A,Annual,SOCX,Social expenditure,PT_B1GQ,Percentage of GDP,ES10,Public,K,In kind spending,TP31,Incapacity related,_Z,Not applicable,1990,,0.084,,A,Normal value,0,Units,1,One,_Z,Not applicable,,
DATAFLOW,OECD.ELS.SPD:DSD_SOCX_AGG@DF_SOCX_AGG(1.0),Social expenditure aggregates,I,NZL,New Zealand,A,Annual,SOCX,Social expenditure,PT_B1GQ,Percentage of GDP,ES10,Public,K,In kind spending,TP31,Incapacity related,_Z,Not applicable,1991,,0.089,,A,Normal value,0,Units,1,One,_Z,Not applicable,,
DATAFLOW,OECD.ELS.SPD:DSD_SOCX_AGG@DF_SOCX_AGG(1.0),Social expenditure aggregates,I,NZL,New Zealand,A,Annual,SOCX,Social expenditure,PT_B1GQ,Percentage of GDP,ES10,Public,K,In kind spending,TP31,Incapacity related,_Z,Not applicable,1992,,0.088,,A,Normal value,0,Units,1,One,_Z,Not applicable,,
DATAFLOW,OECD.ELS.SPD:DSD_SOCX_AGG@DF_SOCX_AGG(1.0),Social expenditure aggregates,I,NZL,New Zealand,A,Annual,SOCX,Social expenditure,PT_B1GQ,Percentage of GDP,ES10,Public,K,In kind spending,TP31,Incapacity related,_Z,Not applicable,1993,,0.026,,A,Normal value,0,Units,1,One,_Z,Not applicable,,
DATAFLOW,OECD.ELS.SPD:DSD_SOCX_AGG@DF_SOCX_AGG(1.0),Social expenditure aggregates,I,NZL,New Zealand,A,Annual,SOCX,Social expenditure,PT_B1GQ,Percentage of GDP,ES10,Public,K,In kind spending,TP31,Incapacity related,_Z,Not applicable,1994,,0.024,,A,Normal value,0,Units,1,One,_Z,Not applicable,,
DATAFLOW,OECD.ELS.SPD:DSD_SOCX_AGG@DF_SOCX_AGG(1.0),Social expenditure aggregates,I,NZL,New Zealand,A,Annual,SOCX,Social expenditure,PT_B1GQ,Percentage of GDP,ES10,Public,K,In kind spending,TP31,Incapacity related,_Z,Not applicable,1995,,0.001,,A,Normal value,0,Units,1,One,_Z,Not applicable,,
DATAFLOW,OECD.ELS.SPD:DSD_SOCX_AGG@DF_SOCX_AGG(1.0),Social expenditure aggregates,I,NZL,New Zealand,A,Annual,SOCX,Social expenditure,PT_B1GQ,Percentage of GDP,ES10,Public,K,In kind spending,TP31,Incapacity related,_Z,Not applicable,1996,,0.001,,A,Normal value,0,Units,1,One,_Z,Not applicable,,
DATAFLOW,OECD.ELS.SPD:DSD_SOCX_AGG@DF_SOCX_AGG(1.0),Social expenditure aggregates,I,NZL,New Zealand,A,Annual,SOCX,Social expenditure,PT_B1GQ,Percentage of GDP,ES10,Public,K,In kind spending,TP31,Incapacity related,_Z,Not applicable,1997,,0.002,,A,Normal value,0,Units,1,One,_Z,Not applicable,,
DATAFLOW,OECD.ELS.SPD:DSD_SOCX_AGG@DF_SOCX_AGG(1.0),Social expenditure aggregates,I,NZL,New Zealand,A,Annual,SOCX,Social expenditure,PT_B1GQ,Percentage of GDP,ES10,Public,K,In kind spending,TP31,Incapacity related,_Z,Not applicable,2003,,0.001,,A,Normal value,0,Units,1,One,_Z,Not applicable,,
DATAFLOW,OECD.ELS.SPD:DSD_SOCX_AGG@DF_SOCX_AGG(1.0),Social expenditure aggregates,I,NZL,New Zealand,A,Annual,SOCX,Social expenditure,PT_B1GQ,Percentage of GDP,ES10,Public,K,In kind spending,TP31,Incapacity related,_Z,Not applicable,2004,,0.001,,A,Normal value,0,Units,1,One,_Z,Not applicable,,
DATAFLOW,OECD.ELS.SPD:DSD_SOCX_AGG@DF_SOCX_AGG(1.0),Social expenditure aggregates,I,NZL,New Zealand,A,Annual,SOCX,Social expenditure,PT_B1GQ,Percentage of GDP,ES10,Public,K,In kind spending,TP31,Incapacity related,_Z,Not applicable,2005,,0.01,,A,Normal value,0,Units,1,One,_Z,Not applicable,,
DATAFLOW,OECD.ELS.SPD:DSD_SOCX_AGG@DF_SOCX_AGG(1.0),Social expenditure aggregates,I,NZL,New Zealand,A,Annual,SOCX,Social expenditure,PT_B1GQ,Percentage of GDP,ES10,Public,K,In kind spending,TP31,Incapacity related,_Z,Not applicable,2006,,0.012,,A,Normal value,0,Units,1,One,_Z,Not applicable,,
DATAFLOW,OECD.ELS.SPD:DSD_SOCX_AGG@DF_SOCX_AGG(1.0),Social expenditure aggregates,I,NZL,New Zealand,A,Annual,SOCX,Social expenditure,PT_B1GQ,Percentage of GDP,ES10,Public,K,In kind spending,TP31,Incapacity related,_Z,Not applicable,2007,,0.011,,A,Normal value,0,Units,1,One,_Z,Not applicable,,
DATAFLOW,OECD.ELS.SPD:DSD_SOCX_AGG@DF_SOCX_AGG(1.0),Social expenditure aggregates,I,NZL,New Zealand,A,Annual,SOCX,Social expenditure,PT_B1GQ,Percentage of GDP,ES10,Public,K,In kind spending,TP31,Incapacity related,_Z,Not applicable,2008,,0.012,,A,Normal value,0,Units,1,One,_Z,Not applicable,,
DATAFLOW,OECD.ELS.SPD:DSD_SOCX_AGG@DF_SOCX_AGG(1.0),Social expenditure aggregates,I,NZL,New Zealand,A,Annual,SOCX,Social expenditure,PT_B1GQ,Percentage of GDP,ES10,Public,K,In kind spending,TP31,Incapacity related,_Z,Not applicable,2009,,0.056,,A,Normal value,0,Units,1,One,_Z,Not applicable,,
DATAFLOW,OECD.ELS.SPD:DSD_SOCX_AGG@DF_SOCX_AGG(1.0),Social expenditure aggregates,I,NZL,New Zealand,A,Annual,SOCX,Social expenditure,PT_B1GQ,Percentage of GDP,ES10,Public,K,In kind spending,TP31,Incapacity related,_Z,Not applicable,2010,,0.053,,A,Normal value,0,Units,1,One,_Z,Not applicable,,
DATAFLOW,OECD.ELS.SPD:DSD_SOCX_AGG@DF_SOCX_AGG(1.0),Social expenditure aggregates,I,NZL,New Zealand,A,Annual,SOCX,Social expenditure,PT_B1GQ,Percentage of GDP,ES10,Public,K,In kind spending,TP31,Incapacity related,_Z,Not applicable,2011,,0.052,,A,Normal value,0,Units,1,One,_Z,Not applicable,,
DATAFLOW,OECD.ELS.SPD:DSD_SOCX_AGG@DF_SOCX_AGG(1.0),Social expenditure aggregates,I,NZL,New Zealand,A,Annual,SOCX,Social expenditure,PT_B1GQ,Percentage of GDP,ES10,Public,K,In kind spending,TP31,Incapacity related,_Z,Not applicable,2012,,0.05,,A,Normal value,0,Units,1,One,_Z,Not applicable,,
DATAFLOW,OECD.ELS.SPD:DSD_SOCX_AGG@DF_SOCX_AGG(1.0),Social expenditure aggregates,I,NZL,New Zealand,A,Annual,SOCX,Social expenditure,PT_B1GQ,Percentage of GDP,ES10,Public,K,In kind spending,TP31,Incapacity related,_Z,Not applicable,2013,,0.047,,A,Normal value,0,Units,1,One,_Z,Not applicable,,
DATAFLOW,OECD.ELS.SPD:DSD_SOCX_AGG@DF_SOCX_AGG(1.0),Social expenditure aggregates,I,NZL,New Zealand,A,Annual,SOCX,Social expenditure,PT_B1GQ,Percentage of GDP,ES10,Public,K,In kind spending,TP31,Incapacity related,_Z,Not applicable,2014,,0.036,,A,Normal value,0,Units,1,One,_Z,Not applicable,,
DATAFLOW,OECD.ELS.SPD:DSD_SOCX_AGG@DF_SOCX_AGG(1.0),Social expenditure aggregates,I,NZL,New Zealand,A,Annual,SOCX,Social expenditure,PT_B1GQ,Percentage of GDP,ES10,Public,K,In kind spending,TP31,Incapacity related,_Z,Not applicable,2015,,0.002,,A,Normal value,0,Units,1,One,_Z,Not applicable,,
DATAFLOW,OECD.ELS.SPD:DSD_SOCX_AGG@DF_SOCX_AGG(1.0),Social expenditure aggregates,I,NZL,New Zealand,A,Annual,SOCX,Social expenditure,PT_B1GQ,Percentage of GDP,ES10,Public,K,In kind spending,TP31,Incapacity related,_Z,Not applicable,2016,,0.002,,A,Normal value,0,Units,1,One,_Z,Not applicable,,
DATAFLOW,OECD.ELS.SPD:DSD_SOCX_AGG@DF_SOCX_AGG(1.0),Social expenditure aggregates,I,NZL,New Zealand,A,Annual,SOCX,Social expenditure,PT_B1GQ,Percentage of GDP,ES10,Public,K,In kind spending,TP31,Incapacity related,_Z,Not applicable,2017,,0.003,,A,Normal value,0,Units,1,One,_Z,Not applicable,,
DATAFLOW,OECD.ELS.SPD:DSD_SOCX_AGG@DF_SOCX_AGG(1.0),Social expenditure aggregates,I,NZL,New Zealand,A,Annual,SOCX,Social expenditure,PT_B1GQ,Percentage of GDP,ES10,Public,K,In kind spending,TP31,Incapacity related,_Z,Not applicable,2018,,0.003,,A,Normal value,0,Units,1,One,_Z,Not applicable,,
DATAFLOW,OECD.ELS.SPD:DSD_SOCX_AGG@DF_SOCX_AGG(1.0),Social expenditure aggregates,I,NZL,New Zealand,A,Annual,SOCX,Social expenditure,PT_B1GQ,Percentage of GDP,ES10,Public,K,In kind spending,TP31,Incapacity related,_Z,Not applicable,2019,,0.003,,A,Normal value,0,Units,1,One,_Z,Not applicable,,
DATAFLOW,OECD.ELS.SPD:DSD_SOCX_AGG@DF_SOCX_AGG(1.0),Social expenditure aggregates,I,NZL,New Zealand,A,Annual,SOCX,Social expenditure,PT_B1GQ,Percentage of GDP,ES10,Public,K,In kind spending,TP31,Incapacity related,_Z,Not applicable,2020,,0.005,,A,Normal value,0,Units,1,One,_Z,Not applicable,,
DATAFLOW,OECD.ELS.SPD:DSD_SOCX_AGG@DF_SOCX_AGG(1.0),Social expenditure aggregates,I,NZL,New Zealand,A,Annual,SOCX,Social expenditure,PT_B1GQ,Percentage of GDP,ES10,Public,K,In kind spending,TP31,Incapacity related,_Z,Not applicable,2021,,0.005,,A,Normal value,0,Units,1,One,_Z,Not applicable,,
DATAFLOW,OECD.ELS.SPD:DSD_SOCX_AGG@DF_SOCX_AGG(1.0),Social expenditure aggregates,I,NZL,New Zealand,A,Annual,SOCX,Social expenditure,PT_B1GQ,Percentage of GDP,ES10,Public,K,In kind spending,TP31,Incapacity related,_Z,Not applicable,2022,,0.522,,A,Normal value,0,Units,1,One,_Z,Not applicable,,
DATAFLOW,OECD.ELS.SPD:DSD_SOCX_AGG@DF_SOCX_AGG(1.0),Social expenditure aggregates,I,NOR,Norway,A,Annual,SOCX,Social expenditure,PT_B1GQ,Percentage of GDP,ES10,Public,_T,Total,TP31,Incapacity related,_Z,Not applicable,1990,,4.626,,A,Normal value,0,Units,1,One,_Z,Not applicable,,
DATAFLOW,OECD.ELS.SPD:DSD_SOCX_AGG@DF_SOCX_AGG(1.0),Social expenditure aggregates,I,NOR,Norway,A,Annual,SOCX,Social expenditure,PT_B1GQ,Percentage of GDP,ES10,Public,_T,Total,TP31,Incapacity related,_Z,Not applicable,1991,,4.925,,A,Normal value,0,Units,1,One,_Z,Not applicable,,
DATAFLOW,OECD.ELS.SPD:DSD_SOCX_AGG@DF_SOCX_AGG(1.0),Social expenditure aggregates,I,NOR,Norway,A,Annual,SOCX,Social expenditure,PT_B1GQ,Percentage of GDP,ES10,Public,_T,Total,TP31,Incapacity related,_Z,Not applicable,1992,,4.86,,A,Normal value,0,Units,1,One,_Z,Not applicable,,
DATAFLOW,OECD.ELS.SPD:DSD_SOCX_AGG@DF_SOCX_AGG(1.0),Social expenditure aggregates,I,NOR,Norway,A,Annual,SOCX,Social expenditure,PT_B1GQ,Percentage of GDP,ES10,Public,_T,Total,TP31,Incapacity related,_Z,Not applicable,1993,,4.744,,A,Normal value,0,Units,1,One,_Z,Not applicable,,
DATAFLOW,OECD.ELS.SPD:DSD_SOCX_AGG@DF_SOCX_AGG(1.0),Social expenditure aggregates,I,NOR,Norway,A,Annual,SOCX,Social expenditure,PT_B1GQ,Percentage of GDP,ES10,Public,_T,Total,TP31,Incapacity related,_Z,Not applicable,1994,,4.566,,A,Normal value,0,Units,1,One,_Z,Not applicable,,
DATAFLOW,OECD.ELS.SPD:DSD_SOCX_AGG@DF_SOCX_AGG(1.0),Social expenditure aggregates,I,NOR,Norway,A,Annual,SOCX,Social expenditure,PT_B1GQ,Percentage of GDP,ES10,Public,_T,Total,TP31,Incapacity related,_Z,Not applicable,1995,,4.556,,A,Normal value,0,Units,1,One,_Z,Not applicable,,
DATAFLOW,OECD.ELS.SPD:DSD_SOCX_AGG@DF_SOCX_AGG(1.0),Social expenditure aggregates,I,NOR,Norway,A,Annual,SOCX,Social expenditure,PT_B1GQ,Percentage of GDP,ES10,Public,_T,Total,TP31,Incapacity related,_Z,Not applicable,1996,,4.569,,A,Normal value,0,Units,1,One,_Z,Not applicable,,
DATAFLOW,OECD.ELS.SPD:DSD_SOCX_AGG@DF_SOCX_AGG(1.0),Social expenditure aggregates,I,NOR,Norway,A,Annual,SOCX,Social expenditure,PT_B1GQ,Percentage of GDP,ES10,Public,_T,Total,TP31,Incapacity related,_Z,Not applicable,1997,,4.541,,A,Normal value,0,Units,1,One,_Z,Not applicable,,
DATAFLOW,OECD.ELS.SPD:DSD_SOCX_AGG@DF_SOCX_AGG(1.0),Social expenditure aggregates,I,NOR,Norway,A,Annual,SOCX,Social expenditure,PT_B1GQ,Percentage of GDP,ES10,Public,_T,Total,TP31,Incapacity related,_Z,Not applicable,1998,,4.915,,A,Normal value,0,Units,1,One,_Z,Not applicable,,
DATAFLOW,OECD.ELS.SPD:DSD_SOCX_AGG@DF_SOCX_AGG(1.0),Social expenditure aggregates,I,NOR,Norway,A,Annual,SOCX,Social expenditure,PT_B1GQ,Percentage of GDP,ES10,Public,_T,Total,TP31,Incapacity related,_Z,Not applicable,1999,,4.947,,A,Normal value,0,Units,1,One,_Z,Not applicable,,
DATAFLOW,OECD.ELS.SPD:DSD_SOCX_AGG@DF_SOCX_AGG(1.0),Social expenditure aggregates,I,NOR,Norway,A,Annual,SOCX,Social expenditure,PT_B1GQ,Percentage of GDP,ES10,Public,_T,Total,TP31,Incapacity related,_Z,Not applicable,2000,,4.559,,A,Normal value,0,Units,1,One,_Z,Not applicable,,
DATAFLOW,OECD.ELS.SPD:DSD_SOCX_AGG@DF_SOCX_AGG(1.0),Social expenditure aggregates,I,NOR,Norway,A,Annual,SOCX,Social expenditure,PT_B1GQ,Percentage of GDP,ES10,Public,_T,Total,TP31,Incapacity related,_Z,Not applicable,2001,,4.719,,A,Normal value,0,Units,1,One,_Z,Not applicable,,
DATAFLOW,OECD.ELS.SPD:DSD_SOCX_AGG@DF_SOCX_AGG(1.0),Social expenditure aggregates,I,NOR,Norway,A,Annual,SOCX,Social expenditure,PT_B1GQ,Percentage of GDP,ES10,Public,_T,Total,TP31,Incapacity related,_Z,Not applicable,2002,,5.067,,A,Normal value,0,Units,1,One,_Z,Not applicable,,
DATAFLOW,OECD.ELS.SPD:DSD_SOCX_AGG@DF_SOCX_AGG(1.0),Social expenditure aggregates,I,NOR,Norway,A,Annual,SOCX,Social expenditure,PT_B1GQ,Percentage of GDP,ES10,Public,_T,Total,TP31,Incapacity related,_Z,Not applicable,2003,,5.308,,A,Normal value,0,Units,1,One,_Z,Not applicable,,
DATAFLOW,OECD.ELS.SPD:DSD_SOCX_AGG@DF_SOCX_AGG(1.0),Social expenditure aggregates,I,NOR,Norway,A,Annual,SOCX,Social expenditure,PT_B1GQ,Percentage of GDP,ES10,Public,_T,Total,TP31,Incapacity related,_Z,Not applicable,2004,,4.689,,A,Normal value,0,Units,1,One,_Z,Not applicable,,
DATAFLOW,OECD.ELS.SPD:DSD_SOCX_AGG@DF_SOCX_AGG(1.0),Social expenditure aggregates,I,NOR,Norway,A,Annual,SOCX,Social expenditure,PT_B1GQ,Percentage of GDP,ES10,Public,_T,Total,TP31,Incapacity related,_Z,Not applicable,2005,,4.287,,A,Normal value,0,Units,1,One,_Z,Not applicable,,
DATAFLOW,OECD.ELS.SPD:DSD_SOCX_AGG@DF_SOCX_AGG(1.0),Social expenditure aggregates,I,NOR,Norway,A,Annual,SOCX,Social expenditure,PT_B1GQ,Percentage of GDP,ES10,Public,K,In kind spending,TP31,Incapacity related,_Z,Not applicable,1990,,0.702,,A,Normal value,0,Units,1,One,_Z,Not applicable,,
DATAFLOW,OECD.ELS.SPD:DSD_SOCX_AGG@DF_SOCX_AGG(1.0),Social expenditure aggregates,I,NOR,Norway,A,Annual,SOCX,Social expenditure,PT_B1GQ,Percentage of GDP,ES10,Public,K,In kind spending,TP31,Incapacity related,_Z,Not applicable,1991,,0.85,,A,Normal value,0,Units,1,One,_Z,Not applicable,,
DATAFLOW,OECD.ELS.SPD:DSD_SOCX_AGG@DF_SOCX_AGG(1.0),Social expenditure aggregates,I,NOR,Norway,A,Annual,SOCX,Social expenditure,PT_B1GQ,Percentage of GDP,ES10,Public,K,In kind spending,TP31,Incapacity related,_Z,Not applicable,1992,,0.867,,A,Normal value,0,Units,1,One,_Z,Not applicable,,
DATAFLOW,OECD.ELS.SPD:DSD_SOCX_AGG@DF_SOCX_AGG(1.0),Social expenditure aggregates,I,NOR,Norway,A,Annual,SOCX,Social expenditure,PT_B1GQ,Percentage of GDP,ES10,Public,K,In kind spending,TP31,Incapacity related,_Z,Not applicable,1993,,0.955,,A,Normal value,0,Units,1,One,_Z,Not applicable,,
DATAFLOW,OECD.ELS.SPD:DSD_SOCX_AGG@DF_SOCX_AGG(1.0),Social expenditure aggregates,I,NOR,Norway,A,Annual,SOCX,Social expenditure,PT_B1GQ,Percentage of GDP,ES10,Public,K,In kind spending,TP31,Incapacity related,_Z,Not applicable,1994,,0.986,,A,Normal value,0,Units,1,One,_Z,Not applicable,,
DATAFLOW,OECD.ELS.SPD:DSD_SOCX_AGG@DF_SOCX_AGG(1.0),Social expenditure aggregates,I,NOR,Norway,A,Annual,SOCX,Social expenditure,PT_B1GQ,Percentage of GDP,ES10,Public,K,In kind spending,TP31,Incapacity related,_Z,Not applicable,1995,,1.008,,A,Normal value,0,Units,1,One,_Z,Not applicable,,
DATAFLOW,OECD.ELS.SPD:DSD_SOCX_AGG@DF_SOCX_AGG(1.0),Social expenditure aggregates,I,NOR,Norway,A,Annual,SOCX,Social expenditure,PT_B1GQ,Percentage of GDP,ES10,Public,K,In kind spending,TP31,Incapacity related,_Z,Not applicable,1996,,0.987,,A,Normal value,0,Units,1,One,_Z,Not applicable,,
DATAFLOW,OECD.ELS.SPD:DSD_SOCX_AGG@DF_SOCX_AGG(1.0),Social expenditure aggregates,I,NOR,Norway,A,Annual,SOCX,Social expenditure,PT_B1GQ,Percentage of GDP,ES10,Public,K,In kind spending,TP31,Incapacity related,_Z,Not applicable,1997,,0.946,,A,Normal value,0,Units,1,One,_Z,Not applicable,,
DATAFLOW,OECD.ELS.SPD:DSD_SOCX_AGG@DF_SOCX_AGG(1.0),Social expenditure aggregates,I,NOR,Norway,A,Annual,SOCX,Social expenditure,PT_B1GQ,Percentage of GDP,ES10,Public,K,In kind spending,TP31,Incapacity related,_Z,Not applicable,1998,,0.965,,A,Normal value,0,Units,1,One,_Z,Not applicable,,
DATAFLOW,OECD.ELS.SPD:DSD_SOCX_AGG@DF_SOCX_AGG(1.0),Social expenditure aggregates,I,NOR,Norway,A,Annual,SOCX,Social expenditure,PT_B1GQ,Percentage of GDP,ES10,Public,K,In kind spending,TP31,Incapacity related,_Z,Not applicable,1999,,0.956,,A,Normal value,0,Units,1,One,_Z,Not applicable,,
DATAFLOW,OECD.ELS.SPD:DSD_SOCX_AGG@DF_SOCX_AGG(1.0),Social expenditure aggregates,I,NOR,Norway,A,Annual,SOCX,Social expenditure,PT_B1GQ,Percentage of GDP,ES10,Public,K,In kind spending,TP31,Incapacity related,_Z,Not applicable,2000,,0.849,,A,Normal value,0,Units,1,One,_Z,Not applicable,,
DATAFLOW,OECD.ELS.SPD:DSD_SOCX_AGG@DF_SOCX_AGG(1.0),Social expenditure aggregates,I,NOR,Norway,A,Annual,SOCX,Social expenditure,PT_B1GQ,Percentage of GDP,ES10,Public,K,In kind spending,TP31,Incapacity related,_Z,Not applicable,2001,,0.879,,A,Normal value,0,Units,1,One,_Z,Not applicable,,
DATAFLOW,OECD.ELS.SPD:DSD_SOCX_AGG@DF_SOCX_AGG(1.0),Social expenditure aggregates,I,NOR,Norway,A,Annual,SOCX,Social expenditure,PT_B1GQ,Percentage of GDP,ES10,Public,K,In kind spending,TP31,Incapacity related,_Z,Not applicable,2002,,0.876,,A,Normal value,0,Units,1,One,_Z,Not applicable,,
DATAFLOW,OECD.ELS.SPD:DSD_SOCX_AGG@DF_SOCX_AGG(1.0),Social expenditure aggregates,I,NOR,Norway,A,Annual,SOCX,Social expenditure,PT_B1GQ,Percentage of GDP,ES10,Public,K,In kind spending,TP31,Incapacity related,_Z,Not applicable,2003,,0.877,,A,Normal value,0,Units,1,One,_Z,Not applicable,,
DATAFLOW,OECD.ELS.SPD:DSD_SOCX_AGG@DF_SOCX_AGG(1.0),Social expenditure aggregates,I,NOR,Norway,A,Annual,SOCX,Social expenditure,PT_B1GQ,Percentage of GDP,ES10,Public,K,In kind spending,TP31,Incapacity related,_Z,Not applicable,2004,,0.827,,A,Normal value,0,Units,1,One,_Z,Not applicable,,
DATAFLOW,OECD.ELS.SPD:DSD_SOCX_AGG@DF_SOCX_AGG(1.0),Social expenditure aggregates,I,NOR,Norway,A,Annual,SOCX,Social expenditure,PT_B1GQ,Percentage of GDP,ES10,Public,K,In kind spending,TP31,Incapacity related,_Z,Not applicable,2005,,0.759,,A,Normal value,0,Units,1,One,_Z,Not applicable,,
DATAFLOW,OECD.ELS.SPD:DSD_SOCX_AGG@DF_SOCX_AGG(1.0),Social expenditure aggregates,I,NOR,Norway,A,Annual,SOCX,Social expenditure,PT_B1GQ,Percentage of GDP,ES10,Public,C,In cash spending,TP31,Incapacity related,_Z,Not applicable,1990,,3.925,,A,Normal value,0,Units,1,One,_Z,Not applicable,,
DATAFLOW,OECD.ELS.SPD:DSD_SOCX_AGG@DF_SOCX_AGG(1.0),Social expenditure aggregates,I,NOR,Norway,A,Annual,SOCX,Social expenditure,PT_B1GQ,Percentage of GDP,ES10,Public,C,In cash spending,TP31,Incapacity related,_Z,Not applicable,1991,,4.074,,A,Normal value,0,Units,1,One,_Z,Not applicable,,
DATAFLOW,OECD.ELS.SPD:DSD_SOCX_AGG@DF_SOCX_AGG(1.0),Social expenditure aggregates,I,NOR,Norway,A,Annual,SOCX,Social expenditure,PT_B1GQ,Percentage of GDP,ES10,Public,C,In cash spending,TP31,Incapacity related,_Z,Not applicable,1992,,3.993,,A,Normal value,0,Units,1,One,_Z,Not applicable,,
DATAFLOW,OECD.ELS.SPD:DSD_SOCX_AGG@DF_SOCX_AGG(1.0),Social expenditure aggregates,I,NOR,Norway,A,Annual,SOCX,Social expenditure,PT_B1GQ,Percentage of GDP,ES10,Public,C,In cash spending,TP31,Incapacity related,_Z,Not applicable,1993,,3.789,,A,Normal value,0,Units,1,One,_Z,Not applicable,,
DATAFLOW,OECD.ELS.SPD:DSD_SOCX_AGG@DF_SOCX_AGG(1.0),Social expenditure aggregates,I,NOR,Norway,A,Annual,SOCX,Social expenditure,PT_B1GQ,Percentage of GDP,ES10,Public,C,In cash spending,TP31,Incapacity related,_Z,Not applicable,1994,,3.58,,A,Normal value,0,Units,1,One,_Z,Not applicable,,
DATAFLOW,OECD.ELS.SPD:DSD_SOCX_AGG@DF_SOCX_AGG(1.0),Social expenditure aggregates,I,NOR,Norway,A,Annual,SOCX,Social expenditure,PT_B1GQ,Percentage of GDP,ES10,Public,C,In cash spending,TP31,Incapacity related,_Z,Not applicable,1995,,3.548,,A,Normal value,0,Units,1,One,_Z,Not applicable,,
DATAFLOW,OECD.ELS.SPD:DSD_SOCX_AGG@DF_SOCX_AGG(1.0),Social expenditure aggregates,I,NOR,Norway,A,Annual,SOCX,Social expenditure,PT_B1GQ,Percentage of GDP,ES10,Public,C,In cash spending,TP31,Incapacity related,_Z,Not applicable,1996,,3.582,,A,Normal value,0,Units,1,One,_Z,Not applicable,,
DATAFLOW,OECD.ELS.SPD:DSD_SOCX_AGG@DF_SOCX_AGG(1.0),Social expenditure aggregates,I,NOR,Norway,A,Annual,SOCX,Social expenditure,PT_B1GQ,Percentage of GDP,ES10,Public,C,In cash spending,TP31,Incapacity related,_Z,Not applicable,1997,,3.596,,A,Normal value,0,Units,1,One,_Z,Not applicable,,
DATAFLOW,OECD.ELS.SPD:DSD_SOCX_AGG@DF_SOCX_AGG(1.0),Social expenditure aggregates,I,NOR,Norway,A,Annual,SOCX,Social expenditure,PT_B1GQ,Percentage of GDP,ES10,Public,C,In cash spending,TP31,Incapacity related,_Z,Not applicable,1998,,3.95,,A,Normal value,0,Units,1,One,_Z,Not applicable,,
DATAFLOW,OECD.ELS.SPD:DSD_SOCX_AGG@DF_SOCX_AGG(1.0),Social expenditure aggregates,I,NOR,Norway,A,Annual,SOCX,Social expenditure,PT_B1GQ,Percentage of GDP,ES10,Public,C,In cash spending,TP31,Incapacity related,_Z,Not applicable,1999,,3.991,,A,Normal value,0,Units,1,One,_Z,Not applicable,,
DATAFLOW,OECD.ELS.SPD:DSD_SOCX_AGG@DF_SOCX_AGG(1.0),Social expenditure aggregates,I,NOR,Norway,A,Annual,SOCX,Social expenditure,PT_B1GQ,Percentage of GDP,ES10,Public,C,In cash spending,TP31,Incapacity related,_Z,Not applicable,2000,,3.709,,A,Normal value,0,Units,1,One,_Z,Not applicable,,
DATAFLOW,OECD.ELS.SPD:DSD_SOCX_AGG@DF_SOCX_AGG(1.0),Social expenditure aggregates,I,NOR,Norway,A,Annual,SOCX,Social expenditure,PT_B1GQ,Percentage of GDP,ES10,Public,C,In cash spending,TP31,Incapacity related,_Z,Not applicable,2001,,3.839,,A,Normal value,0,Units,1,One,_Z,Not applicable,,
DATAFLOW,OECD.ELS.SPD:DSD_SOCX_AGG@DF_SOCX_AGG(1.0),Social expenditure aggregates,I,NOR,Norway,A,Annual,SOCX,Social expenditure,PT_B1GQ,Percentage of GDP,ES10,Public,C,In cash spending,TP31,Incapacity related,_Z,Not applicable,2002,,4.191,,A,Normal value,0,Units,1,One,_Z,Not applicable,,
DATAFLOW,OECD.ELS.SPD:DSD_SOCX_AGG@DF_SOCX_AGG(1.0),Social expenditure aggregates,I,NOR,Norway,A,Annual,SOCX,Social expenditure,PT_B1GQ,Percentage of GDP,ES10,Public,C,In cash spending,TP31,Incapacity related,_Z,Not applicable,2003,,4.431,,A,Normal value,0,Units,1,One,_Z,Not applicable,,
DATAFLOW,OECD.ELS.SPD:DSD_SOCX_AGG@DF_SOCX_AGG(1.0),Social expenditure aggregates,I,NOR,Norway,A,Annual,SOCX,Social expenditure,PT_B1GQ,Percentage of GDP,ES10,Public,C,In cash spending,TP31,Incapacity related,_Z,Not applicable,2004,,3.862,,A,Normal value,0,Units,1,One,_Z,Not applicable,,
DATAFLOW,OECD.ELS.SPD:DSD_SOCX_AGG@DF_SOCX_AGG(1.0),Social expenditure aggregates,I,NOR,Norway,A,Annual,SOCX,Social expenditure,PT_B1GQ,Percentage of GDP,ES10,Public,C,In cash spending,TP31,Incapacity related,_Z,Not applicable,2005,,3.528,,A,Normal value,0,Units,1,One,_Z,Not applicable,,
DATAFLOW,OECD.ELS.SPD:DSD_SOCX_AGG@DF_SOCX_AGG(1.0),Social expenditure aggregates,I,AUS,Australia,A,Annual,SOCX,Social expenditure,PT_B1GQ,Percentage of GDP,ES10,Public,K,In kind spending,TP31,Incapacity related,_Z,Not applicable,1993,,0.376,,A,Normal value,0,Units,1,One,_Z,Not applicable,,
DATAFLOW,OECD.ELS.SPD:DSD_SOCX_AGG@DF_SOCX_AGG(1.0),Social expenditure aggregates,I,AUS,Australia,A,Annual,SOCX,Social expenditure,PT_B1GQ,Percentage of GDP,ES10,Public,_T,Total,TP31,Incapacity related,_Z,Not applicable,1993,,2.314,,A,Normal value,0,Units,1,One,_Z,Not applicable,,
DATAFLOW,OECD.ELS.SPD:DSD_SOCX_AGG@DF_SOCX_AGG(1.0),Social expenditure aggregates,I,AUS,Australia,A,Annual,SOCX,Social expenditure,PT_B1GQ,Percentage of GDP,ES10,Public,C,In cash spending,TP31,Incapacity related,_Z,Not applicable,1993,,1.938,,A,Normal value,0,Units,1,One,_Z,Not applicable,,
DATAFLOW,OECD.ELS.SPD:DSD_SOCX_AGG@DF_SOCX_AGG(1.0),Social expenditure aggregates,I,AUS,Australia,A,Annual,SOCX,Social expenditure,PT_B1GQ,Percentage of GDP,ES10,Public,C,In cash spending,TP31,Incapacity related,_Z,Not applicable,1994,,1.898,,A,Normal value,0,Units,1,One,_Z,Not applicable,,
DATAFLOW,OECD.ELS.SPD:DSD_SOCX_AGG@DF_SOCX_AGG(1.0),Social expenditure aggregates,I,AUS,Australia,A,Annual,SOCX,Social expenditure,PT_B1GQ,Percentage of GDP,ES10,Public,_T,Total,TP31,Incapacity related,_Z,Not applicable,1994,,2.265,,A,Normal value,0,Units,1,One,_Z,Not applicable,,
DATAFLOW,OECD.ELS.SPD:DSD_SOCX_AGG@DF_SOCX_AGG(1.0),Social expenditure aggregates,I,AUS,Australia,A,Annual,SOCX,Social expenditure,PT_B1GQ,Percentage of GDP,ES10,Public,K,In kind spending,TP31,Incapacity related,_Z,Not applicable,1994,,0.367,,A,Normal value,0,Units,1,One,_Z,Not applicable,,
DATAFLOW,OECD.ELS.SPD:DSD_SOCX_AGG@DF_SOCX_AGG(1.0),Social expenditure aggregates,I,AUS,Australia,A,Annual,SOCX,Social expenditure,PT_B1GQ,Percentage of GDP,ES10,Public,K,In kind spending,TP31,Incapacity related,_Z,Not applicable,1995,,0.357,,A,Normal value,0,Units,1,One,_Z,Not applicable,,
DATAFLOW,OECD.ELS.SPD:DSD_SOCX_AGG@DF_SOCX_AGG(1.0),Social expenditure aggregates,I,AUS,Australia,A,Annual,SOCX,Social expenditure,PT_B1GQ,Percentage of GDP,ES10,Public,_T,Total,TP31,Incapacity related,_Z,Not applicable,1995,,2.358,,A,Normal value,0,Units,1,One,_Z,Not applicable,,
DATAFLOW,OECD.ELS.SPD:DSD_SOCX_AGG@DF_SOCX_AGG(1.0),Social expenditure aggregates,I,AUS,Australia,A,Annual,SOCX,Social expenditure,PT_B1GQ,Percentage of GDP,ES10,Public,C,In cash spending,TP31,Incapacity related,_Z,Not applicable,1995,,2.001,,A,Normal value,0,Units,1,One,_Z,Not applicable,,
DATAFLOW,OECD.ELS.SPD:DSD_SOCX_AGG@DF_SOCX_AGG(1.0),Social expenditure aggregates,I,AUS,Australia,A,Annual,SOCX,Social expenditure,PT_B1GQ,Percentage of GDP,ES10,Public,C,In cash spending,TP31,Incapacity related,_Z,Not applicable,1996,,2.038,,A,Normal value,0,Units,1,One,_Z,Not applicable,,
DATAFLOW,OECD.ELS.SPD:DSD_SOCX_AGG@DF_SOCX_AGG(1.0),Social expenditure aggregates,I,AUS,Australia,A,Annual,SOCX,Social expenditure,PT_B1GQ,Percentage of GDP,ES10,Public,_T,Total,TP31,Incapacity related,_Z,Not applicable,1996,,2.401,,A,Normal value,0,Units,1,One,_Z,Not applicable,,
DATAFLOW,OECD.ELS.SPD:DSD_SOCX_AGG@DF_SOCX_AGG(1.0),Social expenditure aggregates,I,AUS,Australia,A,Annual,SOCX,Social expenditure,PT_B1GQ,Percentage of GDP,ES10,Public,K,In kind spending,TP31,Incapacity related,_Z,Not applicable,1996,,0.363,,A,Normal value,0,Units,1,One,_Z,Not applicable,,
DATAFLOW,OECD.ELS.SPD:DSD_SOCX_AGG@DF_SOCX_AGG(1.0),Social expenditure aggregates,I,AUS,Australia,A,Annual,SOCX,Social expenditure,PT_B1GQ,Percentage of GDP,ES10,Public,K,In kind spending,TP31,Incapacity related,_Z,Not applicable,1997,,0.372,,A,Normal value,0,Units,1,One,_Z,Not applicable,,
DATAFLOW,OECD.ELS.SPD:DSD_SOCX_AGG@DF_SOCX_AGG(1.0),Social expenditure aggregates,I,AUS,Australia,A,Annual,SOCX,Social expenditure,PT_B1GQ,Percentage of GDP,ES10,Public,_T,Total,TP31,Incapacity related,_Z,Not applicable,1997,,2.391,,A,Normal value,0,Units,1,One,_Z,Not applicable,,
DATAFLOW,OECD.ELS.SPD:DSD_SOCX_AGG@DF_SOCX_AGG(1.0),Social expenditure aggregates,I,AUS,Australia,A,Annual,SOCX,Social expenditure,PT_B1GQ,Percentage of GDP,ES10,Public,C,In cash spending,TP31,Incapacity related,_Z,Not applicable,1997,,2.019,,A,Normal value,0,Units,1,One,_Z,Not applicable,,
DATAFLOW,OECD.ELS.SPD:DSD_SOCX_AGG@DF_SOCX_AGG(1.0),Social expenditure aggregates,I,AUS,Australia,A,Annual,SOCX,Social expenditure,PT_B1GQ,Percentage of GDP,ES10,Public,C,In cash spending,TP31,Incapacity related,_Z,Not applicable,1998,,2.088,,A,Normal value,0,Units,1,One,_Z,Not applicable,,
DATAFLOW,OECD.ELS.SPD:DSD_SOCX_AGG@DF_SOCX_AGG(1.0),Social expenditure aggregates,I,AUS,Australia,A,Annual,SOCX,Social expenditure,PT_B1GQ,Percentage of GDP,ES10,Public,_T,Total,TP31,Incapacity related,_Z,Not applicable,1998,,2.593,,A,Normal value,0,Units,1,One,_Z,Not applicable,,
DATAFLOW,OECD.ELS.SPD:DSD_SOCX_AGG@DF_SOCX_AGG(1.0),Social expenditure aggregates,I,AUS,Australia,A,Annual,SOCX,Social expenditure,PT_B1GQ,Percentage of GDP,ES10,Public,K,In kind spending,TP31,Incapacity related,_Z,Not applicable,1998,,0.505,,A,Normal value,0,Units,1,One,_Z,Not applicable,,
DATAFLOW,OECD.ELS.SPD:DSD_SOCX_AGG@DF_SOCX_AGG(1.0),Social expenditure aggregates,I,AUS,Australia,A,Annual,SOCX,Social expenditure,PT_B1GQ,Percentage of GDP,ES10,Public,K,In kind spending,TP31,Incapacity related,_Z,Not applicable,1999,,0.504,,A,Normal value,0,Units,1,One,_Z,Not applicable,,
DATAFLOW,OECD.ELS.SPD:DSD_SOCX_AGG@DF_SOCX_AGG(1.0),Social expenditure aggregates,I,AUS,Australia,A,Annual,SOCX,Social expenditure,PT_B1GQ,Percentage of GDP,ES10,Public,_T,Total,TP31,Incapacity related,_Z,Not applicable,1999,,2.566,,A,Normal value,0,Units,1,One,_Z,Not applicable,,
DATAFLOW,OECD.ELS.SPD:DSD_SOCX_AGG@DF_SOCX_AGG(1.0),Social expenditure aggregates,I,AUS,Australia,A,Annual,SOCX,Social expenditure,PT_B1GQ,Percentage of GDP,ES10,Public,C,In cash spending,TP31,Incapacity related,_Z,Not applicable,1999,,2.062,,A,Normal value,0,Units,1,One,_Z,Not applicable,,
DATAFLOW,OECD.ELS.SPD:DSD_SOCX_AGG@DF_SOCX_AGG(1.0),Social expenditure aggregates,I,AUS,Australia,A,Annual,SOCX,Social expenditure,PT_B1GQ,Percentage of GDP,ES10,Public,C,In cash spending,TP31,Incapacity related,_Z,Not applicable,2000,,2.052,,A,Normal value,0,Units,1,One,_Z,Not applicable,,
DATAFLOW,OECD.ELS.SPD:DSD_SOCX_AGG@DF_SOCX_AGG(1.0),Social expenditure aggregates,I,AUS,Australia,A,Annual,SOCX,Social expenditure,PT_B1GQ,Percentage of GDP,ES10,Public,_T,Total,TP31,Incapacity related,_Z,Not applicable,2000,,2.551,,A,Normal value,0,Units,1,One,_Z,Not applicable,,
DATAFLOW,OECD.ELS.SPD:DSD_SOCX_AGG@DF_SOCX_AGG(1.0),Social expenditure aggregates,I,AUS,Australia,A,Annual,SOCX,Social expenditure,PT_B1GQ,Percentage of GDP,ES10,Public,K,In kind spending,TP31,Incapacity related,_Z,Not applicable,2000,,0.499,,A,Normal value,0,Units,1,One,_Z,Not applicable,,
DATAFLOW,OECD.ELS.SPD:DSD_SOCX_AGG@DF_SOCX_AGG(1.0),Social expenditure aggregates,I,AUS,Australia,A,Annual,SOCX,Social expenditure,PT_B1GQ,Percentage of GDP,ES10,Public,K,In kind spending,TP31,Incapacity related,_Z,Not applicable,2001,,0.502,,A,Normal value,0,Units,1,One,_Z,Not applicable,,
DATAFLOW,OECD.ELS.SPD:DSD_SOCX_AGG@DF_SOCX_AGG(1.0),Social expenditure aggregates,I,AUS,Australia,A,Annual,SOCX,Social expenditure,PT_B1GQ,Percentage of GDP,ES10,Public,_T,Total,TP31,Incapacity related,_Z,Not applicable,2001,,2.529,,A,Normal value,0,Units,1,One,_Z,Not applicable,,
DATAFLOW,OECD.ELS.SPD:DSD_SOCX_AGG@DF_SOCX_AGG(1.0),Social expenditure aggregates,I,AUS,Australia,A,Annual,SOCX,Social expenditure,PT_B1GQ,Percentage of GDP,ES10,Public,C,In cash spending,TP31,Incapacity related,_Z,Not applicable,2001,,2.027,,A,Normal value,0,Units,1,One,_Z,Not applicable,,
DATAFLOW,OECD.ELS.SPD:DSD_SOCX_AGG@DF_SOCX_AGG(1.0),Social expenditure aggregates,I,AUS,Australia,A,Annual,SOCX,Social expenditure,PT_B1GQ,Percentage of GDP,ES10,Public,C,In cash spending,TP31,Incapacity related,_Z,Not applicable,2002,,1.997,,A,Normal value,0,Units,1,One,_Z,Not applicable,,
DATAFLOW,OECD.ELS.SPD:DSD_SOCX_AGG@DF_SOCX_AGG(1.0),Social expenditure aggregates,I,AUS,Australia,A,Annual,SOCX,Social expenditure,PT_B1GQ,Percentage of GDP,ES10,Public,_T,Total,TP31,Incapacity related,_Z,Not applicable,2002,,2.52,,A,Normal value,0,Units,1,One,_Z,Not applicable,,
DATAFLOW,OECD.ELS.SPD:DSD_SOCX_AGG@DF_SOCX_AGG(1.0),Social expenditure aggregates,I,AUS,Australia,A,Annual,SOCX,Social expenditure,PT_B1GQ,Percentage of GDP,ES10,Public,K,In kind spending,TP31,Incapacity related,_Z,Not applicable,2002,,0.522,,A,Normal value,0,Units,1,One,_Z,Not applicable,,
DATAFLOW,OECD.ELS.SPD:DSD_SOCX_AGG@DF_SOCX_AGG(1.0),Social expenditure aggregates,I,AUS,Australia,A,Annual,SOCX,Social expenditure,PT_B1GQ,Percentage of GDP,ES10,Public,K,In kind spending,TP31,Incapacity related,_Z,Not applicable,2003,,0.521,,A,Normal value,0,Units,1,One,_Z,Not applicable,,
DATAFLOW,OECD.ELS.SPD:DSD_SOCX_AGG@DF_SOCX_AGG(1.0),Social expenditure aggregates,I,AUS,Australia,A,Annual,SOCX,Social expenditure,PT_B1GQ,Percentage of GDP,ES10,Public,_T,Total,TP31,Incapacity related,_Z,Not applicable,2003,,2.456,,A,Normal value,0,Units,1,One,_Z,Not applicable,,
DATAFLOW,OECD.ELS.SPD:DSD_SOCX_AGG@DF_SOCX_AGG(1.0),Social expenditure aggregates,I,AUS,Australia,A,Annual,SOCX,Social expenditure,PT_B1GQ,Percentage of GDP,ES10,Public,C,In cash spending,TP31,Incapacity related,_Z,Not applicable,2003,,1.935,,A,Normal value,0,Units,1,One,_Z,Not applicable,,
DATAFLOW,OECD.ELS.SPD:DSD_SOCX_AGG@DF_SOCX_AGG(1.0),Social expenditure aggregates,I,AUS,Australia,A,Annual,SOCX,Social expenditure,PT_B1GQ,Percentage of GDP,ES10,Public,C,In cash spending,TP31,Incapacity related,_Z,Not applicable,2004,,1.906,,A,Normal value,0,Units,1,One,_Z,Not applicable,,
DATAFLOW,OECD.ELS.SPD:DSD_SOCX_AGG@DF_SOCX_AGG(1.0),Social expenditure aggregates,I,AUS,Australia,A,Annual,SOCX,Social expenditure,PT_B1GQ,Percentage of GDP,ES10,Public,_T,Total,TP31,Incapacity related,_Z,Not applicable,2004,,2.347,,A,Normal value,0,Units,1,One,_Z,Not applicable,,
DATAFLOW,OECD.ELS.SPD:DSD_SOCX_AGG@DF_SOCX_AGG(1.0),Social expenditure aggregates,I,AUS,Australia,A,Annual,SOCX,Social expenditure,PT_B1GQ,Percentage of GDP,ES10,Public,K,In kind spending,TP31,Incapacity related,_Z,Not applicable,2004,,0.441,,A,Normal value,0,Units,1,One,_Z,Not applicable,,
DATAFLOW,OECD.ELS.SPD:DSD_SOCX_AGG@DF_SOCX_AGG(1.0),Social expenditure aggregates,I,IRL,Ireland,A,Annual,SOCX,Social expenditure,PT_B1GQ,Percentage of GDP,ES10,Public,_T,Total,TP31,Incapacity related,_Z,Not applicable,1990,,1.72,,A,Normal value,0,Units,1,One,_Z,Not applicable,,
DATAFLOW,OECD.ELS.SPD:DSD_SOCX_AGG@DF_SOCX_AGG(1.0),Social expenditure aggregates,I,IRL,Ireland,A,Annual,SOCX,Social expenditure,PT_B1GQ,Percentage of GDP,ES10,Public,_T,Total,TP31,Incapacity related,_Z,Not applicable,1991,,1.768,,A,Normal value,0,Units,1,One,_Z,Not applicable,,
DATAFLOW,OECD.ELS.SPD:DSD_SOCX_AGG@DF_SOCX_AGG(1.0),Social expenditure aggregates,I,IRL,Ireland,A,Annual,SOCX,Social expenditure,PT_B1GQ,Percentage of GDP,ES10,Public,_T,Total,TP31,Incapacity related,_Z,Not applicable,1992,,1.776,,A,Normal value,0,Units,1,One,_Z,Not applicable,,
DATAFLOW,OECD.ELS.SPD:DSD_SOCX_AGG@DF_SOCX_AGG(1.0),Social expenditure aggregates,I,IRL,Ireland,A,Annual,SOCX,Social expenditure,PT_B1GQ,Percentage of GDP,ES10,Public,_T,Total,TP31,Incapacity related,_Z,Not applicable,1993,,1.727,,A,Normal value,0,Units,1,One,_Z,Not applicable,,
DATAFLOW,OECD.ELS.SPD:DSD_SOCX_AGG@DF_SOCX_AGG(1.0),Social expenditure aggregates,I,IRL,Ireland,A,Annual,SOCX,Social expenditure,PT_B1GQ,Percentage of GDP,ES10,Public,_T,Total,TP31,Incapacity related,_Z,Not applicable,1994,,1.639,,A,Normal value,0,Units,1,One,_Z,Not applicable,,
DATAFLOW,OECD.ELS.SPD:DSD_SOCX_AGG@DF_SOCX_AGG(1.0),Social expenditure aggregates,I,IRL,Ireland,A,Annual,SOCX,Social expenditure,PT_B1GQ,Percentage of GDP,ES10,Public,_T,Total,TP31,Incapacity related,_Z,Not applicable,1995,,1.894,,A,Normal value,0,Units,1,One,_Z,Not applicable,,
DATAFLOW,OECD.ELS.SPD:DSD_SOCX_AGG@DF_SOCX_AGG(1.0),Social expenditure aggregates,I,IRL,Ireland,A,Annual,SOCX,Social expenditure,PT_B1GQ,Percentage of GDP,ES10,Public,_T,Total,TP31,Incapacity related,_Z,Not applicable,1996,,1.597,,A,Normal value,0,Units,1,One,_Z,Not applicable,,
DATAFLOW,OECD.ELS.SPD:DSD_SOCX_AGG@DF_SOCX_AGG(1.0),Social expenditure aggregates,I,IRL,Ireland,A,Annual,SOCX,Social expenditure,PT_B1GQ,Percentage of GDP,ES10,Public,_T,Total,TP31,Incapacity related,_Z,Not applicable,1997,,1.436,,A,Normal value,0,Units,1,One,_Z,Not applicable,,
DATAFLOW,OECD.ELS.SPD:DSD_SOCX_AGG@DF_SOCX_AGG(1.0),Social expenditure aggregates,I,IRL,Ireland,A,Annual,SOCX,Social expenditure,PT_B1GQ,Percentage of GDP,ES10,Public,_T,Total,TP31,Incapacity related,_Z,Not applicable,1998,,1.361,,A,Normal value,0,Units,1,One,_Z,Not applicable,,
DATAFLOW,OECD.ELS.SPD:DSD_SOCX_AGG@DF_SOCX_AGG(1.0),Social expenditure aggregates,I,IRL,Ireland,A,Annual,SOCX,Social expenditure,PT_B1GQ,Percentage of GDP,ES10,Public,_T,Total,TP31,Incapacity related,_Z,Not applicable,1999,,1.275,,A,Normal value,0,Units,1,One,_Z,Not applicable,,
DATAFLOW,OECD.ELS.SPD:DSD_SOCX_AGG@DF_SOCX_AGG(1.0),Social expenditure aggregates,I,IRL,Ireland,A,Annual,SOCX,Social expenditure,PT_B1GQ,Percentage of GDP,ES10,Public,_T,Total,TP31,Incapacity related,_Z,Not applicable,2000,,1.151,,A,Normal value,0,Units,1,One,_Z,Not applicable,,
DATAFLOW,OECD.ELS.SPD:DSD_SOCX_AGG@DF_SOCX_AGG(1.0),Social expenditure aggregates,I,IRL,Ireland,A,Annual,SOCX,Social expenditure,PT_B1GQ,Percentage of GDP,ES10,Public,_T,Total,TP31,Incapacity related,_Z,Not applicable,2001,,1.2,,A,Normal value,0,Units,1,One,_Z,Not applicable,,
DATAFLOW,OECD.ELS.SPD:DSD_SOCX_AGG@DF_SOCX_AGG(1.0),Social expenditure aggregates,I,IRL,Ireland,A,Annual,SOCX,Social expenditure,PT_B1GQ,Percentage of GDP,ES10,Public,_T,Total,TP31,Incapacity related,_Z,Not applicable,2002,,1.277,,A,Normal value,0,Units,1,One,_Z,Not applicable,,
DATAFLOW,OECD.ELS.SPD:DSD_SOCX_AGG@DF_SOCX_AGG(1.0),Social expenditure aggregates,I,IRL,Ireland,A,Annual,SOCX,Social expenditure,PT_B1GQ,Percentage of GDP,ES10,Public,_T,Total,TP31,Incapacity related,_Z,Not applicable,2003,,1.333,,A,Normal value,0,Units,1,One,_Z,Not applicable,,
DATAFLOW,OECD.ELS.SPD:DSD_SOCX_AGG@DF_SOCX_AGG(1.0),Social expenditure aggregates,I,IRL,Ireland,A,Annual,SOCX,Social expenditure,PT_B1GQ,Percentage of GDP,ES10,Public,_T,Total,TP31,Incapacity related,_Z,Not applicable,2004,,1.397,,A,Normal value,0,Units,1,One,_Z,Not applicable,,
DATAFLOW,OECD.ELS.SPD:DSD_SOCX_AGG@DF_SOCX_AGG(1.0),Social expenditure aggregates,I,IRL,Ireland,A,Annual,SOCX,Social expenditure,PT_B1GQ,Percentage of GDP,ES10,Public,_T,Total,TP31,Incapacity related,_Z,Not applicable,2005,,1.449,,A,Normal value,0,Units,1,One,_Z,Not applicable,,
DATAFLOW,OECD.ELS.SPD:DSD_SOCX_AGG@DF_SOCX_AGG(1.0),Social expenditure aggregates,I,IRL,Ireland,A,Annual,SOCX,Social expenditure,PT_B1GQ,Percentage of GDP,ES10,Public,_T,Total,TP31,Incapacity related,_Z,Not applicable,2006,,1.533,,A,Normal value,0,Units,1,One,_Z,Not applicable,,
DATAFLOW,OECD.ELS.SPD:DSD_SOCX_AGG@DF_SOCX_AGG(1.0),Social expenditure aggregates,I,IRL,Ireland,A,Annual,SOCX,Social expenditure,PT_B1GQ,Percentage of GDP,ES10,Public,_T,Total,TP31,Incapacity related,_Z,Not applicable,2007,,1.666,,A,Normal value,0,Units,1,One,_Z,Not applicable,,
DATAFLOW,OECD.ELS.SPD:DSD_SOCX_AGG@DF_SOCX_AGG(1.0),Social expenditure aggregates,I,IRL,Ireland,A,Annual,SOCX,Social expenditure,PT_B1GQ,Percentage of GDP,ES10,Public,_T,Total,TP31,Incapacity related,_Z,Not applicable,2008,,1.985,,A,Normal value,0,Units,1,One,_Z,Not applicable,,
DATAFLOW,OECD.ELS.SPD:DSD_SOCX_AGG@DF_SOCX_AGG(1.0),Social expenditure aggregates,I,IRL,Ireland,A,Annual,SOCX,Social expenditure,PT_B1GQ,Percentage of GDP,ES10,Public,_T,Total,TP31,Incapacity related,_Z,Not applicable,2009,,2.31,,A,Normal value,0,Units,1,One,_Z,Not applicable,,
DATAFLOW,OECD.ELS.SPD:DSD_SOCX_AGG@DF_SOCX_AGG(1.0),Social expenditure aggregates,I,IRL,Ireland,A,Annual,SOCX,Social expenditure,PT_B1GQ,Percentage of GDP,ES10,Public,_T,Total,TP31,Incapacity related,_Z,Not applicable,2010,,2.366,,A,Normal value,0,Units,1,One,_Z,Not applicable,,
DATAFLOW,OECD.ELS.SPD:DSD_SOCX_AGG@DF_SOCX_AGG(1.0),Social expenditure aggregates,I,IRL,Ireland,A,Annual,SOCX,Social expenditure,PT_B1GQ,Percentage of GDP,ES10,Public,_T,Total,TP31,Incapacity related,_Z,Not applicable,2011,,2.196,,A,Normal value,0,Units,1,One,_Z,Not applicable,,
DATAFLOW,OECD.ELS.SPD:DSD_SOCX_AGG@DF_SOCX_AGG(1.0),Social expenditure aggregates,I,IRL,Ireland,A,Annual,SOCX,Social expenditure,PT_B1GQ,Percentage of GDP,ES10,Public,_T,Total,TP31,Incapacity related,_Z,Not applicable,2012,,2.093,,A,Normal value,0,Units,1,One,_Z,Not applicable,,
DATAFLOW,OECD.ELS.SPD:DSD_SOCX_AGG@DF_SOCX_AGG(1.0),Social expenditure aggregates,I,IRL,Ireland,A,Annual,SOCX,Social expenditure,PT_B1GQ,Percentage of GDP,ES10,Public,_T,Total,TP31,Incapacity related,_Z,Not applicable,2013,,2.057,,A,Normal value,0,Units,1,One,_Z,Not applicable,,
DATAFLOW,OECD.ELS.SPD:DSD_SOCX_AGG@DF_SOCX_AGG(1.0),Social expenditure aggregates,I,IRL,Ireland,A,Annual,SOCX,Social expenditure,PT_B1GQ,Percentage of GDP,ES10,Public,_T,Total,TP31,Incapacity related,_Z,Not applicable,2014,,1.859,,A,Normal value,0,Units,1,One,_Z,Not applicable,,
DATAFLOW,OECD.ELS.SPD:DSD_SOCX_AGG@DF_SOCX_AGG(1.0),Social expenditure aggregates,I,IRL,Ireland,A,Annual,SOCX,Social expenditure,PT_B1GQ,Percentage of GDP,ES10,Public,_T,Total,TP31,Incapacity related,_Z,Not applicable,2015,,1.417,,A,Normal value,0,Units,1,One,_Z,Not applicable,,
DATAFLOW,OECD.ELS.SPD:DSD_SOCX_AGG@DF_SOCX_AGG(1.0),Social expenditure aggregates,I,IRL,Ireland,A,Annual,SOCX,Social expenditure,PT_B1GQ,Percentage of GDP,ES10,Public,_T,Total,TP31,Incapacity related,_Z,Not applicable,2016,,1.448,,A,Normal value,0,Units,1,One,_Z,Not applicable,,
DATAFLOW,OECD.ELS.SPD:DSD_SOCX_AGG@DF_SOCX_AGG(1.0),Social expenditure aggregates,I,IRL,Ireland,A,Annual,SOCX,Social expenditure,PT_B1GQ,Percentage of GDP,ES10,Public,_T,Total,TP31,Incapacity related,_Z,Not applicable,2017,,1.378,,A,Normal value,0,Units,1,One,_Z,Not applicable,,
DATAFLOW,OECD.ELS.SPD:DSD_SOCX_AGG@DF_SOCX_AGG(1.0),Social expenditure aggregates,I,IRL,Ireland,A,Annual,SOCX,Social expenditure,PT_B1GQ,Percentage of GDP,ES10,Public,_T,Total,TP31,Incapacity related,_Z,Not applicable,2018,,1.354,,A,Normal value,0,Units,1,One,_Z,Not applicable,,
DATAFLOW,OECD.ELS.SPD:DSD_SOCX_AGG@DF_SOCX_AGG(1.0),Social expenditure aggregates,I,IRL,Ireland,A,Annual,SOCX,Social expenditure,PT_B1GQ,Percentage of GDP,ES10,Public,_T,Total,TP31,Incapacity related,_Z,Not applicable,2019,,1.312,,A,Normal value,0,Units,1,One,_Z,Not applicable,,
DATAFLOW,OECD.ELS.SPD:DSD_SOCX_AGG@DF_SOCX_AGG(1.0),Social expenditure aggregates,I,IRL,Ireland,A,Annual,SOCX,Social expenditure,PT_B1GQ,Percentage of GDP,ES10,Public,_T,Total,TP31,Incapacity related,_Z,Not applicable,2020,,1.358,,A,Normal value,0,Units,1,One,_Z,Not applicable,,
DATAFLOW,OECD.ELS.SPD:DSD_SOCX_AGG@DF_SOCX_AGG(1.0),Social expenditure aggregates,I,IRL,Ireland,A,Annual,SOCX,Social expenditure,PT_B1GQ,Percentage of GDP,ES10,Public,_T,Total,TP31,Incapacity related,_Z,Not applicable,2021,,1.163,,A,Normal value,0,Units,1,One,_Z,Not applicable,,
DATAFLOW,OECD.ELS.SPD:DSD_SOCX_AGG@DF_SOCX_AGG(1.0),Social expenditure aggregates,I,IRL,Ireland,A,Annual,SOCX,Social expenditure,PT_B1GQ,Percentage of GDP,ES10,Public,K,In kind spending,TP31,Incapacity related,_Z,Not applicable,1990,,0.042,,A,Normal value,0,Units,1,One,_Z,Not applicable,,
DATAFLOW,OECD.ELS.SPD:DSD_SOCX_AGG@DF_SOCX_AGG(1.0),Social expenditure aggregates,I,IRL,Ireland,A,Annual,SOCX,Social expenditure,PT_B1GQ,Percentage of GDP,ES10,Public,K,In kind spending,TP31,Incapacity related,_Z,Not applicable,1991,,0.045,,A,Normal value,0,Units,1,One,_Z,Not applicable,,
DATAFLOW,OECD.ELS.SPD:DSD_SOCX_AGG@DF_SOCX_AGG(1.0),Social expenditure aggregates,I,IRL,Ireland,A,Annual,SOCX,Social expenditure,PT_B1GQ,Percentage of GDP,ES10,Public,K,In kind spending,TP31,Incapacity related,_Z,Not applicable,1992,,0.044,,A,Normal value,0,Units,1,One,_Z,Not applicable,,
DATAFLOW,OECD.ELS.SPD:DSD_SOCX_AGG@DF_SOCX_AGG(1.0),Social expenditure aggregates,I,IRL,Ireland,A,Annual,SOCX,Social expenditure,PT_B1GQ,Percentage of GDP,ES10,Public,K,In kind spending,TP31,Incapacity related,_Z,Not applicable,1993,,0.041,,A,Normal value,0,Units,1,One,_Z,Not applicable,,
DATAFLOW,OECD.ELS.SPD:DSD_SOCX_AGG@DF_SOCX_AGG(1.0),Social expenditure aggregates,I,IRL,Ireland,A,Annual,SOCX,Social expenditure,PT_B1GQ,Percentage of GDP,ES10,Public,K,In kind spending,TP31,Incapacity related,_Z,Not applicable,1994,,0.039,,A,Normal value,0,Units,1,One,_Z,Not applicable,,
DATAFLOW,OECD.ELS.SPD:DSD_SOCX_AGG@DF_SOCX_AGG(1.0),Social expenditure aggregates,I,IRL,Ireland,A,Annual,SOCX,Social expenditure,PT_B1GQ,Percentage of GDP,ES10,Public,K,In kind spending,TP31,Incapacity related,_Z,Not applicable,1995,,0.061,,A,Normal value,0,Units,1,One,_Z,Not applicable,,
DATAFLOW,OECD.ELS.SPD:DSD_SOCX_AGG@DF_SOCX_AGG(1.0),Social expenditure aggregates,I,IRL,Ireland,A,Annual,SOCX,Social expenditure,PT_B1GQ,Percentage of GDP,ES10,Public,K,In kind spending,TP31,Incapacity related,_Z,Not applicable,1996,,0.059,,A,Normal value,0,Units,1,One,_Z,Not applicable,,
DATAFLOW,OECD.ELS.SPD:DSD_SOCX_AGG@DF_SOCX_AGG(1.0),Social expenditure aggregates,I,IRL,Ireland,A,Annual,SOCX,Social expenditure,PT_B1GQ,Percentage of GDP,ES10,Public,K,In kind spending,TP31,Incapacity related,_Z,Not applicable,1997,,0.054,,A,Normal value,0,Units,1,One,_Z,Not applicable,,
DATAFLOW,OECD.ELS.SPD:DSD_SOCX_AGG@DF_SOCX_AGG(1.0),Social expenditure aggregates,I,IRL,Ireland,A,Annual,SOCX,Social expenditure,PT_B1GQ,Percentage of GDP,ES10,Public,K,In kind spending,TP31,Incapacity related,_Z,Not applicable,1998,,0.049,,A,Normal value,0,Units,1,One,_Z,Not applicable,,
DATAFLOW,OECD.ELS.SPD:DSD_SOCX_AGG@DF_SOCX_AGG(1.0),Social expenditure aggregates,I,IRL,Ireland,A,Annual,SOCX,Social expenditure,PT_B1GQ,Percentage of GDP,ES10,Public,K,In kind spending,TP31,Incapacity related,_Z,Not applicable,1999,,0.055,,A,Normal value,0,Units,1,One,_Z,Not applicable,,
DATAFLOW,OECD.ELS.SPD:DSD_SOCX_AGG@DF_SOCX_AGG(1.0),Social expenditure aggregates,I,IRL,Ireland,A,Annual,SOCX,Social expenditure,PT_B1GQ,Percentage of GDP,ES10,Public,K,In kind spending,TP31,Incapacity related,_Z,Not applicable,2000,,0.028,,A,Normal value,0,Units,1,One,_Z,Not applicable,,
DATAFLOW,OECD.ELS.SPD:DSD_SOCX_AGG@DF_SOCX_AGG(1.0),Social expenditure aggregates,I,IRL,Ireland,A,Annual,SOCX,Social expenditure,PT_B1GQ,Percentage of GDP,ES10,Public,K,In kind spending,TP31,Incapacity related,_Z,Not applicable,2001,,0.026,,A,Normal value,0,Units,1,One,_Z,Not applicable,,
DATAFLOW,OECD.ELS.SPD:DSD_SOCX_AGG@DF_SOCX_AGG(1.0),Social expenditure aggregates,I,IRL,Ireland,A,Annual,SOCX,Social expenditure,PT_B1GQ,Percentage of GDP,ES10,Public,K,In kind spending,TP31,Incapacity related,_Z,Not applicable,2002,,0.036,,A,Normal value,0,Units,1,One,_Z,Not applicable,,
DATAFLOW,OECD.ELS.SPD:DSD_SOCX_AGG@DF_SOCX_AGG(1.0),Social expenditure aggregates,I,IRL,Ireland,A,Annual,SOCX,Social expenditure,PT_B1GQ,Percentage of GDP,ES10,Public,K,In kind spending,TP31,Incapacity related,_Z,Not applicable,2003,,0.039,,A,Normal value,0,Units,1,One,_Z,Not applicable,,
DATAFLOW,OECD.ELS.SPD:DSD_SOCX_AGG@DF_SOCX_AGG(1.0),Social expenditure aggregates,I,IRL,Ireland,A,Annual,SOCX,Social expenditure,PT_B1GQ,Percentage of GDP,ES10,Public,K,In kind spending,TP31,Incapacity related,_Z,Not applicable,2004,,0.039,,A,Normal value,0,Units,1,One,_Z,Not applicable,,
DATAFLOW,OECD.ELS.SPD:DSD_SOCX_AGG@DF_SOCX_AGG(1.0),Social expenditure aggregates,I,IRL,Ireland,A,Annual,SOCX,Social expenditure,PT_B1GQ,Percentage of GDP,ES10,Public,K,In kind spending,TP31,Incapacity related,_Z,Not applicable,2005,,0.037,,A,Normal value,0,Units,1,One,_Z,Not applicable,,
DATAFLOW,OECD.ELS.SPD:DSD_SOCX_AGG@DF_SOCX_AGG(1.0),Social expenditure aggregates,I,IRL,Ireland,A,Annual,SOCX,Social expenditure,PT_B1GQ,Percentage of GDP,ES10,Public,K,In kind spending,TP31,Incapacity related,_Z,Not applicable,2006,,0.04,,A,Normal value,0,Units,1,One,_Z,Not applicable,,
DATAFLOW,OECD.ELS.SPD:DSD_SOCX_AGG@DF_SOCX_AGG(1.0),Social expenditure aggregates,I,IRL,Ireland,A,Annual,SOCX,Social expenditure,PT_B1GQ,Percentage of GDP,ES10,Public,K,In kind spending,TP31,Incapacity related,_Z,Not applicable,2007,,0.045,,A,Normal value,0,Units,1,One,_Z,Not applicable,,
DATAFLOW,OECD.ELS.SPD:DSD_SOCX_AGG@DF_SOCX_AGG(1.0),Social expenditure aggregates,I,IRL,Ireland,A,Annual,SOCX,Social expenditure,PT_B1GQ,Percentage of GDP,ES10,Public,K,In kind spending,TP31,Incapacity related,_Z,Not applicable,2008,,0.053,,A,Normal value,0,Units,1,One,_Z,Not applicable,,
DATAFLOW,OECD.ELS.SPD:DSD_SOCX_AGG@DF_SOCX_AGG(1.0),Social expenditure aggregates,I,IRL,Ireland,A,Annual,SOCX,Social expenditure,PT_B1GQ,Percentage of GDP,ES10,Public,K,In kind spending,TP31,Incapacity related,_Z,Not applicable,2009,,0.063,,A,Normal value,0,Units,1,One,_Z,Not applicable,,
DATAFLOW,OECD.ELS.SPD:DSD_SOCX_AGG@DF_SOCX_AGG(1.0),Social expenditure aggregates,I,IRL,Ireland,A,Annual,SOCX,Social expenditure,PT_B1GQ,Percentage of GDP,ES10,Public,K,In kind spending,TP31,Incapacity related,_Z,Not applicable,2010,,0.069,,A,Normal value,0,Units,1,One,_Z,Not applicable,,
DATAFLOW,OECD.ELS.SPD:DSD_SOCX_AGG@DF_SOCX_AGG(1.0),Social expenditure aggregates,I,IRL,Ireland,A,Annual,SOCX,Social expenditure,PT_B1GQ,Percentage of GDP,ES10,Public,K,In kind spending,TP31,Incapacity related,_Z,Not applicable,2011,,0.067,,A,Normal value,0,Units,1,One,_Z,Not applicable,,
DATAFLOW,OECD.ELS.SPD:DSD_SOCX_AGG@DF_SOCX_AGG(1.0),Social expenditure aggregates,I,IRL,Ireland,A,Annual,SOCX,Social expenditure,PT_B1GQ,Percentage of GDP,ES10,Public,K,In kind spending,TP31,Incapacity related,_Z,Not applicable,2012,,0.059,,A,Normal value,0,Units,1,One,_Z,Not applicable,,
DATAFLOW,OECD.ELS.SPD:DSD_SOCX_AGG@DF_SOCX_AGG(1.0),Social expenditure aggregates,I,IRL,Ireland,A,Annual,SOCX,Social expenditure,PT_B1GQ,Percentage of GDP,ES10,Public,K,In kind spending,TP31,Incapacity related,_Z,Not applicable,2013,,0.054,,A,Normal value,0,Units,1,One,_Z,Not applicable,,
DATAFLOW,OECD.ELS.SPD:DSD_SOCX_AGG@DF_SOCX_AGG(1.0),Social expenditure aggregates,I,IRL,Ireland,A,Annual,SOCX,Social expenditure,PT_B1GQ,Percentage of GDP,ES10,Public,K,In kind spending,TP31,Incapacity related,_Z,Not applicable,2014,,0.046,,A,Normal value,0,Units,1,One,_Z,Not applicable,,
DATAFLOW,OECD.ELS.SPD:DSD_SOCX_AGG@DF_SOCX_AGG(1.0),Social expenditure aggregates,I,IRL,Ireland,A,Annual,SOCX,Social expenditure,PT_B1GQ,Percentage of GDP,ES10,Public,K,In kind spending,TP31,Incapacity related,_Z,Not applicable,2015,,0.033,,A,Normal value,0,Units,1,One,_Z,Not applicable,,
DATAFLOW,OECD.ELS.SPD:DSD_SOCX_AGG@DF_SOCX_AGG(1.0),Social expenditure aggregates,I,IRL,Ireland,A,Annual,SOCX,Social expenditure,PT_B1GQ,Percentage of GDP,ES10,Public,K,In kind spending,TP31,Incapacity related,_Z,Not applicable,2016,,0.035,,A,Normal value,0,Units,1,One,_Z,Not applicable,,
DATAFLOW,OECD.ELS.SPD:DSD_SOCX_AGG@DF_SOCX_AGG(1.0),Social expenditure aggregates,I,IRL,Ireland,A,Annual,SOCX,Social expenditure,PT_B1GQ,Percentage of GDP,ES10,Public,K,In kind spending,TP31,Incapacity related,_Z,Not applicable,2017,,0.033,,A,Normal value,0,Units,1,One,_Z,Not applicable,,
DATAFLOW,OECD.ELS.SPD:DSD_SOCX_AGG@DF_SOCX_AGG(1.0),Social expenditure aggregates,I,IRL,Ireland,A,Annual,SOCX,Social expenditure,PT_B1GQ,Percentage of GDP,ES10,Public,K,In kind spending,TP31,Incapacity related,_Z,Not applicable,2018,,0.033,,A,Normal value,0,Units,1,One,_Z,Not applicable,,
DATAFLOW,OECD.ELS.SPD:DSD_SOCX_AGG@DF_SOCX_AGG(1.0),Social expenditure aggregates,I,IRL,Ireland,A,Annual,SOCX,Social expenditure,PT_B1GQ,Percentage of GDP,ES10,Public,K,In kind spending,TP31,Incapacity related,_Z,Not applicable,2019,,0.033,,A,Normal value,0,Units,1,One,_Z,Not applicable,,
DATAFLOW,OECD.ELS.SPD:DSD_SOCX_AGG@DF_SOCX_AGG(1.0),Social expenditure aggregates,I,IRL,Ireland,A,Annual,SOCX,Social expenditure,PT_B1GQ,Percentage of GDP,ES10,Public,K,In kind spending,TP31,Incapacity related,_Z,Not applicable,2020,,0.037,,A,Normal value,0,Units,1,One,_Z,Not applicable,,
DATAFLOW,OECD.ELS.SPD:DSD_SOCX_AGG@DF_SOCX_AGG(1.0),Social expenditure aggregates,I,IRL,Ireland,A,Annual,SOCX,Social expenditure,PT_B1GQ,Percentage of GDP,ES10,Public,K,In kind spending,TP31,Incapacity related,_Z,Not applicable,2021,,0.033,,A,Normal value,0,Units,1,One,_Z,Not applicable,,
DATAFLOW,OECD.ELS.SPD:DSD_SOCX_AGG@DF_SOCX_AGG(1.0),Social expenditure aggregates,I,IRL,Ireland,A,Annual,SOCX,Social expenditure,PT_B1GQ,Percentage of GDP,ES10,Public,C,In cash spending,TP31,Incapacity related,_Z,Not applicable,1990,,1.678,,A,Normal value,0,Units,1,One,_Z,Not applicable,,
DATAFLOW,OECD.ELS.SPD:DSD_SOCX_AGG@DF_SOCX_AGG(1.0),Social expenditure aggregates,I,IRL,Ireland,A,Annual,SOCX,Social expenditure,PT_B1GQ,Percentage of GDP,ES10,Public,C,In cash spending,TP31,Incapacity related,_Z,Not applicable,1991,,1.723,,A,Normal value,0,Units,1,One,_Z,Not applicable,,
DATAFLOW,OECD.ELS.SPD:DSD_SOCX_AGG@DF_SOCX_AGG(1.0),Social expenditure aggregates,I,IRL,Ireland,A,Annual,SOCX,Social expenditure,PT_B1GQ,Percentage of GDP,ES10,Public,C,In cash spending,TP31,Incapacity related,_Z,Not applicable,1992,,1.732,,A,Normal value,0,Units,1,One,_Z,Not applicable,,
DATAFLOW,OECD.ELS.SPD:DSD_SOCX_AGG@DF_SOCX_AGG(1.0),Social expenditure aggregates,I,IRL,Ireland,A,Annual,SOCX,Social expenditure,PT_B1GQ,Percentage of GDP,ES10,Public,C,In cash spending,TP31,Incapacity related,_Z,Not applicable,1993,,1.686,,A,Normal value,0,Units,1,One,_Z,Not applicable,,
DATAFLOW,OECD.ELS.SPD:DSD_SOCX_AGG@DF_SOCX_AGG(1.0),Social expenditure aggregates,I,IRL,Ireland,A,Annual,SOCX,Social expenditure,PT_B1GQ,Percentage of GDP,ES10,Public,C,In cash spending,TP31,Incapacity related,_Z,Not applicable,1994,,1.6,,A,Normal value,0,Units,1,One,_Z,Not applicable,,
DATAFLOW,OECD.ELS.SPD:DSD_SOCX_AGG@DF_SOCX_AGG(1.0),Social expenditure aggregates,I,IRL,Ireland,A,Annual,SOCX,Social expenditure,PT_B1GQ,Percentage of GDP,ES10,Public,C,In cash spending,TP31,Incapacity related,_Z,Not applicable,1995,,1.832,,A,Normal value,0,Units,1,One,_Z,Not applicable,,
DATAFLOW,OECD.ELS.SPD:DSD_SOCX_AGG@DF_SOCX_AGG(1.0),Social expenditure aggregates,I,IRL,Ireland,A,Annual,SOCX,Social expenditure,PT_B1GQ,Percentage of GDP,ES10,Public,C,In cash spending,TP31,Incapacity related,_Z,Not applicable,1996,,1.538,,A,Normal value,0,Units,1,One,_Z,Not applicable,,
DATAFLOW,OECD.ELS.SPD:DSD_SOCX_AGG@DF_SOCX_AGG(1.0),Social expenditure aggregates,I,IRL,Ireland,A,Annual,SOCX,Social expenditure,PT_B1GQ,Percentage of GDP,ES10,Public,C,In cash spending,TP31,Incapacity related,_Z,Not applicable,1997,,1.382,,A,Normal value,0,Units,1,One,_Z,Not applicable,,
DATAFLOW,OECD.ELS.SPD:DSD_SOCX_AGG@DF_SOCX_AGG(1.0),Social expenditure aggregates,I,IRL,Ireland,A,Annual,SOCX,Social expenditure,PT_B1GQ,Percentage of GDP,ES10,Public,C,In cash spending,TP31,Incapacity related,_Z,Not applicable,1998,,1.312,,A,Normal value,0,Units,1,One,_Z,Not applicable,,
DATAFLOW,OECD.ELS.SPD:DSD_SOCX_AGG@DF_SOCX_AGG(1.0),Social expenditure aggregates,I,IRL,Ireland,A,Annual,SOCX,Social expenditure,PT_B1GQ,Percentage of GDP,ES10,Public,C,In cash spending,TP31,Incapacity related,_Z,Not applicable,1999,,1.22,,A,Normal value,0,Units,1,One,_Z,Not applicable,,
DATAFLOW,OECD.ELS.SPD:DSD_SOCX_AGG@DF_SOCX_AGG(1.0),Social expenditure aggregates,I,IRL,Ireland,A,Annual,SOCX,Social expenditure,PT_B1GQ,Percentage of GDP,ES10,Public,C,In cash spending,TP31,Incapacity related,_Z,Not applicable,2000,,1.123,,A,Normal value,0,Units,1,One,_Z,Not applicable,,
DATAFLOW,OECD.ELS.SPD:DSD_SOCX_AGG@DF_SOCX_AGG(1.0),Social expenditure aggregates,I,IRL,Ireland,A,Annual,SOCX,Social expenditure,PT_B1GQ,Percentage of GDP,ES10,Public,C,In cash spending,TP31,Incapacity related,_Z,Not applicable,2001,,1.173,,A,Normal value,0,Units,1,One,_Z,Not applicable,,
DATAFLOW,OECD.ELS.SPD:DSD_SOCX_AGG@DF_SOCX_AGG(1.0),Social expenditure aggregates,I,IRL,Ireland,A,Annual,SOCX,Social expenditure,PT_B1GQ,Percentage of GDP,ES10,Public,C,In cash spending,TP31,Incapacity related,_Z,Not applicable,2002,,1.241,,A,Normal value,0,Units,1,One,_Z,Not applicable,,
DATAFLOW,OECD.ELS.SPD:DSD_SOCX_AGG@DF_SOCX_AGG(1.0),Social expenditure aggregates,I,IRL,Ireland,A,Annual,SOCX,Social expenditure,PT_B1GQ,Percentage of GDP,ES10,Public,C,In cash spending,TP31,Incapacity related,_Z,Not applicable,2003,,1.294,,A,Normal value,0,Units,1,One,_Z,Not applicable,,
DATAFLOW,OECD.ELS.SPD:DSD_SOCX_AGG@DF_SOCX_AGG(1.0),Social expenditure aggregates,I,IRL,Ireland,A,Annual,SOCX,Social expenditure,PT_B1GQ,Percentage of GDP,ES10,Public,C,In cash spending,TP31,Incapacity related,_Z,Not applicable,2004,,1.359,,A,Normal value,0,Units,1,One,_Z,Not applicable,,
DATAFLOW,OECD.ELS.SPD:DSD_SOCX_AGG@DF_SOCX_AGG(1.0),Social expenditure aggregates,I,IRL,Ireland,A,Annual,SOCX,Social expenditure,PT_B1GQ,Percentage of GDP,ES10,Public,C,In cash spending,TP31,Incapacity related,_Z,Not applicable,2005,,1.411,,A,Normal value,0,Units,1,One,_Z,Not applicable,,
DATAFLOW,OECD.ELS.SPD:DSD_SOCX_AGG@DF_SOCX_AGG(1.0),Social expenditure aggregates,I,IRL,Ireland,A,Annual,SOCX,Social expenditure,PT_B1GQ,Percentage of GDP,ES10,Public,C,In cash spending,TP31,Incapacity related,_Z,Not applicable,2006,,1.493,,A,Normal value,0,Units,1,One,_Z,Not applicable,,
DATAFLOW,OECD.ELS.SPD:DSD_SOCX_AGG@DF_SOCX_AGG(1.0),Social expenditure aggregates,I,IRL,Ireland,A,Annual,SOCX,Social expenditure,PT_B1GQ,Percentage of GDP,ES10,Public,C,In cash spending,TP31,Incapacity related,_Z,Not applicable,2007,,1.621,,A,Normal value,0,Units,1,One,_Z,Not applicable,,
DATAFLOW,OECD.ELS.SPD:DSD_SOCX_AGG@DF_SOCX_AGG(1.0),Social expenditure aggregates,I,IRL,Ireland,A,Annual,SOCX,Social expenditure,PT_B1GQ,Percentage of GDP,ES10,Public,C,In cash spending,TP31,Incapacity related,_Z,Not applicable,2008,,1.933,,A,Normal value,0,Units,1,One,_Z,Not applicable,,
DATAFLOW,OECD.ELS.SPD:DSD_SOCX_AGG@DF_SOCX_AGG(1.0),Social expenditure aggregates,I,IRL,Ireland,A,Annual,SOCX,Social expenditure,PT_B1GQ,Percentage of GDP,ES10,Public,C,In cash spending,TP31,Incapacity related,_Z,Not applicable,2009,,2.247,,A,Normal value,0,Units,1,One,_Z,Not applicable,,
DATAFLOW,OECD.ELS.SPD:DSD_SOCX_AGG@DF_SOCX_AGG(1.0),Social expenditure aggregates,I,IRL,Ireland,A,Annual,SOCX,Social expenditure,PT_B1GQ,Percentage of GDP,ES10,Public,C,In cash spending,TP31,Incapacity related,_Z,Not applicable,2010,,2.297,,A,Normal value,0,Units,1,One,_Z,Not applicable,,
DATAFLOW,OECD.ELS.SPD:DSD_SOCX_AGG@DF_SOCX_AGG(1.0),Social expenditure aggregates,I,IRL,Ireland,A,Annual,SOCX,Social expenditure,PT_B1GQ,Percentage of GDP,ES10,Public,C,In cash spending,TP31,Incapacity related,_Z,Not applicable,2011,,2.129,,A,Normal value,0,Units,1,One,_Z,Not applicable,,
DATAFLOW,OECD.ELS.SPD:DSD_SOCX_AGG@DF_SOCX_AGG(1.0),Social expenditure aggregates,I,IRL,Ireland,A,Annual,SOCX,Social expenditure,PT_B1GQ,Percentage of GDP,ES10,Public,C,In cash spending,TP31,Incapacity related,_Z,Not applicable,2012,,2.034,,A,Normal value,0,Units,1,One,_Z,Not applicable,,
DATAFLOW,OECD.ELS.SPD:DSD_SOCX_AGG@DF_SOCX_AGG(1.0),Social expenditure aggregates,I,IRL,Ireland,A,Annual,SOCX,Social expenditure,PT_B1GQ,Percentage of GDP,ES10,Public,C,In cash spending,TP31,Incapacity related,_Z,Not applicable,2013,,2.003,,A,Normal value,0,Units,1,One,_Z,Not applicable,,
DATAFLOW,OECD.ELS.SPD:DSD_SOCX_AGG@DF_SOCX_AGG(1.0),Social expenditure aggregates,I,IRL,Ireland,A,Annual,SOCX,Social expenditure,PT_B1GQ,Percentage of GDP,ES10,Public,C,In cash spending,TP31,Incapacity related,_Z,Not applicable,2014,,1.813,,A,Normal value,0,Units,1,One,_Z,Not applicable,,
DATAFLOW,OECD.ELS.SPD:DSD_SOCX_AGG@DF_SOCX_AGG(1.0),Social expenditure aggregates,I,IRL,Ireland,A,Annual,SOCX,Social expenditure,PT_B1GQ,Percentage of GDP,ES10,Public,C,In cash spending,TP31,Incapacity related,_Z,Not applicable,2015,,1.384,,A,Normal value,0,Units,1,One,_Z,Not applicable,,
DATAFLOW,OECD.ELS.SPD:DSD_SOCX_AGG@DF_SOCX_AGG(1.0),Social expenditure aggregates,I,IRL,Ireland,A,Annual,SOCX,Social expenditure,PT_B1GQ,Percentage of GDP,ES10,Public,C,In cash spending,TP31,Incapacity related,_Z,Not applicable,2016,,1.412,,A,Normal value,0,Units,1,One,_Z,Not applicable,,
DATAFLOW,OECD.ELS.SPD:DSD_SOCX_AGG@DF_SOCX_AGG(1.0),Social expenditure aggregates,I,IRL,Ireland,A,Annual,SOCX,Social expenditure,PT_B1GQ,Percentage of GDP,ES10,Public,C,In cash spending,TP31,Incapacity related,_Z,Not applicable,2017,,1.345,,A,Normal value,0,Units,1,One,_Z,Not applicable,,
DATAFLOW,OECD.ELS.SPD:DSD_SOCX_AGG@DF_SOCX_AGG(1.0),Social expenditure aggregates,I,IRL,Ireland,A,Annual,SOCX,Social expenditure,PT_B1GQ,Percentage of GDP,ES10,Public,C,In cash spending,TP31,Incapacity related,_Z,Not applicable,2018,,1.321,,A,Normal value,0,Units,1,One,_Z,Not applicable,,
DATAFLOW,OECD.ELS.SPD:DSD_SOCX_AGG@DF_SOCX_AGG(1.0),Social expenditure aggregates,I,IRL,Ireland,A,Annual,SOCX,Social expenditure,PT_B1GQ,Percentage of GDP,ES10,Public,C,In cash spending,TP31,Incapacity related,_Z,Not applicable,2019,,1.279,,A,Normal value,0,Units,1,One,_Z,Not applicable,,
DATAFLOW,OECD.ELS.SPD:DSD_SOCX_AGG@DF_SOCX_AGG(1.0),Social expenditure aggregates,I,IRL,Ireland,A,Annual,SOCX,Social expenditure,PT_B1GQ,Percentage of GDP,ES10,Public,C,In cash spending,TP31,Incapacity related,_Z,Not applicable,2020,,1.322,,A,Normal value,0,Units,1,One,_Z,Not applicable,,
DATAFLOW,OECD.ELS.SPD:DSD_SOCX_AGG@DF_SOCX_AGG(1.0),Social expenditure aggregates,I,IRL,Ireland,A,Annual,SOCX,Social expenditure,PT_B1GQ,Percentage of GDP,ES10,Public,C,In cash spending,TP31,Incapacity related,_Z,Not applicable,2021,,1.131,,A,Normal value,0,Units,1,One,_Z,Not applicable,,
DATAFLOW,OECD.ELS.SPD:DSD_SOCX_AGG@DF_SOCX_AGG(1.0),Social expenditure aggregates,I,SWE,Sweden,A,Annual,SOCX,Social expenditure,PT_B1GQ,Percentage of GDP,ES10,Public,K,In kind spending,TP31,Incapacity related,_Z,Not applicable,1990,,0.42,,A,Normal value,0,Units,1,One,_Z,Not applicable,,
DATAFLOW,OECD.ELS.SPD:DSD_SOCX_AGG@DF_SOCX_AGG(1.0),Social expenditure aggregates,I,SWE,Sweden,A,Annual,SOCX,Social expenditure,PT_B1GQ,Percentage of GDP,ES10,Public,K,In kind spending,TP31,Incapacity related,_Z,Not applicable,1991,,0.429,,A,Normal value,0,Units,1,One,_Z,Not applicable,,
DATAFLOW,OECD.ELS.SPD:DSD_SOCX_AGG@DF_SOCX_AGG(1.0),Social expenditure aggregates,I,SWE,Sweden,A,Annual,SOCX,Social expenditure,PT_B1GQ,Percentage of GDP,ES10,Public,K,In kind spending,TP31,Incapacity related,_Z,Not applicable,1992,,0.452,,A,Normal value,0,Units,1,One,_Z,Not applicable,,
DATAFLOW,OECD.ELS.SPD:DSD_SOCX_AGG@DF_SOCX_AGG(1.0),Social expenditure aggregates,I,SWE,Sweden,A,Annual,SOCX,Social expenditure,PT_B1GQ,Percentage of GDP,ES10,Public,K,In kind spending,TP31,Incapacity related,_Z,Not applicable,1993,,1.012,,A,Normal value,0,Units,1,One,_Z,Not applicable,,
DATAFLOW,OECD.ELS.SPD:DSD_SOCX_AGG@DF_SOCX_AGG(1.0),Social expenditure aggregates,I,SWE,Sweden,A,Annual,SOCX,Social expenditure,PT_B1GQ,Percentage of GDP,ES10,Public,K,In kind spending,TP31,Incapacity related,_Z,Not applicable,1994,,1.084,,A,Normal value,0,Units,1,One,_Z,Not applicable,,
DATAFLOW,OECD.ELS.SPD:DSD_SOCX_AGG@DF_SOCX_AGG(1.0),Social expenditure aggregates,I,SWE,Sweden,A,Annual,SOCX,Social expenditure,PT_B1GQ,Percentage of GDP,ES10,Public,K,In kind spending,TP31,Incapacity related,_Z,Not applicable,1995,,1.237,,A,Normal value,0,Units,1,One,_Z,Not applicable,,
DATAFLOW,OECD.ELS.SPD:DSD_SOCX_AGG@DF_SOCX_AGG(1.0),Social expenditure aggregates,I,SWE,Sweden,A,Annual,SOCX,Social expenditure,PT_B1GQ,Percentage of GDP,ES10,Public,K,In kind spending,TP31,Incapacity related,_Z,Not applicable,1996,,1.24,,A,Normal value,0,Units,1,One,_Z,Not applicable,,
DATAFLOW,OECD.ELS.SPD:DSD_SOCX_AGG@DF_SOCX_AGG(1.0),Social expenditure aggregates,I,SWE,Sweden,A,Annual,SOCX,Social expenditure,PT_B1GQ,Percentage of GDP,ES10,Public,K,In kind spending,TP31,Incapacity related,_Z,Not applicable,1997,,1.202,,A,Normal value,0,Units,1,One,_Z,Not applicable,,
DATAFLOW,OECD.ELS.SPD:DSD_SOCX_AGG@DF_SOCX_AGG(1.0),Social expenditure aggregates,I,SWE,Sweden,A,Annual,SOCX,Social expenditure,PT_B1GQ,Percentage of GDP,ES10,Public,K,In kind spending,TP31,Incapacity related,_Z,Not applicable,1998,,1.236,,A,Normal value,0,Units,1,One,_Z,Not applicable,,
DATAFLOW,OECD.ELS.SPD:DSD_SOCX_AGG@DF_SOCX_AGG(1.0),Social expenditure aggregates,I,SWE,Sweden,A,Annual,SOCX,Social expenditure,PT_B1GQ,Percentage of GDP,ES10,Public,K,In kind spending,TP31,Incapacity related,_Z,Not applicable,1999,,1.304,,A,Normal value,0,Units,1,One,_Z,Not applicable,,
DATAFLOW,OECD.ELS.SPD:DSD_SOCX_AGG@DF_SOCX_AGG(1.0),Social expenditure aggregates,I,SWE,Sweden,A,Annual,SOCX,Social expenditure,PT_B1GQ,Percentage of GDP,ES10,Public,K,In kind spending,TP31,Incapacity related,_Z,Not applicable,2000,,1.551,,A,Normal value,0,Units,1,One,_Z,Not applicable,,
DATAFLOW,OECD.ELS.SPD:DSD_SOCX_AGG@DF_SOCX_AGG(1.0),Social expenditure aggregates,I,SWE,Sweden,A,Annual,SOCX,Social expenditure,PT_B1GQ,Percentage of GDP,ES10,Public,K,In kind spending,TP31,Incapacity related,_Z,Not applicable,2001,,1.611,,A,Normal value,0,Units,1,One,_Z,Not applicable,,
DATAFLOW,OECD.ELS.SPD:DSD_SOCX_AGG@DF_SOCX_AGG(1.0),Social expenditure aggregates,I,SWE,Sweden,A,Annual,SOCX,Social expenditure,PT_B1GQ,Percentage of GDP,ES10,Public,K,In kind spending,TP31,Incapacity related,_Z,Not applicable,2002,,1.662,,A,Normal value,0,Units,1,One,_Z,Not applicable,,
DATAFLOW,OECD.ELS.SPD:DSD_SOCX_AGG@DF_SOCX_AGG(1.0),Social expenditure aggregates,I,SWE,Sweden,A,Annual,SOCX,Social expenditure,PT_B1GQ,Percentage of GDP,ES10,Public,K,In kind spending,TP31,Incapacity related,_Z,Not applicable,2003,,1.736,,A,Normal value,0,Units,1,One,_Z,Not applicable,,
DATAFLOW,OECD.ELS.SPD:DSD_SOCX_AGG@DF_SOCX_AGG(1.0),Social expenditure aggregates,I,SWE,Sweden,A,Annual,SOCX,Social expenditure,PT_B1GQ,Percentage of GDP,ES10,Public,K,In kind spending,TP31,Incapacity related,_Z,Not applicable,2004,,1.741,,A,Normal value,0,Units,1,One,_Z,Not applicable,,
DATAFLOW,OECD.ELS.SPD:DSD_SOCX_AGG@DF_SOCX_AGG(1.0),Social expenditure aggregates,I,SWE,Sweden,A,Annual,SOCX,Social expenditure,PT_B1GQ,Percentage of GDP,ES10,Public,K,In kind spending,TP31,Incapacity related,_Z,Not applicable,2005,,1.756,,A,Normal value,0,Units,1,One,_Z,Not applicable,,
DATAFLOW,OECD.ELS.SPD:DSD_SOCX_AGG@DF_SOCX_AGG(1.0),Social expenditure aggregates,I,SWE,Sweden,A,Annual,SOCX,Social expenditure,PT_B1GQ,Percentage of GDP,ES10,Public,K,In kind spending,TP31,Incapacity related,_Z,Not applicable,2006,,1.726,,A,Normal value,0,Units,1,One,_Z,Not applicable,,
DATAFLOW,OECD.ELS.SPD:DSD_SOCX_AGG@DF_SOCX_AGG(1.0),Social expenditure aggregates,I,SWE,Sweden,A,Annual,SOCX,Social expenditure,PT_B1GQ,Percentage of GDP,ES10,Public,K,In kind spending,TP31,Incapacity related,_Z,Not applicable,2007,,1.735,,A,Normal value,0,Units,1,One,_Z,Not applicable,,
DATAFLOW,OECD.ELS.SPD:DSD_SOCX_AGG@DF_SOCX_AGG(1.0),Social expenditure aggregates,I,SWE,Sweden,A,Annual,SOCX,Social expenditure,PT_B1GQ,Percentage of GDP,ES10,Public,K,In kind spending,TP31,Incapacity related,_Z,Not applicable,2008,,1.79,,A,Normal value,0,Units,1,One,_Z,Not applicable,,
DATAFLOW,OECD.ELS.SPD:DSD_SOCX_AGG@DF_SOCX_AGG(1.0),Social expenditure aggregates,I,SWE,Sweden,A,Annual,SOCX,Social expenditure,PT_B1GQ,Percentage of GDP,ES10,Public,K,In kind spending,TP31,Incapacity related,_Z,Not applicable,2009,,1.915,,A,Normal value,0,Units,1,One,_Z,Not applicable,,
DATAFLOW,OECD.ELS.SPD:DSD_SOCX_AGG@DF_SOCX_AGG(1.0),Social expenditure aggregates,I,SWE,Sweden,A,Annual,SOCX,Social expenditure,PT_B1GQ,Percentage of GDP,ES10,Public,K,In kind spending,TP31,Incapacity related,_Z,Not applicable,2010,,1.88,,A,Normal value,0,Units,1,One,_Z,Not applicable,,
DATAFLOW,OECD.ELS.SPD:DSD_SOCX_AGG@DF_SOCX_AGG(1.0),Social expenditure aggregates,I,SWE,Sweden,A,Annual,SOCX,Social expenditure,PT_B1GQ,Percentage of GDP,ES10,Public,K,In kind spending,TP31,Incapacity related,_Z,Not applicable,2011,,1.932,,A,Normal value,0,Units,1,One,_Z,Not applicable,,
DATAFLOW,OECD.ELS.SPD:DSD_SOCX_AGG@DF_SOCX_AGG(1.0),Social expenditure aggregates,I,SWE,Sweden,A,Annual,SOCX,Social expenditure,PT_B1GQ,Percentage of GDP,ES10,Public,K,In kind spending,TP31,Incapacity related,_Z,Not applicable,2012,,1.79,,A,Normal value,0,Units,1,One,_Z,Not applicable,,
DATAFLOW,OECD.ELS.SPD:DSD_SOCX_AGG@DF_SOCX_AGG(1.0),Social expenditure aggregates,I,SWE,Sweden,A,Annual,SOCX,Social expenditure,PT_B1GQ,Percentage of GDP,ES10,Public,K,In kind spending,TP31,Incapacity related,_Z,Not applicable,2013,,1.872,,A,Normal value,0,Units,1,One,_Z,Not applicable,,
DATAFLOW,OECD.ELS.SPD:DSD_SOCX_AGG@DF_SOCX_AGG(1.0),Social expenditure aggregates,I,SWE,Sweden,A,Annual,SOCX,Social expenditure,PT_B1GQ,Percentage of GDP,ES10,Public,K,In kind spending,TP31,Incapacity related,_Z,Not applicable,2014,,1.84,,A,Normal value,0,Units,1,One,_Z,Not applicable,,
DATAFLOW,OECD.ELS.SPD:DSD_SOCX_AGG@DF_SOCX_AGG(1.0),Social expenditure aggregates,I,SWE,Sweden,A,Annual,SOCX,Social expenditure,PT_B1GQ,Percentage of GDP,ES10,Public,K,In kind spending,TP31,Incapacity related,_Z,Not applicable,2015,,1.821,,A,Normal value,0,Units,1,One,_Z,Not applicable,,
DATAFLOW,OECD.ELS.SPD:DSD_SOCX_AGG@DF_SOCX_AGG(1.0),Social expenditure aggregates,I,SWE,Sweden,A,Annual,SOCX,Social expenditure,PT_B1GQ,Percentage of GDP,ES10,Public,K,In kind spending,TP31,Incapacity related,_Z,Not applicable,2016,,1.754,,A,Normal value,0,Units,1,One,_Z,Not applicable,,
DATAFLOW,OECD.ELS.SPD:DSD_SOCX_AGG@DF_SOCX_AGG(1.0),Social expenditure aggregates,I,SWE,Sweden,A,Annual,SOCX,Social expenditure,PT_B1GQ,Percentage of GDP,ES10,Public,K,In kind spending,TP31,Incapacity related,_Z,Not applicable,2017,,1.775,,A,Normal value,0,Units,1,One,_Z,Not applicable,,
DATAFLOW,OECD.ELS.SPD:DSD_SOCX_AGG@DF_SOCX_AGG(1.0),Social expenditure aggregates,I,SWE,Sweden,A,Annual,SOCX,Social expenditure,PT_B1GQ,Percentage of GDP,ES10,Public,K,In kind spending,TP31,Incapacity related,_Z,Not applicable,2018,,1.81,,A,Normal value,0,Units,1,One,_Z,Not applicable,,
DATAFLOW,OECD.ELS.SPD:DSD_SOCX_AGG@DF_SOCX_AGG(1.0),Social expenditure aggregates,I,SWE,Sweden,A,Annual,SOCX,Social expenditure,PT_B1GQ,Percentage of GDP,ES10,Public,K,In kind spending,TP31,Incapacity related,_Z,Not applicable,2019,,1.748,,A,Normal value,0,Units,1,One,_Z,Not applicable,,
DATAFLOW,OECD.ELS.SPD:DSD_SOCX_AGG@DF_SOCX_AGG(1.0),Social expenditure aggregates,I,SWE,Sweden,A,Annual,SOCX,Social expenditure,PT_B1GQ,Percentage of GDP,ES10,Public,K,In kind spending,TP31,Incapacity related,_Z,Not applicable,2020,,1.763,,A,Normal value,0,Units,1,One,_Z,Not applicable,,
DATAFLOW,OECD.ELS.SPD:DSD_SOCX_AGG@DF_SOCX_AGG(1.0),Social expenditure aggregates,I,SWE,Sweden,A,Annual,SOCX,Social expenditure,PT_B1GQ,Percentage of GDP,ES10,Public,K,In kind spending,TP31,Incapacity related,_Z,Not applicable,2021,,1.675,,A,Normal value,0,Units,1,One,_Z,Not applicable,,
DATAFLOW,OECD.ELS.SPD:DSD_SOCX_AGG@DF_SOCX_AGG(1.0),Social expenditure aggregates,I,SWE,Sweden,A,Annual,SOCX,Social expenditure,PT_B1GQ,Percentage of GDP,ES10,Public,_T,Total,TP31,Incapacity related,_Z,Not applicable,1990,,5.181,,A,Normal value,0,Units,1,One,_Z,Not applicable,,
DATAFLOW,OECD.ELS.SPD:DSD_SOCX_AGG@DF_SOCX_AGG(1.0),Social expenditure aggregates,I,SWE,Sweden,A,Annual,SOCX,Social expenditure,PT_B1GQ,Percentage of GDP,ES10,Public,_T,Total,TP31,Incapacity related,_Z,Not applicable,1991,,4.976,,A,Normal value,0,Units,1,One,_Z,Not applicable,,
DATAFLOW,OECD.ELS.SPD:DSD_SOCX_AGG@DF_SOCX_AGG(1.0),Social expenditure aggregates,I,SWE,Sweden,A,Annual,SOCX,Social expenditure,PT_B1GQ,Percentage of GDP,ES10,Public,_T,Total,TP31,Incapacity related,_Z,Not applicable,1992,,4.409,,A,Normal value,0,Units,1,One,_Z,Not applicable,,
DATAFLOW,OECD.ELS.SPD:DSD_SOCX_AGG@DF_SOCX_AGG(1.0),Social expenditure aggregates,I,SWE,Sweden,A,Annual,SOCX,Social expenditure,PT_B1GQ,Percentage of GDP,ES10,Public,_T,Total,TP31,Incapacity related,_Z,Not applicable,1993,,5.07,,A,Normal value,0,Units,1,One,_Z,Not applicable,,
DATAFLOW,OECD.ELS.SPD:DSD_SOCX_AGG@DF_SOCX_AGG(1.0),Social expenditure aggregates,I,SWE,Sweden,A,Annual,SOCX,Social expenditure,PT_B1GQ,Percentage of GDP,ES10,Public,_T,Total,TP31,Incapacity related,_Z,Not applicable,1994,,4.846,,A,Normal value,0,Units,1,One,_Z,Not applicable,,
DATAFLOW,OECD.ELS.SPD:DSD_SOCX_AGG@DF_SOCX_AGG(1.0),Social expenditure aggregates,I,SWE,Sweden,A,Annual,SOCX,Social expenditure,PT_B1GQ,Percentage of GDP,ES10,Public,_T,Total,TP31,Incapacity related,_Z,Not applicable,1995,,4.687,,A,Normal value,0,Units,1,One,_Z,Not applicable,,
DATAFLOW,OECD.ELS.SPD:DSD_SOCX_AGG@DF_SOCX_AGG(1.0),Social expenditure aggregates,I,SWE,Sweden,A,Annual,SOCX,Social expenditure,PT_B1GQ,Percentage of GDP,ES10,Public,_T,Total,TP31,Incapacity related,_Z,Not applicable,1996,,4.441,,A,Normal value,0,Units,1,One,_Z,Not applicable,,
DATAFLOW,OECD.ELS.SPD:DSD_SOCX_AGG@DF_SOCX_AGG(1.0),Social expenditure aggregates,I,SWE,Sweden,A,Annual,SOCX,Social expenditure,PT_B1GQ,Percentage of GDP,ES10,Public,_T,Total,TP31,Incapacity related,_Z,Not applicable,1997,,4.239,,A,Normal value,0,Units,1,One,_Z,Not applicable,,
DATAFLOW,OECD.ELS.SPD:DSD_SOCX_AGG@DF_SOCX_AGG(1.0),Social expenditure aggregates,I,SWE,Sweden,A,Annual,SOCX,Social expenditure,PT_B1GQ,Percentage of GDP,ES10,Public,_T,Total,TP31,Incapacity related,_Z,Not applicable,1998,,4.363,,A,Normal value,0,Units,1,One,_Z,Not applicable,,
DATAFLOW,OECD.ELS.SPD:DSD_SOCX_AGG@DF_SOCX_AGG(1.0),Social expenditure aggregates,I,SWE,Sweden,A,Annual,SOCX,Social expenditure,PT_B1GQ,Percentage of GDP,ES10,Public,_T,Total,TP31,Incapacity related,_Z,Not applicable,1999,,4.557,,A,Normal value,0,Units,1,One,_Z,Not applicable,,
DATAFLOW,OECD.ELS.SPD:DSD_SOCX_AGG@DF_SOCX_AGG(1.0),Social expenditure aggregates,I,SWE,Sweden,A,Annual,SOCX,Social expenditure,PT_B1GQ,Percentage of GDP,ES10,Public,_T,Total,TP31,Incapacity related,_Z,Not applicable,2000,,4.928,,A,Normal value,0,Units,1,One,_Z,Not applicable,,
DATAFLOW,OECD.ELS.SPD:DSD_SOCX_AGG@DF_SOCX_AGG(1.0),Social expenditure aggregates,I,SWE,Sweden,A,Annual,SOCX,Social expenditure,PT_B1GQ,Percentage of GDP,ES10,Public,_T,Total,TP31,Incapacity related,_Z,Not applicable,2001,,5.196,,A,Normal value,0,Units,1,One,_Z,Not applicable,,
DATAFLOW,OECD.ELS.SPD:DSD_SOCX_AGG@DF_SOCX_AGG(1.0),Social expenditure aggregates,I,SWE,Sweden,A,Annual,SOCX,Social expenditure,PT_B1GQ,Percentage of GDP,ES10,Public,_T,Total,TP31,Incapacity related,_Z,Not applicable,2002,,5.437,,A,Normal value,0,Units,1,One,_Z,Not applicable,,
DATAFLOW,OECD.ELS.SPD:DSD_SOCX_AGG@DF_SOCX_AGG(1.0),Social expenditure aggregates,I,SWE,Sweden,A,Annual,SOCX,Social expenditure,PT_B1GQ,Percentage of GDP,ES10,Public,_T,Total,TP31,Incapacity related,_Z,Not applicable,2003,,5.545,,A,Normal value,0,Units,1,One,_Z,Not applicable,,
DATAFLOW,OECD.ELS.SPD:DSD_SOCX_AGG@DF_SOCX_AGG(1.0),Social expenditure aggregates,I,SWE,Sweden,A,Annual,SOCX,Social expenditure,PT_B1GQ,Percentage of GDP,ES10,Public,_T,Total,TP31,Incapacity related,_Z,Not applicable,2004,,5.366,,A,Normal value,0,Units,1,One,_Z,Not applicable,,
DATAFLOW,OECD.ELS.SPD:DSD_SOCX_AGG@DF_SOCX_AGG(1.0),Social expenditure aggregates,I,SWE,Sweden,A,Annual,SOCX,Social expenditure,PT_B1GQ,Percentage of GDP,ES10,Public,_T,Total,TP31,Incapacity related,_Z,Not applicable,2005,,5.23,,A,Normal value,0,Units,1,One,_Z,Not applicable,,
DATAFLOW,OECD.ELS.SPD:DSD_SOCX_AGG@DF_SOCX_AGG(1.0),Social expenditure aggregates,I,SWE,Sweden,A,Annual,SOCX,Social expenditure,PT_B1GQ,Percentage of GDP,ES10,Public,_T,Total,TP31,Incapacity related,_Z,Not applicable,2006,,4.969,,A,Normal value,0,Units,1,One,_Z,Not applicable,,
DATAFLOW,OECD.ELS.SPD:DSD_SOCX_AGG@DF_SOCX_AGG(1.0),Social expenditure aggregates,I,SWE,Sweden,A,Annual,SOCX,Social expenditure,PT_B1GQ,Percentage of GDP,ES10,Public,_T,Total,TP31,Incapacity related,_Z,Not applicable,2007,,4.673,,A,Normal value,0,Units,1,One,_Z,Not applicable,,
DATAFLOW,OECD.ELS.SPD:DSD_SOCX_AGG@DF_SOCX_AGG(1.0),Social expenditure aggregates,I,SWE,Sweden,A,Annual,SOCX,Social expenditure,PT_B1GQ,Percentage of GDP,ES10,Public,_T,Total,TP31,Incapacity related,_Z,Not applicable,2008,,4.503,,A,Normal value,0,Units,1,One,_Z,Not applicable,,
DATAFLOW,OECD.ELS.SPD:DSD_SOCX_AGG@DF_SOCX_AGG(1.0),Social expenditure aggregates,I,SWE,Sweden,A,Annual,SOCX,Social expenditure,PT_B1GQ,Percentage of GDP,ES10,Public,_T,Total,TP31,Incapacity related,_Z,Not applicable,2009,,4.54,,A,Normal value,0,Units,1,One,_Z,Not applicable,,
DATAFLOW,OECD.ELS.SPD:DSD_SOCX_AGG@DF_SOCX_AGG(1.0),Social expenditure aggregates,I,SWE,Sweden,A,Annual,SOCX,Social expenditure,PT_B1GQ,Percentage of GDP,ES10,Public,_T,Total,TP31,Incapacity related,_Z,Not applicable,2010,,4.106,,A,Normal value,0,Units,1,One,_Z,Not applicable,,
DATAFLOW,OECD.ELS.SPD:DSD_SOCX_AGG@DF_SOCX_AGG(1.0),Social expenditure aggregates,I,SWE,Sweden,A,Annual,SOCX,Social expenditure,PT_B1GQ,Percentage of GDP,ES10,Public,_T,Total,TP31,Incapacity related,_Z,Not applicable,2011,,3.996,,A,Normal value,0,Units,1,One,_Z,Not applicable,,
DATAFLOW,OECD.ELS.SPD:DSD_SOCX_AGG@DF_SOCX_AGG(1.0),Social expenditure aggregates,I,SWE,Sweden,A,Annual,SOCX,Social expenditure,PT_B1GQ,Percentage of GDP,ES10,Public,_T,Total,TP31,Incapacity related,_Z,Not applicable,2012,,3.857,,A,Normal value,0,Units,1,One,_Z,Not applicable,,
DATAFLOW,OECD.ELS.SPD:DSD_SOCX_AGG@DF_SOCX_AGG(1.0),Social expenditure aggregates,I,SWE,Sweden,A,Annual,SOCX,Social expenditure,PT_B1GQ,Percentage of GDP,ES10,Public,_T,Total,TP31,Incapacity related,_Z,Not applicable,2013,,3.952,,A,Normal value,0,Units,1,One,_Z,Not applicable,,
DATAFLOW,OECD.ELS.SPD:DSD_SOCX_AGG@DF_SOCX_AGG(1.0),Social expenditure aggregates,I,SWE,Sweden,A,Annual,SOCX,Social expenditure,PT_B1GQ,Percentage of GDP,ES10,Public,_T,Total,TP31,Incapacity related,_Z,Not applicable,2014,,3.898,,A,Normal value,0,Units,1,One,_Z,Not applicable,,
DATAFLOW,OECD.ELS.SPD:DSD_SOCX_AGG@DF_SOCX_AGG(1.0),Social expenditure aggregates,I,SWE,Sweden,A,Annual,SOCX,Social expenditure,PT_B1GQ,Percentage of GDP,ES10,Public,_T,Total,TP31,Incapacity related,_Z,Not applicable,2015,,3.83,,A,Normal value,0,Units,1,One,_Z,Not applicable,,
DATAFLOW,OECD.ELS.SPD:DSD_SOCX_AGG@DF_SOCX_AGG(1.0),Social expenditure aggregates,I,SWE,Sweden,A,Annual,SOCX,Social expenditure,PT_B1GQ,Percentage of GDP,ES10,Public,_T,Total,TP31,Incapacity related,_Z,Not applicable,2016,,3.703,,A,Normal value,0,Units,1,One,_Z,Not applicable,,
DATAFLOW,OECD.ELS.SPD:DSD_SOCX_AGG@DF_SOCX_AGG(1.0),Social expenditure aggregates,I,SWE,Sweden,A,Annual,SOCX,Social expenditure,PT_B1GQ,Percentage of GDP,ES10,Public,_T,Total,TP31,Incapacity related,_Z,Not applicable,2017,,3.6,,A,Normal value,0,Units,1,One,_Z,Not applicable,,
DATAFLOW,OECD.ELS.SPD:DSD_SOCX_AGG@DF_SOCX_AGG(1.0),Social expenditure aggregates,I,SWE,Sweden,A,Annual,SOCX,Social expenditure,PT_B1GQ,Percentage of GDP,ES10,Public,_T,Total,TP31,Incapacity related,_Z,Not applicable,2018,,3.54,,A,Normal value,0,Units,1,One,_Z,Not applicable,,
DATAFLOW,OECD.ELS.SPD:DSD_SOCX_AGG@DF_SOCX_AGG(1.0),Social expenditure aggregates,I,SWE,Sweden,A,Annual,SOCX,Social expenditure,PT_B1GQ,Percentage of GDP,ES10,Public,_T,Total,TP31,Incapacity related,_Z,Not applicable,2019,,3.379,,A,Normal value,0,Units,1,One,_Z,Not applicable,,
DATAFLOW,OECD.ELS.SPD:DSD_SOCX_AGG@DF_SOCX_AGG(1.0),Social expenditure aggregates,I,SWE,Sweden,A,Annual,SOCX,Social expenditure,PT_B1GQ,Percentage of GDP,ES10,Public,_T,Total,TP31,Incapacity related,_Z,Not applicable,2020,,3.918,,A,Normal value,0,Units,1,One,_Z,Not applicable,,
DATAFLOW,OECD.ELS.SPD:DSD_SOCX_AGG@DF_SOCX_AGG(1.0),Social expenditure aggregates,I,SWE,Sweden,A,Annual,SOCX,Social expenditure,PT_B1GQ,Percentage of GDP,ES10,Public,_T,Total,TP31,Incapacity related,_Z,Not applicable,2021,,3.249,,A,Normal value,0,Units,1,One,_Z,Not applicable,,
DATAFLOW,OECD.ELS.SPD:DSD_SOCX_AGG@DF_SOCX_AGG(1.0),Social expenditure aggregates,I,SWE,Sweden,A,Annual,SOCX,Social expenditure,PT_B1GQ,Percentage of GDP,ES10,Public,C,In cash spending,TP31,Incapacity related,_Z,Not applicable,1990,,4.761,,A,Normal value,0,Units,1,One,_Z,Not applicable,,
DATAFLOW,OECD.ELS.SPD:DSD_SOCX_AGG@DF_SOCX_AGG(1.0),Social expenditure aggregates,I,SWE,Sweden,A,Annual,SOCX,Social expenditure,PT_B1GQ,Percentage of GDP,ES10,Public,C,In cash spending,TP31,Incapacity related,_Z,Not applicable,1991,,4.547,,A,Normal value,0,Units,1,One,_Z,Not applicable,,
DATAFLOW,OECD.ELS.SPD:DSD_SOCX_AGG@DF_SOCX_AGG(1.0),Social expenditure aggregates,I,SWE,Sweden,A,Annual,SOCX,Social expenditure,PT_B1GQ,Percentage of GDP,ES10,Public,C,In cash spending,TP31,Incapacity related,_Z,Not applicable,1992,,3.957,,A,Normal value,0,Units,1,One,_Z,Not applicable,,
DATAFLOW,OECD.ELS.SPD:DSD_SOCX_AGG@DF_SOCX_AGG(1.0),Social expenditure aggregates,I,SWE,Sweden,A,Annual,SOCX,Social expenditure,PT_B1GQ,Percentage of GDP,ES10,Public,C,In cash spending,TP31,Incapacity related,_Z,Not applicable,1993,,4.058,,A,Normal value,0,Units,1,One,_Z,Not applicable,,
DATAFLOW,OECD.ELS.SPD:DSD_SOCX_AGG@DF_SOCX_AGG(1.0),Social expenditure aggregates,I,SWE,Sweden,A,Annual,SOCX,Social expenditure,PT_B1GQ,Percentage of GDP,ES10,Public,C,In cash spending,TP31,Incapacity related,_Z,Not applicable,1994,,3.761,,A,Normal value,0,Units,1,One,_Z,Not applicable,,
DATAFLOW,OECD.ELS.SPD:DSD_SOCX_AGG@DF_SOCX_AGG(1.0),Social expenditure aggregates,I,SWE,Sweden,A,Annual,SOCX,Social expenditure,PT_B1GQ,Percentage of GDP,ES10,Public,C,In cash spending,TP31,Incapacity related,_Z,Not applicable,1995,,3.449,,A,Normal value,0,Units,1,One,_Z,Not applicable,,
DATAFLOW,OECD.ELS.SPD:DSD_SOCX_AGG@DF_SOCX_AGG(1.0),Social expenditure aggregates,I,SWE,Sweden,A,Annual,SOCX,Social expenditure,PT_B1GQ,Percentage of GDP,ES10,Public,C,In cash spending,TP31,Incapacity related,_Z,Not applicable,1996,,3.201,,A,Normal value,0,Units,1,One,_Z,Not applicable,,
DATAFLOW,OECD.ELS.SPD:DSD_SOCX_AGG@DF_SOCX_AGG(1.0),Social expenditure aggregates,I,SWE,Sweden,A,Annual,SOCX,Social expenditure,PT_B1GQ,Percentage of GDP,ES10,Public,C,In cash spending,TP31,Incapacity related,_Z,Not applicable,1997,,3.037,,A,Normal value,0,Units,1,One,_Z,Not applicable,,
DATAFLOW,OECD.ELS.SPD:DSD_SOCX_AGG@DF_SOCX_AGG(1.0),Social expenditure aggregates,I,SWE,Sweden,A,Annual,SOCX,Social expenditure,PT_B1GQ,Percentage of GDP,ES10,Public,C,In cash spending,TP31,Incapacity related,_Z,Not applicable,1998,,3.127,,A,Normal value,0,Units,1,One,_Z,Not applicable,,
DATAFLOW,OECD.ELS.SPD:DSD_SOCX_AGG@DF_SOCX_AGG(1.0),Social expenditure aggregates,I,SWE,Sweden,A,Annual,SOCX,Social expenditure,PT_B1GQ,Percentage of GDP,ES10,Public,C,In cash spending,TP31,Incapacity related,_Z,Not applicable,1999,,3.253,,A,Normal value,0,Units,1,One,_Z,Not applicable,,
DATAFLOW,OECD.ELS.SPD:DSD_SOCX_AGG@DF_SOCX_AGG(1.0),Social expenditure aggregates,I,SWE,Sweden,A,Annual,SOCX,Social expenditure,PT_B1GQ,Percentage of GDP,ES10,Public,C,In cash spending,TP31,Incapacity related,_Z,Not applicable,2000,,3.376,,A,Normal value,0,Units,1,One,_Z,Not applicable,,
DATAFLOW,OECD.ELS.SPD:DSD_SOCX_AGG@DF_SOCX_AGG(1.0),Social expenditure aggregates,I,SWE,Sweden,A,Annual,SOCX,Social expenditure,PT_B1GQ,Percentage of GDP,ES10,Public,C,In cash spending,TP31,Incapacity related,_Z,Not applicable,2001,,3.585,,A,Normal value,0,Units,1,One,_Z,Not applicable,,
DATAFLOW,OECD.ELS.SPD:DSD_SOCX_AGG@DF_SOCX_AGG(1.0),Social expenditure aggregates,I,SWE,Sweden,A,Annual,SOCX,Social expenditure,PT_B1GQ,Percentage of GDP,ES10,Public,C,In cash spending,TP31,Incapacity related,_Z,Not applicable,2002,,3.775,,A,Normal value,0,Units,1,One,_Z,Not applicable,,
DATAFLOW,OECD.ELS.SPD:DSD_SOCX_AGG@DF_SOCX_AGG(1.0),Social expenditure aggregates,I,SWE,Sweden,A,Annual,SOCX,Social expenditure,PT_B1GQ,Percentage of GDP,ES10,Public,C,In cash spending,TP31,Incapacity related,_Z,Not applicable,2003,,3.81,,A,Normal value,0,Units,1,One,_Z,Not applicable,,
DATAFLOW,OECD.ELS.SPD:DSD_SOCX_AGG@DF_SOCX_AGG(1.0),Social expenditure aggregates,I,SWE,Sweden,A,Annual,SOCX,Social expenditure,PT_B1GQ,Percentage of GDP,ES10,Public,C,In cash spending,TP31,Incapacity related,_Z,Not applicable,2004,,3.624,,A,Normal value,0,Units,1,One,_Z,Not applicable,,
DATAFLOW,OECD.ELS.SPD:DSD_SOCX_AGG@DF_SOCX_AGG(1.0),Social expenditure aggregates,I,SWE,Sweden,A,Annual,SOCX,Social expenditure,PT_B1GQ,Percentage of GDP,ES10,Public,C,In cash spending,TP31,Incapacity related,_Z,Not applicable,2005,,3.474,,A,Normal value,0,Units,1,One,_Z,Not applicable,,
DATAFLOW,OECD.ELS.SPD:DSD_SOCX_AGG@DF_SOCX_AGG(1.0),Social expenditure aggregates,I,SWE,Sweden,A,Annual,SOCX,Social expenditure,PT_B1GQ,Percentage of GDP,ES10,Public,C,In cash spending,TP31,Incapacity related,_Z,Not applicable,2006,,3.243,,A,Normal value,0,Units,1,One,_Z,Not applicable,,
DATAFLOW,OECD.ELS.SPD:DSD_SOCX_AGG@DF_SOCX_AGG(1.0),Social expenditure aggregates,I,SWE,Sweden,A,Annual,SOCX,Social expenditure,PT_B1GQ,Percentage of GDP,ES10,Public,C,In cash spending,TP31,Incapacity related,_Z,Not applicable,2007,,2.939,,A,Normal value,0,Units,1,One,_Z,Not applicable,,
DATAFLOW,OECD.ELS.SPD:DSD_SOCX_AGG@DF_SOCX_AGG(1.0),Social expenditure aggregates,I,SWE,Sweden,A,Annual,SOCX,Social expenditure,PT_B1GQ,Percentage of GDP,ES10,Public,C,In cash spending,TP31,Incapacity related,_Z,Not applicable,2008,,2.713,,A,Normal value,0,Units,1,One,_Z,Not applicable,,
DATAFLOW,OECD.ELS.SPD:DSD_SOCX_AGG@DF_SOCX_AGG(1.0),Social expenditure aggregates,I,SWE,Sweden,A,Annual,SOCX,Social expenditure,PT_B1GQ,Percentage of GDP,ES10,Public,C,In cash spending,TP31,Incapacity related,_Z,Not applicable,2009,,2.625,,A,Normal value,0,Units,1,One,_Z,Not applicable,,
DATAFLOW,OECD.ELS.SPD:DSD_SOCX_AGG@DF_SOCX_AGG(1.0),Social expenditure aggregates,I,SWE,Sweden,A,Annual,SOCX,Social expenditure,PT_B1GQ,Percentage of GDP,ES10,Public,C,In cash spending,TP31,Incapacity related,_Z,Not applicable,2010,,2.226,,A,Normal value,0,Units,1,One,_Z,Not applicable,,
DATAFLOW,OECD.ELS.SPD:DSD_SOCX_AGG@DF_SOCX_AGG(1.0),Social expenditure aggregates,I,SWE,Sweden,A,Annual,SOCX,Social expenditure,PT_B1GQ,Percentage of GDP,ES10,Public,C,In cash spending,TP31,Incapacity related,_Z,Not applicable,2011,,2.064,,A,Normal value,0,Units,1,One,_Z,Not applicable,,
DATAFLOW,OECD.ELS.SPD:DSD_SOCX_AGG@DF_SOCX_AGG(1.0),Social expenditure aggregates,I,SWE,Sweden,A,Annual,SOCX,Social expenditure,PT_B1GQ,Percentage of GDP,ES10,Public,C,In cash spending,TP31,Incapacity related,_Z,Not applicable,2012,,2.067,,A,Normal value,0,Units,1,One,_Z,Not applicable,,
DATAFLOW,OECD.ELS.SPD:DSD_SOCX_AGG@DF_SOCX_AGG(1.0),Social expenditure aggregates,I,SWE,Sweden,A,Annual,SOCX,Social expenditure,PT_B1GQ,Percentage of GDP,ES10,Public,C,In cash spending,TP31,Incapacity related,_Z,Not applicable,2013,,2.08,,A,Normal value,0,Units,1,One,_Z,Not applicable,,
DATAFLOW,OECD.ELS.SPD:DSD_SOCX_AGG@DF_SOCX_AGG(1.0),Social expenditure aggregates,I,SWE,Sweden,A,Annual,SOCX,Social expenditure,PT_B1GQ,Percentage of GDP,ES10,Public,C,In cash spending,TP31,Incapacity related,_Z,Not applicable,2014,,2.058,,A,Normal value,0,Units,1,One,_Z,Not applicable,,
DATAFLOW,OECD.ELS.SPD:DSD_SOCX_AGG@DF_SOCX_AGG(1.0),Social expenditure aggregates,I,SWE,Sweden,A,Annual,SOCX,Social expenditure,PT_B1GQ,Percentage of GDP,ES10,Public,C,In cash spending,TP31,Incapacity related,_Z,Not applicable,2015,,2.009,,A,Normal value,0,Units,1,One,_Z,Not applicable,,
DATAFLOW,OECD.ELS.SPD:DSD_SOCX_AGG@DF_SOCX_AGG(1.0),Social expenditure aggregates,I,SWE,Sweden,A,Annual,SOCX,Social expenditure,PT_B1GQ,Percentage of GDP,ES10,Public,C,In cash spending,TP31,Incapacity related,_Z,Not applicable,2016,,1.95,,A,Normal value,0,Units,1,One,_Z,Not applicable,,
DATAFLOW,OECD.ELS.SPD:DSD_SOCX_AGG@DF_SOCX_AGG(1.0),Social expenditure aggregates,I,SWE,Sweden,A,Annual,SOCX,Social expenditure,PT_B1GQ,Percentage of GDP,ES10,Public,C,In cash spending,TP31,Incapacity related,_Z,Not applicable,2017,,1.825,,A,Normal value,0,Units,1,One,_Z,Not applicable,,
DATAFLOW,OECD.ELS.SPD:DSD_SOCX_AGG@DF_SOCX_AGG(1.0),Social expenditure aggregates,I,SWE,Sweden,A,Annual,SOCX,Social expenditure,PT_B1GQ,Percentage of GDP,ES10,Public,C,In cash spending,TP31,Incapacity related,_Z,Not applicable,2018,,1.73,,A,Normal value,0,Units,1,One,_Z,Not applicable,,
DATAFLOW,OECD.ELS.SPD:DSD_SOCX_AGG@DF_SOCX_AGG(1.0),Social expenditure aggregates,I,SWE,Sweden,A,Annual,SOCX,Social expenditure,PT_B1GQ,Percentage of GDP,ES10,Public,C,In cash spending,TP31,Incapacity related,_Z,Not applicable,2019,,1.631,,A,Normal value,0,Units,1,One,_Z,Not applicable,,
DATAFLOW,OECD.ELS.SPD:DSD_SOCX_AGG@DF_SOCX_AGG(1.0),Social expenditure aggregates,I,SWE,Sweden,A,Annual,SOCX,Social expenditure,PT_B1GQ,Percentage of GDP,ES10,Public,C,In cash spending,TP31,Incapacity related,_Z,Not applicable,2020,,2.155,,A,Normal value,0,Units,1,One,_Z,Not applicable,,
DATAFLOW,OECD.ELS.SPD:DSD_SOCX_AGG@DF_SOCX_AGG(1.0),Social expenditure aggregates,I,SWE,Sweden,A,Annual,SOCX,Social expenditure,PT_B1GQ,Percentage of GDP,ES10,Public,C,In cash spending,TP31,Incapacity related,_Z,Not applicable,2021,,1.574,,A,Normal value,0,Units,1,One,_Z,Not applicable,,
DATAFLOW,OECD.ELS.SPD:DSD_SOCX_AGG@DF_SOCX_AGG(1.0),Social expenditure aggregates,I,NZL,New Zealand,A,Annual,SOCX,Social expenditure,PT_B1GQ,Percentage of GDP,ES10,Public,K,In kind spending,TP31,Incapacity related,_Z,Not applicable,1998,,0,,A,Normal value,0,Units,1,One,_Z,Not applicable,,
DATAFLOW,OECD.ELS.SPD:DSD_SOCX_AGG@DF_SOCX_AGG(1.0),Social expenditure aggregates,I,NZL,New Zealand,A,Annual,SOCX,Social expenditure,PT_B1GQ,Percentage of GDP,ES10,Public,K,In kind spending,TP31,Incapacity related,_Z,Not applicable,1999,,0,,A,Normal value,0,Units,1,One,_Z,Not applicable,,
DATAFLOW,OECD.ELS.SPD:DSD_SOCX_AGG@DF_SOCX_AGG(1.0),Social expenditure aggregates,I,NZL,New Zealand,A,Annual,SOCX,Social expenditure,PT_B1GQ,Percentage of GDP,ES10,Public,K,In kind spending,TP31,Incapacity related,_Z,Not applicable,2000,,0,,A,Normal value,0,Units,1,One,_Z,Not applicable,,
DATAFLOW,OECD.ELS.SPD:DSD_SOCX_AGG@DF_SOCX_AGG(1.0),Social expenditure aggregates,I,NZL,New Zealand,A,Annual,SOCX,Social expenditure,PT_B1GQ,Percentage of GDP,ES10,Public,K,In kind spending,TP31,Incapacity related,_Z,Not applicable,2001,,0,,A,Normal value,0,Units,1,One,_Z,Not applicable,,
DATAFLOW,OECD.ELS.SPD:DSD_SOCX_AGG@DF_SOCX_AGG(1.0),Social expenditure aggregates,I,NZL,New Zealand,A,Annual,SOCX,Social expenditure,PT_B1GQ,Percentage of GDP,ES10,Public,K,In kind spending,TP31,Incapacity related,_Z,Not applicable,2002,,0,,A,Normal value,0,Units,1,One,_Z,Not applicable,,
DATAFLOW,OECD.ELS.SPD:DSD_SOCX_AGG@DF_SOCX_AGG(1.0),Social expenditure aggregates,I,GBR,United Kingdom,A,Annual,SOCX,Social expenditure,PT_B1GQ,Percentage of GDP,ES10,Public,_T,Total,TP31,Incapacity related,_Z,Not applicable,1990,,2.001,,A,Normal value,0,Units,1,One,_Z,Not applicable,,
DATAFLOW,OECD.ELS.SPD:DSD_SOCX_AGG@DF_SOCX_AGG(1.0),Social expenditure aggregates,I,GBR,United Kingdom,A,Annual,SOCX,Social expenditure,PT_B1GQ,Percentage of GDP,ES10,Public,_T,Total,TP31,Incapacity related,_Z,Not applicable,1991,,2.166,,A,Normal value,0,Units,1,One,_Z,Not applicable,,
DATAFLOW,OECD.ELS.SPD:DSD_SOCX_AGG@DF_SOCX_AGG(1.0),Social expenditure aggregates,I,GBR,United Kingdom,A,Annual,SOCX,Social expenditure,PT_B1GQ,Percentage of GDP,ES10,Public,_T,Total,TP31,Incapacity related,_Z,Not applicable,1992,,2.367,,A,Normal value,0,Units,1,One,_Z,Not applicable,,
DATAFLOW,OECD.ELS.SPD:DSD_SOCX_AGG@DF_SOCX_AGG(1.0),Social expenditure aggregates,I,GBR,United Kingdom,A,Annual,SOCX,Social expenditure,PT_B1GQ,Percentage of GDP,ES10,Public,_T,Total,TP31,Incapacity related,_Z,Not applicable,1993,,2.619,,A,Normal value,0,Units,1,One,_Z,Not applicable,,
DATAFLOW,OECD.ELS.SPD:DSD_SOCX_AGG@DF_SOCX_AGG(1.0),Social expenditure aggregates,I,GBR,United Kingdom,A,Annual,SOCX,Social expenditure,PT_B1GQ,Percentage of GDP,ES10,Public,_T,Total,TP31,Incapacity related,_Z,Not applicable,1994,,2.561,,A,Normal value,0,Units,1,One,_Z,Not applicable,,
DATAFLOW,OECD.ELS.SPD:DSD_SOCX_AGG@DF_SOCX_AGG(1.0),Social expenditure aggregates,I,GBR,United Kingdom,A,Annual,SOCX,Social expenditure,PT_B1GQ,Percentage of GDP,ES10,Public,_T,Total,TP31,Incapacity related,_Z,Not applicable,1995,,2.51,,A,Normal value,0,Units,1,One,_Z,Not applicable,,
DATAFLOW,OECD.ELS.SPD:DSD_SOCX_AGG@DF_SOCX_AGG(1.0),Social expenditure aggregates,I,GBR,United Kingdom,A,Annual,SOCX,Social expenditure,PT_B1GQ,Percentage of GDP,ES10,Public,_T,Total,TP31,Incapacity related,_Z,Not applicable,1996,,2.447,,A,Normal value,0,Units,1,One,_Z,Not applicable,,
DATAFLOW,OECD.ELS.SPD:DSD_SOCX_AGG@DF_SOCX_AGG(1.0),Social expenditure aggregates,I,GBR,United Kingdom,A,Annual,SOCX,Social expenditure,PT_B1GQ,Percentage of GDP,ES10,Public,_T,Total,TP31,Incapacity related,_Z,Not applicable,1997,,2.38,,A,Normal value,0,Units,1,One,_Z,Not applicable,,
DATAFLOW,OECD.ELS.SPD:DSD_SOCX_AGG@DF_SOCX_AGG(1.0),Social expenditure aggregates,I,GBR,United Kingdom,A,Annual,SOCX,Social expenditure,PT_B1GQ,Percentage of GDP,ES10,Public,_T,Total,TP31,Incapacity related,_Z,Not applicable,1998,,2.319,,A,Normal value,0,Units,1,One,_Z,Not applicable,,
DATAFLOW,OECD.ELS.SPD:DSD_SOCX_AGG@DF_SOCX_AGG(1.0),Social expenditure aggregates,I,GBR,United Kingdom,A,Annual,SOCX,Social expenditure,PT_B1GQ,Percentage of GDP,ES10,Public,_T,Total,TP31,Incapacity related,_Z,Not applicable,1999,,2.19,,A,Normal value,0,Units,1,One,_Z,Not applicable,,
DATAFLOW,OECD.ELS.SPD:DSD_SOCX_AGG@DF_SOCX_AGG(1.0),Social expenditure aggregates,I,GBR,United Kingdom,A,Annual,SOCX,Social expenditure,PT_B1GQ,Percentage of GDP,ES10,Public,_T,Total,TP31,Incapacity related,_Z,Not applicable,2000,,2.188,,A,Normal value,0,Units,1,One,_Z,Not applicable,,
DATAFLOW,OECD.ELS.SPD:DSD_SOCX_AGG@DF_SOCX_AGG(1.0),Social expenditure aggregates,I,GBR,United Kingdom,A,Annual,SOCX,Social expenditure,PT_B1GQ,Percentage of GDP,ES10,Public,_T,Total,TP31,Incapacity related,_Z,Not applicable,2001,,2.208,,A,Normal value,0,Units,1,One,_Z,Not applicable,,
DATAFLOW,OECD.ELS.SPD:DSD_SOCX_AGG@DF_SOCX_AGG(1.0),Social expenditure aggregates,I,GBR,United Kingdom,A,Annual,SOCX,Social expenditure,PT_B1GQ,Percentage of GDP,ES10,Public,_T,Total,TP31,Incapacity related,_Z,Not applicable,2002,,2.2,,A,Normal value,0,Units,1,One,_Z,Not applicable,,
DATAFLOW,OECD.ELS.SPD:DSD_SOCX_AGG@DF_SOCX_AGG(1.0),Social expenditure aggregates,I,GBR,United Kingdom,A,Annual,SOCX,Social expenditure,PT_B1GQ,Percentage of GDP,ES10,Public,_T,Total,TP31,Incapacity related,_Z,Not applicable,2003,,2.19,,A,Normal value,0,Units,1,One,_Z,Not applicable,,
DATAFLOW,OECD.ELS.SPD:DSD_SOCX_AGG@DF_SOCX_AGG(1.0),Social expenditure aggregates,I,GBR,United Kingdom,A,Annual,SOCX,Social expenditure,PT_B1GQ,Percentage of GDP,ES10,Public,_T,Total,TP31,Incapacity related,_Z,Not applicable,2004,,2.172,,A,Normal value,0,Units,1,One,_Z,Not applicable,,
DATAFLOW,OECD.ELS.SPD:DSD_SOCX_AGG@DF_SOCX_AGG(1.0),Social expenditure aggregates,I,GBR,United Kingdom,A,Annual,SOCX,Social expenditure,PT_B1GQ,Percentage of GDP,ES10,Public,_T,Total,TP31,Incapacity related,_Z,Not applicable,2005,,2.084,,A,Normal value,0,Units,1,One,_Z,Not applicable,,
DATAFLOW,OECD.ELS.SPD:DSD_SOCX_AGG@DF_SOCX_AGG(1.0),Social expenditure aggregates,I,GBR,United Kingdom,A,Annual,SOCX,Social expenditure,PT_B1GQ,Percentage of GDP,ES10,Public,_T,Total,TP31,Incapacity related,_Z,Not applicable,2006,,2.186,,A,Normal value,0,Units,1,One,_Z,Not applicable,,
DATAFLOW,OECD.ELS.SPD:DSD_SOCX_AGG@DF_SOCX_AGG(1.0),Social expenditure aggregates,I,GBR,United Kingdom,A,Annual,SOCX,Social expenditure,PT_B1GQ,Percentage of GDP,ES10,Public,_T,Total,TP31,Incapacity related,_Z,Not applicable,2007,,1.766,,A,Normal value,0,Units,1,One,_Z,Not applicable,,
DATAFLOW,OECD.ELS.SPD:DSD_SOCX_AGG@DF_SOCX_AGG(1.0),Social expenditure aggregates,I,GBR,United Kingdom,A,Annual,SOCX,Social expenditure,PT_B1GQ,Percentage of GDP,ES10,Public,_T,Total,TP31,Incapacity related,_Z,Not applicable,2008,,1.824,,A,Normal value,0,Units,1,One,_Z,Not applicable,,
DATAFLOW,OECD.ELS.SPD:DSD_SOCX_AGG@DF_SOCX_AGG(1.0),Social expenditure aggregates,I,GBR,United Kingdom,A,Annual,SOCX,Social expenditure,PT_B1GQ,Percentage of GDP,ES10,Public,_T,Total,TP31,Incapacity related,_Z,Not applicable,2009,,1.961,,A,Normal value,0,Units,1,One,_Z,Not applicable,,
DATAFLOW,OECD.ELS.SPD:DSD_SOCX_AGG@DF_SOCX_AGG(1.0),Social expenditure aggregates,I,GBR,United Kingdom,A,Annual,SOCX,Social expenditure,PT_B1GQ,Percentage of GDP,ES10,Public,_T,Total,TP31,Incapacity related,_Z,Not applicable,2010,,1.965,,A,Normal value,0,Units,1,One,_Z,Not applicable,,
DATAFLOW,OECD.ELS.SPD:DSD_SOCX_AGG@DF_SOCX_AGG(1.0),Social expenditure aggregates,I,GBR,United Kingdom,A,Annual,SOCX,Social expenditure,PT_B1GQ,Percentage of GDP,ES10,Public,_T,Total,TP31,Incapacity related,_Z,Not applicable,2011,,1.979,,A,Normal value,0,Units,1,One,_Z,Not applicable,,
DATAFLOW,OECD.ELS.SPD:DSD_SOCX_AGG@DF_SOCX_AGG(1.0),Social expenditure aggregates,I,GBR,United Kingdom,A,Annual,SOCX,Social expenditure,PT_B1GQ,Percentage of GDP,ES10,Public,_T,Total,TP31,Incapacity related,_Z,Not applicable,2012,,1.967,,A,Normal value,0,Units,1,One,_Z,Not applicable,,
DATAFLOW,OECD.ELS.SPD:DSD_SOCX_AGG@DF_SOCX_AGG(1.0),Social expenditure aggregates,I,GBR,United Kingdom,A,Annual,SOCX,Social expenditure,PT_B1GQ,Percentage of GDP,ES10,Public,_T,Total,TP31,Incapacity related,_Z,Not applicable,2013,,1.926,,A,Normal value,0,Units,1,One,_Z,Not applicable,,
DATAFLOW,OECD.ELS.SPD:DSD_SOCX_AGG@DF_SOCX_AGG(1.0),Social expenditure aggregates,I,GBR,United Kingdom,A,Annual,SOCX,Social expenditure,PT_B1GQ,Percentage of GDP,ES10,Public,_T,Total,TP31,Incapacity related,_Z,Not applicable,2014,,1.81,,A,Normal value,0,Units,1,One,_Z,Not applicable,,
DATAFLOW,OECD.ELS.SPD:DSD_SOCX_AGG@DF_SOCX_AGG(1.0),Social expenditure aggregates,I,GBR,United Kingdom,A,Annual,SOCX,Social expenditure,PT_B1GQ,Percentage of GDP,ES10,Public,_T,Total,TP31,Incapacity related,_Z,Not applicable,2015,,1.827,,A,Normal value,0,Units,1,One,_Z,Not applicable,,
DATAFLOW,OECD.ELS.SPD:DSD_SOCX_AGG@DF_SOCX_AGG(1.0),Social expenditure aggregates,I,GBR,United Kingdom,A,Annual,SOCX,Social expenditure,PT_B1GQ,Percentage of GDP,ES10,Public,_T,Total,TP31,Incapacity related,_Z,Not applicable,2016,,1.822,,A,Normal value,0,Units,1,One,_Z,Not applicable,,
DATAFLOW,OECD.ELS.SPD:DSD_SOCX_AGG@DF_SOCX_AGG(1.0),Social expenditure aggregates,I,GBR,United Kingdom,A,Annual,SOCX,Social expenditure,PT_B1GQ,Percentage of GDP,ES10,Public,_T,Total,TP31,Incapacity related,_Z,Not applicable,2017,,1.853,,A,Normal value,0,Units,1,One,_Z,Not applicable,,
DATAFLOW,OECD.ELS.SPD:DSD_SOCX_AGG@DF_SOCX_AGG(1.0),Social expenditure aggregates,I,GBR,United Kingdom,A,Annual,SOCX,Social expenditure,PT_B1GQ,Percentage of GDP,ES10,Public,_T,Total,TP31,Incapacity related,_Z,Not applicable,2018,,1.718,,A,Normal value,0,Units,1,One,_Z,Not applicable,,
DATAFLOW,OECD.ELS.SPD:DSD_SOCX_AGG@DF_SOCX_AGG(1.0),Social expenditure aggregates,I,GBR,United Kingdom,A,Annual,SOCX,Social expenditure,PT_B1GQ,Percentage of GDP,ES10,Public,_T,Total,TP31,Incapacity related,_Z,Not applicable,2019,,1.731,,A,Normal value,0,Units,1,One,_Z,Not applicable,,
DATAFLOW,OECD.ELS.SPD:DSD_SOCX_AGG@DF_SOCX_AGG(1.0),Social expenditure aggregates,I,GBR,United Kingdom,A,Annual,SOCX,Social expenditure,PT_B1GQ,Percentage of GDP,ES10,Public,_T,Total,TP31,Incapacity related,_Z,Not applicable,2020,,1.79,,A,Normal value,0,Units,1,One,_Z,Not applicable,,
DATAFLOW,OECD.ELS.SPD:DSD_SOCX_AGG@DF_SOCX_AGG(1.0),Social expenditure aggregates,I,GBR,United Kingdom,A,Annual,SOCX,Social expenditure,PT_B1GQ,Percentage of GDP,ES10,Public,_T,Total,TP31,Incapacity related,_Z,Not applicable,2021,,1.692,,A,Normal value,0,Units,1,One,_Z,Not applicable,,
DATAFLOW,OECD.ELS.SPD:DSD_SOCX_AGG@DF_SOCX_AGG(1.0),Social expenditure aggregates,I,GBR,United Kingdom,A,Annual,SOCX,Social expenditure,PT_B1GQ,Percentage of GDP,ES10,Public,_T,Total,TP31,Incapacity related,_Z,Not applicable,2022,,1.683,,A,Normal value,0,Units,1,One,_Z,Not applicable,,
DATAFLOW,OECD.ELS.SPD:DSD_SOCX_AGG@DF_SOCX_AGG(1.0),Social expenditure aggregates,I,GBR,United Kingdom,A,Annual,SOCX,Social expenditure,PT_B1GQ,Percentage of GDP,ES10,Public,K,In kind spending,TP31,Incapacity related,_Z,Not applicable,1990,,0.192,,A,Normal value,0,Units,1,One,_Z,Not applicable,,
DATAFLOW,OECD.ELS.SPD:DSD_SOCX_AGG@DF_SOCX_AGG(1.0),Social expenditure aggregates,I,GBR,United Kingdom,A,Annual,SOCX,Social expenditure,PT_B1GQ,Percentage of GDP,ES10,Public,K,In kind spending,TP31,Incapacity related,_Z,Not applicable,1991,,0.208,,A,Normal value,0,Units,1,One,_Z,Not applicable,,
DATAFLOW,OECD.ELS.SPD:DSD_SOCX_AGG@DF_SOCX_AGG(1.0),Social expenditure aggregates,I,GBR,United Kingdom,A,Annual,SOCX,Social expenditure,PT_B1GQ,Percentage of GDP,ES10,Public,K,In kind spending,TP31,Incapacity related,_Z,Not applicable,1992,,0.215,,A,Normal value,0,Units,1,One,_Z,Not applicable,,
DATAFLOW,OECD.ELS.SPD:DSD_SOCX_AGG@DF_SOCX_AGG(1.0),Social expenditure aggregates,I,GBR,United Kingdom,A,Annual,SOCX,Social expenditure,PT_B1GQ,Percentage of GDP,ES10,Public,K,In kind spending,TP31,Incapacity related,_Z,Not applicable,1993,,0.229,,A,Normal value,0,Units,1,One,_Z,Not applicable,,
DATAFLOW,OECD.ELS.SPD:DSD_SOCX_AGG@DF_SOCX_AGG(1.0),Social expenditure aggregates,I,GBR,United Kingdom,A,Annual,SOCX,Social expenditure,PT_B1GQ,Percentage of GDP,ES10,Public,K,In kind spending,TP31,Incapacity related,_Z,Not applicable,1994,,0.254,,A,Normal value,0,Units,1,One,_Z,Not applicable,,
DATAFLOW,OECD.ELS.SPD:DSD_SOCX_AGG@DF_SOCX_AGG(1.0),Social expenditure aggregates,I,GBR,United Kingdom,A,Annual,SOCX,Social expenditure,PT_B1GQ,Percentage of GDP,ES10,Public,K,In kind spending,TP31,Incapacity related,_Z,Not applicable,1995,,0.252,,A,Normal value,0,Units,1,One,_Z,Not applicable,,
DATAFLOW,OECD.ELS.SPD:DSD_SOCX_AGG@DF_SOCX_AGG(1.0),Social expenditure aggregates,I,GBR,United Kingdom,A,Annual,SOCX,Social expenditure,PT_B1GQ,Percentage of GDP,ES10,Public,K,In kind spending,TP31,Incapacity related,_Z,Not applicable,1996,,0.253,,A,Normal value,0,Units,1,One,_Z,Not applicable,,
DATAFLOW,OECD.ELS.SPD:DSD_SOCX_AGG@DF_SOCX_AGG(1.0),Social expenditure aggregates,I,GBR,United Kingdom,A,Annual,SOCX,Social expenditure,PT_B1GQ,Percentage of GDP,ES10,Public,K,In kind spending,TP31,Incapacity related,_Z,Not applicable,1997,,0.258,,A,Normal value,0,Units,1,One,_Z,Not applicable,,
DATAFLOW,OECD.ELS.SPD:DSD_SOCX_AGG@DF_SOCX_AGG(1.0),Social expenditure aggregates,I,GBR,United Kingdom,A,Annual,SOCX,Social expenditure,PT_B1GQ,Percentage of GDP,ES10,Public,K,In kind spending,TP31,Incapacity related,_Z,Not applicable,1998,,0.293,,A,Normal value,0,Units,1,One,_Z,Not applicable,,
DATAFLOW,OECD.ELS.SPD:DSD_SOCX_AGG@DF_SOCX_AGG(1.0),Social expenditure aggregates,I,GBR,United Kingdom,A,Annual,SOCX,Social expenditure,PT_B1GQ,Percentage of GDP,ES10,Public,K,In kind spending,TP31,Incapacity related,_Z,Not applicable,1999,,0.215,,A,Normal value,0,Units,1,One,_Z,Not applicable,,
DATAFLOW,OECD.ELS.SPD:DSD_SOCX_AGG@DF_SOCX_AGG(1.0),Social expenditure aggregates,I,GBR,United Kingdom,A,Annual,SOCX,Social expenditure,PT_B1GQ,Percentage of GDP,ES10,Public,K,In kind spending,TP31,Incapacity related,_Z,Not applicable,2000,,0.246,,A,Normal value,0,Units,1,One,_Z,Not applicable,,
DATAFLOW,OECD.ELS.SPD:DSD_SOCX_AGG@DF_SOCX_AGG(1.0),Social expenditure aggregates,I,GBR,United Kingdom,A,Annual,SOCX,Social expenditure,PT_B1GQ,Percentage of GDP,ES10,Public,K,In kind spending,TP31,Incapacity related,_Z,Not applicable,2001,,0.259,,A,Normal value,0,Units,1,One,_Z,Not applicable,,
DATAFLOW,OECD.ELS.SPD:DSD_SOCX_AGG@DF_SOCX_AGG(1.0),Social expenditure aggregates,I,GBR,United Kingdom,A,Annual,SOCX,Social expenditure,PT_B1GQ,Percentage of GDP,ES10,Public,K,In kind spending,TP31,Incapacity related,_Z,Not applicable,2002,,0.296,,A,Normal value,0,Units,1,One,_Z,Not applicable,,
DATAFLOW,OECD.ELS.SPD:DSD_SOCX_AGG@DF_SOCX_AGG(1.0),Social expenditure aggregates,I,GBR,United Kingdom,A,Annual,SOCX,Social expenditure,PT_B1GQ,Percentage of GDP,ES10,Public,K,In kind spending,TP31,Incapacity related,_Z,Not applicable,2003,,0.375,,A,Normal value,0,Units,1,One,_Z,Not applicable,,
DATAFLOW,OECD.ELS.SPD:DSD_SOCX_AGG@DF_SOCX_AGG(1.0),Social expenditure aggregates,I,GBR,United Kingdom,A,Annual,SOCX,Social expenditure,PT_B1GQ,Percentage of GDP,ES10,Public,K,In kind spending,TP31,Incapacity related,_Z,Not applicable,2004,,0.368,,A,Normal value,0,Units,1,One,_Z,Not applicable,,
DATAFLOW,OECD.ELS.SPD:DSD_SOCX_AGG@DF_SOCX_AGG(1.0),Social expenditure aggregates,I,GBR,United Kingdom,A,Annual,SOCX,Social expenditure,PT_B1GQ,Percentage of GDP,ES10,Public,K,In kind spending,TP31,Incapacity related,_Z,Not applicable,2005,,0.356,,A,Normal value,0,Units,1,One,_Z,Not applicable,,
DATAFLOW,OECD.ELS.SPD:DSD_SOCX_AGG@DF_SOCX_AGG(1.0),Social expenditure aggregates,I,GBR,United Kingdom,A,Annual,SOCX,Social expenditure,PT_B1GQ,Percentage of GDP,ES10,Public,K,In kind spending,TP31,Incapacity related,_Z,Not applicable,2006,,0.339,,A,Normal value,0,Units,1,One,_Z,Not applicable,,
DATAFLOW,OECD.ELS.SPD:DSD_SOCX_AGG@DF_SOCX_AGG(1.0),Social expenditure aggregates,I,GBR,United Kingdom,A,Annual,SOCX,Social expenditure,PT_B1GQ,Percentage of GDP,ES10,Public,K,In kind spending,TP31,Incapacity related,_Z,Not applicable,2007,,0.381,,A,Normal value,0,Units,1,One,_Z,Not applicable,,
DATAFLOW,OECD.ELS.SPD:DSD_SOCX_AGG@DF_SOCX_AGG(1.0),Social expenditure aggregates,I,GBR,United Kingdom,A,Annual,SOCX,Social expenditure,PT_B1GQ,Percentage of GDP,ES10,Public,K,In kind spending,TP31,Incapacity related,_Z,Not applicable,2008,,0.408,,A,Normal value,0,Units,1,One,_Z,Not applicable,,
DATAFLOW,OECD.ELS.SPD:DSD_SOCX_AGG@DF_SOCX_AGG(1.0),Social expenditure aggregates,I,GBR,United Kingdom,A,Annual,SOCX,Social expenditure,PT_B1GQ,Percentage of GDP,ES10,Public,K,In kind spending,TP31,Incapacity related,_Z,Not applicable,2009,,0.432,,A,Normal value,0,Units,1,One,_Z,Not applicable,,
DATAFLOW,OECD.ELS.SPD:DSD_SOCX_AGG@DF_SOCX_AGG(1.0),Social expenditure aggregates,I,GBR,United Kingdom,A,Annual,SOCX,Social expenditure,PT_B1GQ,Percentage of GDP,ES10,Public,K,In kind spending,TP31,Incapacity related,_Z,Not applicable,2010,,0.449,,A,Normal value,0,Units,1,One,_Z,Not applicable,,
DATAFLOW,OECD.ELS.SPD:DSD_SOCX_AGG@DF_SOCX_AGG(1.0),Social expenditure aggregates,I,GBR,United Kingdom,A,Annual,SOCX,Social expenditure,PT_B1GQ,Percentage of GDP,ES10,Public,K,In kind spending,TP31,Incapacity related,_Z,Not applicable,2011,,0.483,,A,Normal value,0,Units,1,One,_Z,Not applicable,,
DATAFLOW,OECD.ELS.SPD:DSD_SOCX_AGG@DF_SOCX_AGG(1.0),Social expenditure aggregates,I,GBR,United Kingdom,A,Annual,SOCX,Social expenditure,PT_B1GQ,Percentage of GDP,ES10,Public,K,In kind spending,TP31,Incapacity related,_Z,Not applicable,2012,,0.476,,A,Normal value,0,Units,1,One,_Z,Not applicable,,
DATAFLOW,OECD.ELS.SPD:DSD_SOCX_AGG@DF_SOCX_AGG(1.0),Social expenditure aggregates,I,GBR,United Kingdom,A,Annual,SOCX,Social expenditure,PT_B1GQ,Percentage of GDP,ES10,Public,K,In kind spending,TP31,Incapacity related,_Z,Not applicable,2013,,0.467,,A,Normal value,0,Units,1,One,_Z,Not applicable,,
DATAFLOW,OECD.ELS.SPD:DSD_SOCX_AGG@DF_SOCX_AGG(1.0),Social expenditure aggregates,I,GBR,United Kingdom,A,Annual,SOCX,Social expenditure,PT_B1GQ,Percentage of GDP,ES10,Public,K,In kind spending,TP31,Incapacity related,_Z,Not applicable,2014,,0.312,,A,Normal value,0,Units,1,One,_Z,Not applicable,,
DATAFLOW,OECD.ELS.SPD:DSD_SOCX_AGG@DF_SOCX_AGG(1.0),Social expenditure aggregates,I,GBR,United Kingdom,A,Annual,SOCX,Social expenditure,PT_B1GQ,Percentage of GDP,ES10,Public,K,In kind spending,TP31,Incapacity related,_Z,Not applicable,2015,,0.314,,A,Normal value,0,Units,1,One,_Z,Not applicable,,
DATAFLOW,OECD.ELS.SPD:DSD_SOCX_AGG@DF_SOCX_AGG(1.0),Social expenditure aggregates,I,GBR,United Kingdom,A,Annual,SOCX,Social expenditure,PT_B1GQ,Percentage of GDP,ES10,Public,K,In kind spending,TP31,Incapacity related,_Z,Not applicable,2016,,0.312,,A,Normal value,0,Units,1,One,_Z,Not applicable,,
DATAFLOW,OECD.ELS.SPD:DSD_SOCX_AGG@DF_SOCX_AGG(1.0),Social expenditure aggregates,I,GBR,United Kingdom,A,Annual,SOCX,Social expenditure,PT_B1GQ,Percentage of GDP,ES10,Public,K,In kind spending,TP31,Incapacity related,_Z,Not applicable,2017,,0.31,,A,Normal value,0,Units,1,One,_Z,Not applicable,,
DATAFLOW,OECD.ELS.SPD:DSD_SOCX_AGG@DF_SOCX_AGG(1.0),Social expenditure aggregates,I,GBR,United Kingdom,A,Annual,SOCX,Social expenditure,PT_B1GQ,Percentage of GDP,ES10,Public,K,In kind spending,TP31,Incapacity related,_Z,Not applicable,2018,,0.315,,A,Normal value,0,Units,1,One,_Z,Not applicable,,
DATAFLOW,OECD.ELS.SPD:DSD_SOCX_AGG@DF_SOCX_AGG(1.0),Social expenditure aggregates,I,GBR,United Kingdom,A,Annual,SOCX,Social expenditure,PT_B1GQ,Percentage of GDP,ES10,Public,K,In kind spending,TP31,Incapacity related,_Z,Not applicable,2019,,0.386,,A,Normal value,0,Units,1,One,_Z,Not applicable,,
DATAFLOW,OECD.ELS.SPD:DSD_SOCX_AGG@DF_SOCX_AGG(1.0),Social expenditure aggregates,I,GBR,United Kingdom,A,Annual,SOCX,Social expenditure,PT_B1GQ,Percentage of GDP,ES10,Public,K,In kind spending,TP31,Incapacity related,_Z,Not applicable,2020,,0.438,,A,Normal value,0,Units,1,One,_Z,Not applicable,,
DATAFLOW,OECD.ELS.SPD:DSD_SOCX_AGG@DF_SOCX_AGG(1.0),Social expenditure aggregates,I,GBR,United Kingdom,A,Annual,SOCX,Social expenditure,PT_B1GQ,Percentage of GDP,ES10,Public,K,In kind spending,TP31,Incapacity related,_Z,Not applicable,2021,,0.407,,A,Normal value,0,Units,1,One,_Z,Not applicable,,
DATAFLOW,OECD.ELS.SPD:DSD_SOCX_AGG@DF_SOCX_AGG(1.0),Social expenditure aggregates,I,GBR,United Kingdom,A,Annual,SOCX,Social expenditure,PT_B1GQ,Percentage of GDP,ES10,Public,K,In kind spending,TP31,Incapacity related,_Z,Not applicable,2022,,0.401,,A,Normal value,0,Units,1,One,_Z,Not applicable,,
DATAFLOW,OECD.ELS.SPD:DSD_SOCX_AGG@DF_SOCX_AGG(1.0),Social expenditure aggregates,I,GBR,United Kingdom,A,Annual,SOCX,Social expenditure,PT_B1GQ,Percentage of GDP,ES10,Public,C,In cash spending,TP31,Incapacity related,_Z,Not applicable,1990,,1.809,,A,Normal value,0,Units,1,One,_Z,Not applicable,,
DATAFLOW,OECD.ELS.SPD:DSD_SOCX_AGG@DF_SOCX_AGG(1.0),Social expenditure aggregates,I,GBR,United Kingdom,A,Annual,SOCX,Social expenditure,PT_B1GQ,Percentage of GDP,ES10,Public,C,In cash spending,TP31,Incapacity related,_Z,Not applicable,1991,,1.957,,A,Normal value,0,Units,1,One,_Z,Not applicable,,
DATAFLOW,OECD.ELS.SPD:DSD_SOCX_AGG@DF_SOCX_AGG(1.0),Social expenditure aggregates,I,GBR,United Kingdom,A,Annual,SOCX,Social expenditure,PT_B1GQ,Percentage of GDP,ES10,Public,C,In cash spending,TP31,Incapacity related,_Z,Not applicable,1992,,2.151,,A,Normal value,0,Units,1,One,_Z,Not applicable,,
DATAFLOW,OECD.ELS.SPD:DSD_SOCX_AGG@DF_SOCX_AGG(1.0),Social expenditure aggregates,I,GBR,United Kingdom,A,Annual,SOCX,Social expenditure,PT_B1GQ,Percentage of GDP,ES10,Public,C,In cash spending,TP31,Incapacity related,_Z,Not applicable,1993,,2.39,,A,Normal value,0,Units,1,One,_Z,Not applicable,,
DATAFLOW,OECD.ELS.SPD:DSD_SOCX_AGG@DF_SOCX_AGG(1.0),Social expenditure aggregates,I,GBR,United Kingdom,A,Annual,SOCX,Social expenditure,PT_B1GQ,Percentage of GDP,ES10,Public,C,In cash spending,TP31,Incapacity related,_Z,Not applicable,1994,,2.308,,A,Normal value,0,Units,1,One,_Z,Not applicable,,
DATAFLOW,OECD.ELS.SPD:DSD_SOCX_AGG@DF_SOCX_AGG(1.0),Social expenditure aggregates,I,GBR,United Kingdom,A,Annual,SOCX,Social expenditure,PT_B1GQ,Percentage of GDP,ES10,Public,C,In cash spending,TP31,Incapacity related,_Z,Not applicable,1995,,2.258,,A,Normal value,0,Units,1,One,_Z,Not applicable,,
DATAFLOW,OECD.ELS.SPD:DSD_SOCX_AGG@DF_SOCX_AGG(1.0),Social expenditure aggregates,I,GBR,United Kingdom,A,Annual,SOCX,Social expenditure,PT_B1GQ,Percentage of GDP,ES10,Public,C,In cash spending,TP31,Incapacity related,_Z,Not applicable,1996,,2.195,,A,Normal value,0,Units,1,One,_Z,Not applicable,,
DATAFLOW,OECD.ELS.SPD:DSD_SOCX_AGG@DF_SOCX_AGG(1.0),Social expenditure aggregates,I,GBR,United Kingdom,A,Annual,SOCX,Social expenditure,PT_B1GQ,Percentage of GDP,ES10,Public,C,In cash spending,TP31,Incapacity related,_Z,Not applicable,1997,,2.122,,A,Normal value,0,Units,1,One,_Z,Not applicable,,
DATAFLOW,OECD.ELS.SPD:DSD_SOCX_AGG@DF_SOCX_AGG(1.0),Social expenditure aggregates,I,GBR,United Kingdom,A,Annual,SOCX,Social expenditure,PT_B1GQ,Percentage of GDP,ES10,Public,C,In cash spending,TP31,Incapacity related,_Z,Not applicable,1998,,2.027,,A,Normal value,0,Units,1,One,_Z,Not applicable,,
DATAFLOW,OECD.ELS.SPD:DSD_SOCX_AGG@DF_SOCX_AGG(1.0),Social expenditure aggregates,I,GBR,United Kingdom,A,Annual,SOCX,Social expenditure,PT_B1GQ,Percentage of GDP,ES10,Public,C,In cash spending,TP31,Incapacity related,_Z,Not applicable,1999,,1.975,,A,Normal value,0,Units,1,One,_Z,Not applicable,,
DATAFLOW,OECD.ELS.SPD:DSD_SOCX_AGG@DF_SOCX_AGG(1.0),Social expenditure aggregates,I,GBR,United Kingdom,A,Annual,SOCX,Social expenditure,PT_B1GQ,Percentage of GDP,ES10,Public,C,In cash spending,TP31,Incapacity related,_Z,Not applicable,2000,,1.942,,A,Normal value,0,Units,1,One,_Z,Not applicable,,
DATAFLOW,OECD.ELS.SPD:DSD_SOCX_AGG@DF_SOCX_AGG(1.0),Social expenditure aggregates,I,GBR,United Kingdom,A,Annual,SOCX,Social expenditure,PT_B1GQ,Percentage of GDP,ES10,Public,C,In cash spending,TP31,Incapacity related,_Z,Not applicable,2001,,1.95,,A,Normal value,0,Units,1,One,_Z,Not applicable,,
DATAFLOW,OECD.ELS.SPD:DSD_SOCX_AGG@DF_SOCX_AGG(1.0),Social expenditure aggregates,I,GBR,United Kingdom,A,Annual,SOCX,Social expenditure,PT_B1GQ,Percentage of GDP,ES10,Public,C,In cash spending,TP31,Incapacity related,_Z,Not applicable,2002,,1.904,,A,Normal value,0,Units,1,One,_Z,Not applicable,,
DATAFLOW,OECD.ELS.SPD:DSD_SOCX_AGG@DF_SOCX_AGG(1.0),Social expenditure aggregates,I,GBR,United Kingdom,A,Annual,SOCX,Social expenditure,PT_B1GQ,Percentage of GDP,ES10,Public,C,In cash spending,TP31,Incapacity related,_Z,Not applicable,2003,,1.815,,A,Normal value,0,Units,1,One,_Z,Not applicable,,
DATAFLOW,OECD.ELS.SPD:DSD_SOCX_AGG@DF_SOCX_AGG(1.0),Social expenditure aggregates,I,GBR,United Kingdom,A,Annual,SOCX,Social expenditure,PT_B1GQ,Percentage of GDP,ES10,Public,C,In cash spending,TP31,Incapacity related,_Z,Not applicable,2004,,1.804,,A,Normal value,0,Units,1,One,_Z,Not applicable,,
DATAFLOW,OECD.ELS.SPD:DSD_SOCX_AGG@DF_SOCX_AGG(1.0),Social expenditure aggregates,I,GBR,United Kingdom,A,Annual,SOCX,Social expenditure,PT_B1GQ,Percentage of GDP,ES10,Public,C,In cash spending,TP31,Incapacity related,_Z,Not applicable,2005,,1.728,,A,Normal value,0,Units,1,One,_Z,Not applicable,,
DATAFLOW,OECD.ELS.SPD:DSD_SOCX_AGG@DF_SOCX_AGG(1.0),Social expenditure aggregates,I,GBR,United Kingdom,A,Annual,SOCX,Social expenditure,PT_B1GQ,Percentage of GDP,ES10,Public,C,In cash spending,TP31,Incapacity related,_Z,Not applicable,2006,,1.847,,A,Normal value,0,Units,1,One,_Z,Not applicable,,
DATAFLOW,OECD.ELS.SPD:DSD_SOCX_AGG@DF_SOCX_AGG(1.0),Social expenditure aggregates,I,GBR,United Kingdom,A,Annual,SOCX,Social expenditure,PT_B1GQ,Percentage of GDP,ES10,Public,C,In cash spending,TP31,Incapacity related,_Z,Not applicable,2007,,1.385,,A,Normal value,0,Units,1,One,_Z,Not applicable,,
DATAFLOW,OECD.ELS.SPD:DSD_SOCX_AGG@DF_SOCX_AGG(1.0),Social expenditure aggregates,I,GBR,United Kingdom,A,Annual,SOCX,Social expenditure,PT_B1GQ,Percentage of GDP,ES10,Public,C,In cash spending,TP31,Incapacity related,_Z,Not applicable,2008,,1.417,,A,Normal value,0,Units,1,One,_Z,Not applicable,,
DATAFLOW,OECD.ELS.SPD:DSD_SOCX_AGG@DF_SOCX_AGG(1.0),Social expenditure aggregates,I,GBR,United Kingdom,A,Annual,SOCX,Social expenditure,PT_B1GQ,Percentage of GDP,ES10,Public,C,In cash spending,TP31,Incapacity related,_Z,Not applicable,2009,,1.529,,A,Normal value,0,Units,1,One,_Z,Not applicable,,
DATAFLOW,OECD.ELS.SPD:DSD_SOCX_AGG@DF_SOCX_AGG(1.0),Social expenditure aggregates,I,GBR,United Kingdom,A,Annual,SOCX,Social expenditure,PT_B1GQ,Percentage of GDP,ES10,Public,C,In cash spending,TP31,Incapacity related,_Z,Not applicable,2010,,1.516,,A,Normal value,0,Units,1,One,_Z,Not applicable,,
DATAFLOW,OECD.ELS.SPD:DSD_SOCX_AGG@DF_SOCX_AGG(1.0),Social expenditure aggregates,I,GBR,United Kingdom,A,Annual,SOCX,Social expenditure,PT_B1GQ,Percentage of GDP,ES10,Public,C,In cash spending,TP31,Incapacity related,_Z,Not applicable,2011,,1.496,,A,Normal value,0,Units,1,One,_Z,Not applicable,,
DATAFLOW,OECD.ELS.SPD:DSD_SOCX_AGG@DF_SOCX_AGG(1.0),Social expenditure aggregates,I,GBR,United Kingdom,A,Annual,SOCX,Social expenditure,PT_B1GQ,Percentage of GDP,ES10,Public,C,In cash spending,TP31,Incapacity related,_Z,Not applicable,2012,,1.491,,A,Normal value,0,Units,1,One,_Z,Not applicable,,
DATAFLOW,OECD.ELS.SPD:DSD_SOCX_AGG@DF_SOCX_AGG(1.0),Social expenditure aggregates,I,GBR,United Kingdom,A,Annual,SOCX,Social expenditure,PT_B1GQ,Percentage of GDP,ES10,Public,C,In cash spending,TP31,Incapacity related,_Z,Not applicable,2013,,1.459,,A,Normal value,0,Units,1,One,_Z,Not applicable,,
DATAFLOW,OECD.ELS.SPD:DSD_SOCX_AGG@DF_SOCX_AGG(1.0),Social expenditure aggregates,I,GBR,United Kingdom,A,Annual,SOCX,Social expenditure,PT_B1GQ,Percentage of GDP,ES10,Public,C,In cash spending,TP31,Incapacity related,_Z,Not applicable,2014,,1.498,,A,Normal value,0,Units,1,One,_Z,Not applicable,,
DATAFLOW,OECD.ELS.SPD:DSD_SOCX_AGG@DF_SOCX_AGG(1.0),Social expenditure aggregates,I,GBR,United Kingdom,A,Annual,SOCX,Social expenditure,PT_B1GQ,Percentage of GDP,ES10,Public,C,In cash spending,TP31,Incapacity related,_Z,Not applicable,2015,,1.512,,A,Normal value,0,Units,1,One,_Z,Not applicable,,
DATAFLOW,OECD.ELS.SPD:DSD_SOCX_AGG@DF_SOCX_AGG(1.0),Social expenditure aggregates,I,GBR,United Kingdom,A,Annual,SOCX,Social expenditure,PT_B1GQ,Percentage of GDP,ES10,Public,C,In cash spending,TP31,Incapacity related,_Z,Not applicable,2016,,1.51,,A,Normal value,0,Units,1,One,_Z,Not applicable,,
DATAFLOW,OECD.ELS.SPD:DSD_SOCX_AGG@DF_SOCX_AGG(1.0),Social expenditure aggregates,I,GBR,United Kingdom,A,Annual,SOCX,Social expenditure,PT_B1GQ,Percentage of GDP,ES10,Public,C,In cash spending,TP31,Incapacity related,_Z,Not applicable,2017,,1.544,,A,Normal value,0,Units,1,One,_Z,Not applicable,,
DATAFLOW,OECD.ELS.SPD:DSD_SOCX_AGG@DF_SOCX_AGG(1.0),Social expenditure aggregates,I,GBR,United Kingdom,A,Annual,SOCX,Social expenditure,PT_B1GQ,Percentage of GDP,ES10,Public,C,In cash spending,TP31,Incapacity related,_Z,Not applicable,2018,,1.403,,A,Normal value,0,Units,1,One,_Z,Not applicable,,
DATAFLOW,OECD.ELS.SPD:DSD_SOCX_AGG@DF_SOCX_AGG(1.0),Social expenditure aggregates,I,GBR,United Kingdom,A,Annual,SOCX,Social expenditure,PT_B1GQ,Percentage of GDP,ES10,Public,C,In cash spending,TP31,Incapacity related,_Z,Not applicable,2019,,1.345,,A,Normal value,0,Units,1,One,_Z,Not applicable,,
DATAFLOW,OECD.ELS.SPD:DSD_SOCX_AGG@DF_SOCX_AGG(1.0),Social expenditure aggregates,I,GBR,United Kingdom,A,Annual,SOCX,Social expenditure,PT_B1GQ,Percentage of GDP,ES10,Public,C,In cash spending,TP31,Incapacity related,_Z,Not applicable,2020,,1.352,,A,Normal value,0,Units,1,One,_Z,Not applicable,,
DATAFLOW,OECD.ELS.SPD:DSD_SOCX_AGG@DF_SOCX_AGG(1.0),Social expenditure aggregates,I,GBR,United Kingdom,A,Annual,SOCX,Social expenditure,PT_B1GQ,Percentage of GDP,ES10,Public,C,In cash spending,TP31,Incapacity related,_Z,Not applicable,2021,,1.286,,A,Normal value,0,Units,1,One,_Z,Not applicable,,
DATAFLOW,OECD.ELS.SPD:DSD_SOCX_AGG@DF_SOCX_AGG(1.0),Social expenditure aggregates,I,GBR,United Kingdom,A,Annual,SOCX,Social expenditure,PT_B1GQ,Percentage of GDP,ES10,Public,C,In cash spending,TP31,Incapacity related,_Z,Not applicable,2022,,1.282,,A,Normal value,0,Units,1,One,_Z,Not applicable,,
DATAFLOW,OECD.ELS.SPD:DSD_SOCX_AGG@DF_SOCX_AGG(1.0),Social expenditure aggregates,I,NOR,Norway,A,Annual,SOCX,Social expenditure,PT_B1GQ,Percentage of GDP,ES10,Public,C,In cash spending,TP31,Incapacity related,_Z,Not applicable,2006,,3.408,,A,Normal value,0,Units,1,One,_Z,Not applicable,,
DATAFLOW,OECD.ELS.SPD:DSD_SOCX_AGG@DF_SOCX_AGG(1.0),Social expenditure aggregates,I,NOR,Norway,A,Annual,SOCX,Social expenditure,PT_B1GQ,Percentage of GDP,ES10,Public,C,In cash spending,TP31,Incapacity related,_Z,Not applicable,2007,,3.431,,A,Normal value,0,Units,1,One,_Z,Not applicable,,
DATAFLOW,OECD.ELS.SPD:DSD_SOCX_AGG@DF_SOCX_AGG(1.0),Social expenditure aggregates,I,NOR,Norway,A,Annual,SOCX,Social expenditure,PT_B1GQ,Percentage of GDP,ES10,Public,C,In cash spending,TP31,Incapacity related,_Z,Not applicable,2008,,3.379,,A,Normal value,0,Units,1,One,_Z,Not applicable,,
DATAFLOW,OECD.ELS.SPD:DSD_SOCX_AGG@DF_SOCX_AGG(1.0),Social expenditure aggregates,I,NOR,Norway,A,Annual,SOCX,Social expenditure,PT_B1GQ,Percentage of GDP,ES10,Public,C,In cash spending,TP31,Incapacity related,_Z,Not applicable,2009,,3.974,,A,Normal value,0,Units,1,One,_Z,Not applicable,,
DATAFLOW,OECD.ELS.SPD:DSD_SOCX_AGG@DF_SOCX_AGG(1.0),Social expenditure aggregates,I,NOR,Norway,A,Annual,SOCX,Social expenditure,PT_B1GQ,Percentage of GDP,ES10,Public,C,In cash spending,TP31,Incapacity related,_Z,Not applicable,2010,,3.614,,A,Normal value,0,Units,1,One,_Z,Not applicable,,
DATAFLOW,OECD.ELS.SPD:DSD_SOCX_AGG@DF_SOCX_AGG(1.0),Social expenditure aggregates,I,NOR,Norway,A,Annual,SOCX,Social expenditure,PT_B1GQ,Percentage of GDP,ES10,Public,C,In cash spending,TP31,Incapacity related,_Z,Not applicable,2011,,3.274,,A,Normal value,0,Units,1,One,_Z,Not applicable,,
DATAFLOW,OECD.ELS.SPD:DSD_SOCX_AGG@DF_SOCX_AGG(1.0),Social expenditure aggregates,I,NOR,Norway,A,Annual,SOCX,Social expenditure,PT_B1GQ,Percentage of GDP,ES10,Public,C,In cash spending,TP31,Incapacity related,_Z,Not applicable,2012,,3.201,,A,Normal value,0,Units,1,One,_Z,Not applicable,,
DATAFLOW,OECD.ELS.SPD:DSD_SOCX_AGG@DF_SOCX_AGG(1.0),Social expenditure aggregates,I,NOR,Norway,A,Annual,SOCX,Social expenditure,PT_B1GQ,Percentage of GDP,ES10,Public,C,In cash spending,TP31,Incapacity related,_Z,Not applicable,2013,,3.184,,A,Normal value,0,Units,1,One,_Z,Not applicable,,
DATAFLOW,OECD.ELS.SPD:DSD_SOCX_AGG@DF_SOCX_AGG(1.0),Social expenditure aggregates,I,NOR,Norway,A,Annual,SOCX,Social expenditure,PT_B1GQ,Percentage of GDP,ES10,Public,C,In cash spending,TP31,Incapacity related,_Z,Not applicable,2014,,3.27,,A,Normal value,0,Units,1,One,_Z,Not applicable,,
DATAFLOW,OECD.ELS.SPD:DSD_SOCX_AGG@DF_SOCX_AGG(1.0),Social expenditure aggregates,I,NOR,Norway,A,Annual,SOCX,Social expenditure,PT_B1GQ,Percentage of GDP,ES10,Public,C,In cash spending,TP31,Incapacity related,_Z,Not applicable,2015,,3.73,,A,Normal value,0,Units,1,One,_Z,Not applicable,,
DATAFLOW,OECD.ELS.SPD:DSD_SOCX_AGG@DF_SOCX_AGG(1.0),Social expenditure aggregates,I,NOR,Norway,A,Annual,SOCX,Social expenditure,PT_B1GQ,Percentage of GDP,ES10,Public,C,In cash spending,TP31,Incapacity related,_Z,Not applicable,2016,,3.889,,A,Normal value,0,Units,1,One,_Z,Not applicable,,
DATAFLOW,OECD.ELS.SPD:DSD_SOCX_AGG@DF_SOCX_AGG(1.0),Social expenditure aggregates,I,NOR,Norway,A,Annual,SOCX,Social expenditure,PT_B1GQ,Percentage of GDP,ES10,Public,C,In cash spending,TP31,Incapacity related,_Z,Not applicable,2017,,3.772,,A,Normal value,0,Units,1,One,_Z,Not applicable,,
DATAFLOW,OECD.ELS.SPD:DSD_SOCX_AGG@DF_SOCX_AGG(1.0),Social expenditure aggregates,I,NOR,Norway,A,Annual,SOCX,Social expenditure,PT_B1GQ,Percentage of GDP,ES10,Public,C,In cash spending,TP31,Incapacity related,_Z,Not applicable,2018,,3.677,,A,Normal value,0,Units,1,One,_Z,Not applicable,,
DATAFLOW,OECD.ELS.SPD:DSD_SOCX_AGG@DF_SOCX_AGG(1.0),Social expenditure aggregates,I,NOR,Norway,A,Annual,SOCX,Social expenditure,PT_B1GQ,Percentage of GDP,ES10,Public,C,In cash spending,TP31,Incapacity related,_Z,Not applicable,2019,,3.876,,A,Normal value,0,Units,1,One,_Z,Not applicable,,
DATAFLOW,OECD.ELS.SPD:DSD_SOCX_AGG@DF_SOCX_AGG(1.0),Social expenditure aggregates,I,NOR,Norway,A,Annual,SOCX,Social expenditure,PT_B1GQ,Percentage of GDP,ES10,Public,C,In cash spending,TP31,Incapacity related,_Z,Not applicable,2020,,4.195,,A,Normal value,0,Units,1,One,_Z,Not applicable,,
DATAFLOW,OECD.ELS.SPD:DSD_SOCX_AGG@DF_SOCX_AGG(1.0),Social expenditure aggregates,I,NOR,Norway,A,Annual,SOCX,Social expenditure,PT_B1GQ,Percentage of GDP,ES10,Public,C,In cash spending,TP31,Incapacity related,_Z,Not applicable,2021,,3.497,,A,Normal value,0,Units,1,One,_Z,Not applicable,,
DATAFLOW,OECD.ELS.SPD:DSD_SOCX_AGG@DF_SOCX_AGG(1.0),Social expenditure aggregates,I,NOR,Norway,A,Annual,SOCX,Social expenditure,PT_B1GQ,Percentage of GDP,ES10,Public,K,In kind spending,TP31,Incapacity related,_Z,Not applicable,2006,,0.7,,A,Normal value,0,Units,1,One,_Z,Not applicable,,
DATAFLOW,OECD.ELS.SPD:DSD_SOCX_AGG@DF_SOCX_AGG(1.0),Social expenditure aggregates,I,NOR,Norway,A,Annual,SOCX,Social expenditure,PT_B1GQ,Percentage of GDP,ES10,Public,K,In kind spending,TP31,Incapacity related,_Z,Not applicable,2007,,0.694,,A,Normal value,0,Units,1,One,_Z,Not applicable,,
DATAFLOW,OECD.ELS.SPD:DSD_SOCX_AGG@DF_SOCX_AGG(1.0),Social expenditure aggregates,I,NOR,Norway,A,Annual,SOCX,Social expenditure,PT_B1GQ,Percentage of GDP,ES10,Public,K,In kind spending,TP31,Incapacity related,_Z,Not applicable,2008,,0.524,,A,Normal value,0,Units,1,One,_Z,Not applicable,,
DATAFLOW,OECD.ELS.SPD:DSD_SOCX_AGG@DF_SOCX_AGG(1.0),Social expenditure aggregates,I,NOR,Norway,A,Annual,SOCX,Social expenditure,PT_B1GQ,Percentage of GDP,ES10,Public,K,In kind spending,TP31,Incapacity related,_Z,Not applicable,2009,,0.561,,A,Normal value,0,Units,1,One,_Z,Not applicable,,
DATAFLOW,OECD.ELS.SPD:DSD_SOCX_AGG@DF_SOCX_AGG(1.0),Social expenditure aggregates,I,NOR,Norway,A,Annual,SOCX,Social expenditure,PT_B1GQ,Percentage of GDP,ES10,Public,K,In kind spending,TP31,Incapacity related,_Z,Not applicable,2010,,0.543,,A,Normal value,0,Units,1,One,_Z,Not applicable,,
DATAFLOW,OECD.ELS.SPD:DSD_SOCX_AGG@DF_SOCX_AGG(1.0),Social expenditure aggregates,I,NOR,Norway,A,Annual,SOCX,Social expenditure,PT_B1GQ,Percentage of GDP,ES10,Public,K,In kind spending,TP31,Incapacity related,_Z,Not applicable,2011,,0.503,,A,Normal value,0,Units,1,One,_Z,Not applicable,,
DATAFLOW,OECD.ELS.SPD:DSD_SOCX_AGG@DF_SOCX_AGG(1.0),Social expenditure aggregates,I,NOR,Norway,A,Annual,SOCX,Social expenditure,PT_B1GQ,Percentage of GDP,ES10,Public,K,In kind spending,TP31,Incapacity related,_Z,Not applicable,2012,,0.491,,A,Normal value,0,Units,1,One,_Z,Not applicable,,
DATAFLOW,OECD.ELS.SPD:DSD_SOCX_AGG@DF_SOCX_AGG(1.0),Social expenditure aggregates,I,NOR,Norway,A,Annual,SOCX,Social expenditure,PT_B1GQ,Percentage of GDP,ES10,Public,K,In kind spending,TP31,Incapacity related,_Z,Not applicable,2013,,0.527,,A,Normal value,0,Units,1,One,_Z,Not applicable,,
DATAFLOW,OECD.ELS.SPD:DSD_SOCX_AGG@DF_SOCX_AGG(1.0),Social expenditure aggregates,I,NOR,Norway,A,Annual,SOCX,Social expenditure,PT_B1GQ,Percentage of GDP,ES10,Public,K,In kind spending,TP31,Incapacity related,_Z,Not applicable,2014,,0.543,,A,Normal value,0,Units,1,One,_Z,Not applicable,,
DATAFLOW,OECD.ELS.SPD:DSD_SOCX_AGG@DF_SOCX_AGG(1.0),Social expenditure aggregates,I,NOR,Norway,A,Annual,SOCX,Social expenditure,PT_B1GQ,Percentage of GDP,ES10,Public,K,In kind spending,TP31,Incapacity related,_Z,Not applicable,2015,,0.566,,A,Normal value,0,Units,1,One,_Z,Not applicable,,
DATAFLOW,OECD.ELS.SPD:DSD_SOCX_AGG@DF_SOCX_AGG(1.0),Social expenditure aggregates,I,NOR,Norway,A,Annual,SOCX,Social expenditure,PT_B1GQ,Percentage of GDP,ES10,Public,K,In kind spending,TP31,Incapacity related,_Z,Not applicable,2016,,0.597,,A,Normal value,0,Units,1,One,_Z,Not applicable,,
DATAFLOW,OECD.ELS.SPD:DSD_SOCX_AGG@DF_SOCX_AGG(1.0),Social expenditure aggregates,I,NOR,Norway,A,Annual,SOCX,Social expenditure,PT_B1GQ,Percentage of GDP,ES10,Public,K,In kind spending,TP31,Incapacity related,_Z,Not applicable,2017,,0.595,,A,Normal value,0,Units,1,One,_Z,Not applicable,,
DATAFLOW,OECD.ELS.SPD:DSD_SOCX_AGG@DF_SOCX_AGG(1.0),Social expenditure aggregates,I,NOR,Norway,A,Annual,SOCX,Social expenditure,PT_B1GQ,Percentage of GDP,ES10,Public,K,In kind spending,TP31,Incapacity related,_Z,Not applicable,2018,,0.576,,A,Normal value,0,Units,1,One,_Z,Not applicable,,
DATAFLOW,OECD.ELS.SPD:DSD_SOCX_AGG@DF_SOCX_AGG(1.0),Social expenditure aggregates,I,NOR,Norway,A,Annual,SOCX,Social expenditure,PT_B1GQ,Percentage of GDP,ES10,Public,K,In kind spending,TP31,Incapacity related,_Z,Not applicable,2019,,0.607,,A,Normal value,0,Units,1,One,_Z,Not applicable,,
DATAFLOW,OECD.ELS.SPD:DSD_SOCX_AGG@DF_SOCX_AGG(1.0),Social expenditure aggregates,I,NOR,Norway,A,Annual,SOCX,Social expenditure,PT_B1GQ,Percentage of GDP,ES10,Public,K,In kind spending,TP31,Incapacity related,_Z,Not applicable,2020,,0.639,,A,Normal value,0,Units,1,One,_Z,Not applicable,,
DATAFLOW,OECD.ELS.SPD:DSD_SOCX_AGG@DF_SOCX_AGG(1.0),Social expenditure aggregates,I,NOR,Norway,A,Annual,SOCX,Social expenditure,PT_B1GQ,Percentage of GDP,ES10,Public,K,In kind spending,TP31,Incapacity related,_Z,Not applicable,2021,,0.543,,A,Normal value,0,Units,1,One,_Z,Not applicable,,
DATAFLOW,OECD.ELS.SPD:DSD_SOCX_AGG@DF_SOCX_AGG(1.0),Social expenditure aggregates,I,NOR,Norway,A,Annual,SOCX,Social expenditure,PT_B1GQ,Percentage of GDP,ES10,Public,_T,Total,TP31,Incapacity related,_Z,Not applicable,2006,,4.109,,A,Normal value,0,Units,1,One,_Z,Not applicable,,
DATAFLOW,OECD.ELS.SPD:DSD_SOCX_AGG@DF_SOCX_AGG(1.0),Social expenditure aggregates,I,NOR,Norway,A,Annual,SOCX,Social expenditure,PT_B1GQ,Percentage of GDP,ES10,Public,_T,Total,TP31,Incapacity related,_Z,Not applicable,2007,,4.125,,A,Normal value,0,Units,1,One,_Z,Not applicable,,
DATAFLOW,OECD.ELS.SPD:DSD_SOCX_AGG@DF_SOCX_AGG(1.0),Social expenditure aggregates,I,NOR,Norway,A,Annual,SOCX,Social expenditure,PT_B1GQ,Percentage of GDP,ES10,Public,_T,Total,TP31,Incapacity related,_Z,Not applicable,2008,,3.903,,A,Normal value,0,Units,1,One,_Z,Not applicable,,
DATAFLOW,OECD.ELS.SPD:DSD_SOCX_AGG@DF_SOCX_AGG(1.0),Social expenditure aggregates,I,NOR,Norway,A,Annual,SOCX,Social expenditure,PT_B1GQ,Percentage of GDP,ES10,Public,_T,Total,TP31,Incapacity related,_Z,Not applicable,2009,,4.535,,A,Normal value,0,Units,1,One,_Z,Not applicable,,
DATAFLOW,OECD.ELS.SPD:DSD_SOCX_AGG@DF_SOCX_AGG(1.0),Social expenditure aggregates,I,NOR,Norway,A,Annual,SOCX,Social expenditure,PT_B1GQ,Percentage of GDP,ES10,Public,_T,Total,TP31,Incapacity related,_Z,Not applicable,2010,,4.157,,A,Normal value,0,Units,1,One,_Z,Not applicable,,
DATAFLOW,OECD.ELS.SPD:DSD_SOCX_AGG@DF_SOCX_AGG(1.0),Social expenditure aggregates,I,NOR,Norway,A,Annual,SOCX,Social expenditure,PT_B1GQ,Percentage of GDP,ES10,Public,_T,Total,TP31,Incapacity related,_Z,Not applicable,2011,,3.777,,A,Normal value,0,Units,1,One,_Z,Not applicable,,
DATAFLOW,OECD.ELS.SPD:DSD_SOCX_AGG@DF_SOCX_AGG(1.0),Social expenditure aggregates,I,NOR,Norway,A,Annual,SOCX,Social expenditure,PT_B1GQ,Percentage of GDP,ES10,Public,_T,Total,TP31,Incapacity related,_Z,Not applicable,2012,,3.692,,A,Normal value,0,Units,1,One,_Z,Not applicable,,
DATAFLOW,OECD.ELS.SPD:DSD_SOCX_AGG@DF_SOCX_AGG(1.0),Social expenditure aggregates,I,NOR,Norway,A,Annual,SOCX,Social expenditure,PT_B1GQ,Percentage of GDP,ES10,Public,_T,Total,TP31,Incapacity related,_Z,Not applicable,2013,,3.711,,A,Normal value,0,Units,1,One,_Z,Not applicable,,
DATAFLOW,OECD.ELS.SPD:DSD_SOCX_AGG@DF_SOCX_AGG(1.0),Social expenditure aggregates,I,NOR,Norway,A,Annual,SOCX,Social expenditure,PT_B1GQ,Percentage of GDP,ES10,Public,_T,Total,TP31,Incapacity related,_Z,Not applicable,2014,,3.814,,A,Normal value,0,Units,1,One,_Z,Not applicable,,
DATAFLOW,OECD.ELS.SPD:DSD_SOCX_AGG@DF_SOCX_AGG(1.0),Social expenditure aggregates,I,NOR,Norway,A,Annual,SOCX,Social expenditure,PT_B1GQ,Percentage of GDP,ES10,Public,_T,Total,TP31,Incapacity related,_Z,Not applicable,2015,,4.295,,A,Normal value,0,Units,1,One,_Z,Not applicable,,
DATAFLOW,OECD.ELS.SPD:DSD_SOCX_AGG@DF_SOCX_AGG(1.0),Social expenditure aggregates,I,NOR,Norway,A,Annual,SOCX,Social expenditure,PT_B1GQ,Percentage of GDP,ES10,Public,_T,Total,TP31,Incapacity related,_Z,Not applicable,2016,,4.486,,A,Normal value,0,Units,1,One,_Z,Not applicable,,
DATAFLOW,OECD.ELS.SPD:DSD_SOCX_AGG@DF_SOCX_AGG(1.0),Social expenditure aggregates,I,NOR,Norway,A,Annual,SOCX,Social expenditure,PT_B1GQ,Percentage of GDP,ES10,Public,_T,Total,TP31,Incapacity related,_Z,Not applicable,2017,,4.367,,A,Normal value,0,Units,1,One,_Z,Not applicable,,
DATAFLOW,OECD.ELS.SPD:DSD_SOCX_AGG@DF_SOCX_AGG(1.0),Social expenditure aggregates,I,NOR,Norway,A,Annual,SOCX,Social expenditure,PT_B1GQ,Percentage of GDP,ES10,Public,_T,Total,TP31,Incapacity related,_Z,Not applicable,2018,,4.253,,A,Normal value,0,Units,1,One,_Z,Not applicable,,
DATAFLOW,OECD.ELS.SPD:DSD_SOCX_AGG@DF_SOCX_AGG(1.0),Social expenditure aggregates,I,NOR,Norway,A,Annual,SOCX,Social expenditure,PT_B1GQ,Percentage of GDP,ES10,Public,_T,Total,TP31,Incapacity related,_Z,Not applicable,2019,,4.483,,A,Normal value,0,Units,1,One,_Z,Not applicable,,
DATAFLOW,OECD.ELS.SPD:DSD_SOCX_AGG@DF_SOCX_AGG(1.0),Social expenditure aggregates,I,NOR,Norway,A,Annual,SOCX,Social expenditure,PT_B1GQ,Percentage of GDP,ES10,Public,_T,Total,TP31,Incapacity related,_Z,Not applicable,2020,,4.834,,A,Normal value,0,Units,1,One,_Z,Not applicable,,
DATAFLOW,OECD.ELS.SPD:DSD_SOCX_AGG@DF_SOCX_AGG(1.0),Social expenditure aggregates,I,NOR,Norway,A,Annual,SOCX,Social expenditure,PT_B1GQ,Percentage of GDP,ES10,Public,_T,Total,TP31,Incapacity related,_Z,Not applicable,2021,,4.04,,A,Normal value,0,Units,1,One,_Z,Not applicable,,
DATAFLOW,OECD.ELS.SPD:DSD_SOCX_AGG@DF_SOCX_AGG(1.0),Social expenditure aggregates,I,AUS,Australia,A,Annual,SOCX,Social expenditure,PT_B1GQ,Percentage of GDP,ES10,Public,C,In cash spending,TP31,Incapacity related,_Z,Not applicable,2005,,1.824,,A,Normal value,0,Units,1,One,_Z,Not applicable,,
DATAFLOW,OECD.ELS.SPD:DSD_SOCX_AGG@DF_SOCX_AGG(1.0),Social expenditure aggregates,I,AUS,Australia,A,Annual,SOCX,Social expenditure,PT_B1GQ,Percentage of GDP,ES10,Public,C,In cash spending,TP31,Incapacity related,_Z,Not applicable,2006,,1.733,,A,Normal value,0,Units,1,One,_Z,Not applicable,,
DATAFLOW,OECD.ELS.SPD:DSD_SOCX_AGG@DF_SOCX_AGG(1.0),Social expenditure aggregates,I,AUS,Australia,A,Annual,SOCX,Social expenditure,PT_B1GQ,Percentage of GDP,ES10,Public,C,In cash spending,TP31,Incapacity related,_Z,Not applicable,2007,,1.767,,A,Normal value,0,Units,1,One,_Z,Not applicable,,
DATAFLOW,OECD.ELS.SPD:DSD_SOCX_AGG@DF_SOCX_AGG(1.0),Social expenditure aggregates,I,AUS,Australia,A,Annual,SOCX,Social expenditure,PT_B1GQ,Percentage of GDP,ES10,Public,C,In cash spending,TP31,Incapacity related,_Z,Not applicable,2008,,1.895,,A,Normal value,0,Units,1,One,_Z,Not applicable,,
DATAFLOW,OECD.ELS.SPD:DSD_SOCX_AGG@DF_SOCX_AGG(1.0),Social expenditure aggregates,I,AUS,Australia,A,Annual,SOCX,Social expenditure,PT_B1GQ,Percentage of GDP,ES10,Public,C,In cash spending,TP31,Incapacity related,_Z,Not applicable,2009,,1.9,,A,Normal value,0,Units,1,One,_Z,Not applicable,,
DATAFLOW,OECD.ELS.SPD:DSD_SOCX_AGG@DF_SOCX_AGG(1.0),Social expenditure aggregates,I,AUS,Australia,A,Annual,SOCX,Social expenditure,PT_B1GQ,Percentage of GDP,ES10,Public,C,In cash spending,TP31,Incapacity related,_Z,Not applicable,2010,,1.937,,A,Normal value,0,Units,1,One,_Z,Not applicable,,
DATAFLOW,OECD.ELS.SPD:DSD_SOCX_AGG@DF_SOCX_AGG(1.0),Social expenditure aggregates,I,AUS,Australia,A,Annual,SOCX,Social expenditure,PT_B1GQ,Percentage of GDP,ES10,Public,C,In cash spending,TP31,Incapacity related,_Z,Not applicable,2011,,1.99,,A,Normal value,0,Units,1,One,_Z,Not applicable,,
DATAFLOW,OECD.ELS.SPD:DSD_SOCX_AGG@DF_SOCX_AGG(1.0),Social expenditure aggregates,I,AUS,Australia,A,Annual,SOCX,Social expenditure,PT_B1GQ,Percentage of GDP,ES10,Public,C,In cash spending,TP31,Incapacity related,_Z,Not applicable,2012,,2.015,,A,Normal value,0,Units,1,One,_Z,Not applicable,,
DATAFLOW,OECD.ELS.SPD:DSD_SOCX_AGG@DF_SOCX_AGG(1.0),Social expenditure aggregates,I,AUS,Australia,A,Annual,SOCX,Social expenditure,PT_B1GQ,Percentage of GDP,ES10,Public,C,In cash spending,TP31,Incapacity related,_Z,Not applicable,2013,,2.073,,A,Normal value,0,Units,1,One,_Z,Not applicable,,
DATAFLOW,OECD.ELS.SPD:DSD_SOCX_AGG@DF_SOCX_AGG(1.0),Social expenditure aggregates,I,AUS,Australia,A,Annual,SOCX,Social expenditure,PT_B1GQ,Percentage of GDP,ES10,Public,C,In cash spending,TP31,Incapacity related,_Z,Not applicable,2014,,2.107,,A,Normal value,0,Units,1,One,_Z,Not applicable,,
DATAFLOW,OECD.ELS.SPD:DSD_SOCX_AGG@DF_SOCX_AGG(1.0),Social expenditure aggregates,I,AUS,Australia,A,Annual,SOCX,Social expenditure,PT_B1GQ,Percentage of GDP,ES10,Public,C,In cash spending,TP31,Incapacity related,_Z,Not applicable,2015,,2.066,,A,Normal value,0,Units,1,One,_Z,Not applicable,,
DATAFLOW,OECD.ELS.SPD:DSD_SOCX_AGG@DF_SOCX_AGG(1.0),Social expenditure aggregates,I,AUS,Australia,A,Annual,SOCX,Social expenditure,PT_B1GQ,Percentage of GDP,ES10,Public,C,In cash spending,TP31,Incapacity related,_Z,Not applicable,2016,,1.951,,A,Normal value,0,Units,1,One,_Z,Not applicable,,
DATAFLOW,OECD.ELS.SPD:DSD_SOCX_AGG@DF_SOCX_AGG(1.0),Social expenditure aggregates,I,AUS,Australia,A,Annual,SOCX,Social expenditure,PT_B1GQ,Percentage of GDP,ES10,Public,K,In kind spending,TP31,Incapacity related,_Z,Not applicable,2005,,0.439,,A,Normal value,0,Units,1,One,_Z,Not applicable,,
DATAFLOW,OECD.ELS.SPD:DSD_SOCX_AGG@DF_SOCX_AGG(1.0),Social expenditure aggregates,I,AUS,Australia,A,Annual,SOCX,Social expenditure,PT_B1GQ,Percentage of GDP,ES10,Public,K,In kind spending,TP31,Incapacity related,_Z,Not applicable,2006,,0.45,,A,Normal value,0,Units,1,One,_Z,Not applicable,,
DATAFLOW,OECD.ELS.SPD:DSD_SOCX_AGG@DF_SOCX_AGG(1.0),Social expenditure aggregates,I,AUS,Australia,A,Annual,SOCX,Social expenditure,PT_B1GQ,Percentage of GDP,ES10,Public,K,In kind spending,TP31,Incapacity related,_Z,Not applicable,2007,,0.4,,A,Normal value,0,Units,1,One,_Z,Not applicable,,
DATAFLOW,OECD.ELS.SPD:DSD_SOCX_AGG@DF_SOCX_AGG(1.0),Social expenditure aggregates,I,AUS,Australia,A,Annual,SOCX,Social expenditure,PT_B1GQ,Percentage of GDP,ES10,Public,K,In kind spending,TP31,Incapacity related,_Z,Not applicable,2008,,0.416,,A,Normal value,0,Units,1,One,_Z,Not applicable,,
DATAFLOW,OECD.ELS.SPD:DSD_SOCX_AGG@DF_SOCX_AGG(1.0),Social expenditure aggregates,I,AUS,Australia,A,Annual,SOCX,Social expenditure,PT_B1GQ,Percentage of GDP,ES10,Public,K,In kind spending,TP31,Incapacity related,_Z,Not applicable,2009,,0.425,,A,Normal value,0,Units,1,One,_Z,Not applicable,,
DATAFLOW,OECD.ELS.SPD:DSD_SOCX_AGG@DF_SOCX_AGG(1.0),Social expenditure aggregates,I,AUS,Australia,A,Annual,SOCX,Social expenditure,PT_B1GQ,Percentage of GDP,ES10,Public,K,In kind spending,TP31,Incapacity related,_Z,Not applicable,2010,,0.389,,A,Normal value,0,Units,1,One,_Z,Not applicable,,
DATAFLOW,OECD.ELS.SPD:DSD_SOCX_AGG@DF_SOCX_AGG(1.0),Social expenditure aggregates,I,AUS,Australia,A,Annual,SOCX,Social expenditure,PT_B1GQ,Percentage of GDP,ES10,Public,K,In kind spending,TP31,Incapacity related,_Z,Not applicable,2011,,0.4,,A,Normal value,0,Units,1,One,_Z,Not applicable,,
DATAFLOW,OECD.ELS.SPD:DSD_SOCX_AGG@DF_SOCX_AGG(1.0),Social expenditure aggregates,I,AUS,Australia,A,Annual,SOCX,Social expenditure,PT_B1GQ,Percentage of GDP,ES10,Public,K,In kind spending,TP31,Incapacity related,_Z,Not applicable,2012,,0.418,,A,Normal value,0,Units,1,One,_Z,Not applicable,,
DATAFLOW,OECD.ELS.SPD:DSD_SOCX_AGG@DF_SOCX_AGG(1.0),Social expenditure aggregates,I,AUS,Australia,A,Annual,SOCX,Social expenditure,PT_B1GQ,Percentage of GDP,ES10,Public,K,In kind spending,TP31,Incapacity related,_Z,Not applicable,2013,,0.427,,A,Normal value,0,Units,1,One,_Z,Not applicable,,
DATAFLOW,OECD.ELS.SPD:DSD_SOCX_AGG@DF_SOCX_AGG(1.0),Social expenditure aggregates,I,AUS,Australia,A,Annual,SOCX,Social expenditure,PT_B1GQ,Percentage of GDP,ES10,Public,K,In kind spending,TP31,Incapacity related,_Z,Not applicable,2014,,0.449,,A,Normal value,0,Units,1,One,_Z,Not applicable,,
DATAFLOW,OECD.ELS.SPD:DSD_SOCX_AGG@DF_SOCX_AGG(1.0),Social expenditure aggregates,I,AUS,Australia,A,Annual,SOCX,Social expenditure,PT_B1GQ,Percentage of GDP,ES10,Public,K,In kind spending,TP31,Incapacity related,_Z,Not applicable,2015,,0.476,,A,Normal value,0,Units,1,One,_Z,Not applicable,,
DATAFLOW,OECD.ELS.SPD:DSD_SOCX_AGG@DF_SOCX_AGG(1.0),Social expenditure aggregates,I,AUS,Australia,A,Annual,SOCX,Social expenditure,PT_B1GQ,Percentage of GDP,ES10,Public,K,In kind spending,TP31,Incapacity related,_Z,Not applicable,2016,,0.401,,A,Normal value,0,Units,1,One,_Z,Not applicable,,
DATAFLOW,OECD.ELS.SPD:DSD_SOCX_AGG@DF_SOCX_AGG(1.0),Social expenditure aggregates,I,AUS,Australia,A,Annual,SOCX,Social expenditure,PT_B1GQ,Percentage of GDP,ES10,Public,_T,Total,TP31,Incapacity related,_Z,Not applicable,2005,,2.263,,A,Normal value,0,Units,1,One,_Z,Not applicable,,
DATAFLOW,OECD.ELS.SPD:DSD_SOCX_AGG@DF_SOCX_AGG(1.0),Social expenditure aggregates,I,AUS,Australia,A,Annual,SOCX,Social expenditure,PT_B1GQ,Percentage of GDP,ES10,Public,_T,Total,TP31,Incapacity related,_Z,Not applicable,2006,,2.183,,A,Normal value,0,Units,1,One,_Z,Not applicable,,
DATAFLOW,OECD.ELS.SPD:DSD_SOCX_AGG@DF_SOCX_AGG(1.0),Social expenditure aggregates,I,AUS,Australia,A,Annual,SOCX,Social expenditure,PT_B1GQ,Percentage of GDP,ES10,Public,_T,Total,TP31,Incapacity related,_Z,Not applicable,2007,,2.167,,A,Normal value,0,Units,1,One,_Z,Not applicable,,
DATAFLOW,OECD.ELS.SPD:DSD_SOCX_AGG@DF_SOCX_AGG(1.0),Social expenditure aggregates,I,AUS,Australia,A,Annual,SOCX,Social expenditure,PT_B1GQ,Percentage of GDP,ES10,Public,_T,Total,TP31,Incapacity related,_Z,Not applicable,2008,,2.31,,A,Normal value,0,Units,1,One,_Z,Not applicable,,
DATAFLOW,OECD.ELS.SPD:DSD_SOCX_AGG@DF_SOCX_AGG(1.0),Social expenditure aggregates,I,AUS,Australia,A,Annual,SOCX,Social expenditure,PT_B1GQ,Percentage of GDP,ES10,Public,_T,Total,TP31,Incapacity related,_Z,Not applicable,2009,,2.326,,A,Normal value,0,Units,1,One,_Z,Not applicable,,
DATAFLOW,OECD.ELS.SPD:DSD_SOCX_AGG@DF_SOCX_AGG(1.0),Social expenditure aggregates,I,AUS,Australia,A,Annual,SOCX,Social expenditure,PT_B1GQ,Percentage of GDP,ES10,Public,_T,Total,TP31,Incapacity related,_Z,Not applicable,2010,,2.326,,A,Normal value,0,Units,1,One,_Z,Not applicable,,
DATAFLOW,OECD.ELS.SPD:DSD_SOCX_AGG@DF_SOCX_AGG(1.0),Social expenditure aggregates,I,AUS,Australia,A,Annual,SOCX,Social expenditure,PT_B1GQ,Percentage of GDP,ES10,Public,_T,Total,TP31,Incapacity related,_Z,Not applicable,2011,,2.39,,A,Normal value,0,Units,1,One,_Z,Not applicable,,
DATAFLOW,OECD.ELS.SPD:DSD_SOCX_AGG@DF_SOCX_AGG(1.0),Social expenditure aggregates,I,AUS,Australia,A,Annual,SOCX,Social expenditure,PT_B1GQ,Percentage of GDP,ES10,Public,_T,Total,TP31,Incapacity related,_Z,Not applicable,2012,,2.433,,A,Normal value,0,Units,1,One,_Z,Not applicable,,
DATAFLOW,OECD.ELS.SPD:DSD_SOCX_AGG@DF_SOCX_AGG(1.0),Social expenditure aggregates,I,AUS,Australia,A,Annual,SOCX,Social expenditure,PT_B1GQ,Percentage of GDP,ES10,Public,_T,Total,TP31,Incapacity related,_Z,Not applicable,2013,,2.5,,A,Normal value,0,Units,1,One,_Z,Not applicable,,
DATAFLOW,OECD.ELS.SPD:DSD_SOCX_AGG@DF_SOCX_AGG(1.0),Social expenditure aggregates,I,AUS,Australia,A,Annual,SOCX,Social expenditure,PT_B1GQ,Percentage of GDP,ES10,Public,_T,Total,TP31,Incapacity related,_Z,Not applicable,2014,,2.556,,A,Normal value,0,Units,1,One,_Z,Not applicable,,
DATAFLOW,OECD.ELS.SPD:DSD_SOCX_AGG@DF_SOCX_AGG(1.0),Social expenditure aggregates,I,AUS,Australia,A,Annual,SOCX,Social expenditure,PT_B1GQ,Percentage of GDP,ES10,Public,_T,Total,TP31,Incapacity related,_Z,Not applicable,2015,,2.542,,A,Normal value,0,Units,1,One,_Z,Not applicable,,
DATAFLOW,OECD.ELS.SPD:DSD_SOCX_AGG@DF_SOCX_AGG(1.0),Social expenditure aggregates,I,AUS,Australia,A,Annual,SOCX,Social expenditure,PT_B1GQ,Percentage of GDP,ES10,Public,_T,Total,TP31,Incapacity related,_Z,Not applicable,2016,,2.352,,A,Normal value,0,Units,1,One,_Z,Not applicable,,
DATAFLOW,OECD.ELS.SPD:DSD_SOCX_AGG@DF_SOCX_AGG(1.0),Social expenditure aggregates,I,CAN,Canada,A,Annual,SOCX,Social expenditure,PT_B1GQ,Percentage of GDP,ES10,Public,K,In kind spending,TP31,Incapacity related,_Z,Not applicable,1990,,,,M,Missing value; data cannot exist,0,Units,1,One,_Z,Not applicable,,
DATAFLOW,OECD.ELS.SPD:DSD_SOCX_AGG@DF_SOCX_AGG(1.0),Social expenditure aggregates,I,CAN,Canada,A,Annual,SOCX,Social expenditure,PT_B1GQ,Percentage of GDP,ES10,Public,K,In kind spending,TP31,Incapacity related,_Z,Not applicable,1991,,,,M,Missing value; data cannot exist,0,Units,1,One,_Z,Not applicable,,
DATAFLOW,OECD.ELS.SPD:DSD_SOCX_AGG@DF_SOCX_AGG(1.0),Social expenditure aggregates,I,CAN,Canada,A,Annual,SOCX,Social expenditure,PT_B1GQ,Percentage of GDP,ES10,Public,K,In kind spending,TP31,Incapacity related,_Z,Not applicable,1992,,,,M,Missing value; data cannot exist,0,Units,1,One,_Z,Not applicable,,
DATAFLOW,OECD.ELS.SPD:DSD_SOCX_AGG@DF_SOCX_AGG(1.0),Social expenditure aggregates,I,CAN,Canada,A,Annual,SOCX,Social expenditure,PT_B1GQ,Percentage of GDP,ES10,Public,K,In kind spending,TP31,Incapacity related,_Z,Not applicable,1993,,,,M,Missing value; data cannot exist,0,Units,1,One,_Z,Not applicable,,
DATAFLOW,OECD.ELS.SPD:DSD_SOCX_AGG@DF_SOCX_AGG(1.0),Social expenditure aggregates,I,CAN,Canada,A,Annual,SOCX,Social expenditure,PT_B1GQ,Percentage of GDP,ES10,Public,K,In kind spending,TP31,Incapacity related,_Z,Not applicable,1994,,,,M,Missing value; data cannot exist,0,Units,1,One,_Z,Not applicable,,
DATAFLOW,OECD.ELS.SPD:DSD_SOCX_AGG@DF_SOCX_AGG(1.0),Social expenditure aggregates,I,CAN,Canada,A,Annual,SOCX,Social expenditure,PT_B1GQ,Percentage of GDP,ES10,Public,K,In kind spending,TP31,Incapacity related,_Z,Not applicable,1995,,,,M,Missing value; data cannot exist,0,Units,1,One,_Z,Not applicable,,
DATAFLOW,OECD.ELS.SPD:DSD_SOCX_AGG@DF_SOCX_AGG(1.0),Social expenditure aggregates,I,CAN,Canada,A,Annual,SOCX,Social expenditure,PT_B1GQ,Percentage of GDP,ES10,Public,K,In kind spending,TP31,Incapacity related,_Z,Not applicable,1996,,,,M,Missing value; data cannot exist,0,Units,1,One,_Z,Not applicable,,
DATAFLOW,OECD.ELS.SPD:DSD_SOCX_AGG@DF_SOCX_AGG(1.0),Social expenditure aggregates,I,CAN,Canada,A,Annual,SOCX,Social expenditure,PT_B1GQ,Percentage of GDP,ES10,Public,K,In kind spending,TP31,Incapacity related,_Z,Not applicable,1997,,,,M,Missing value; data cannot exist,0,Units,1,One,_Z,Not applicable,,
DATAFLOW,OECD.ELS.SPD:DSD_SOCX_AGG@DF_SOCX_AGG(1.0),Social expenditure aggregates,I,CAN,Canada,A,Annual,SOCX,Social expenditure,PT_B1GQ,Percentage of GDP,ES10,Public,K,In kind spending,TP31,Incapacity related,_Z,Not applicable,1998,,,,M,Missing value; data cannot exist,0,Units,1,One,_Z,Not applicable,,
DATAFLOW,OECD.ELS.SPD:DSD_SOCX_AGG@DF_SOCX_AGG(1.0),Social expenditure aggregates,I,CAN,Canada,A,Annual,SOCX,Social expenditure,PT_B1GQ,Percentage of GDP,ES10,Public,K,In kind spending,TP31,Incapacity related,_Z,Not applicable,1999,,,,M,Missing value; data cannot exist,0,Units,1,One,_Z,Not applicable,,
DATAFLOW,OECD.ELS.SPD:DSD_SOCX_AGG@DF_SOCX_AGG(1.0),Social expenditure aggregates,I,CAN,Canada,A,Annual,SOCX,Social expenditure,PT_B1GQ,Percentage of GDP,ES10,Public,K,In kind spending,TP31,Incapacity related,_Z,Not applicable,2000,,,,M,Missing value; data cannot exist,0,Units,1,One,_Z,Not applicable,,
DATAFLOW,OECD.ELS.SPD:DSD_SOCX_AGG@DF_SOCX_AGG(1.0),Social expenditure aggregates,I,CAN,Canada,A,Annual,SOCX,Social expenditure,PT_B1GQ,Percentage of GDP,ES10,Public,K,In kind spending,TP31,Incapacity related,_Z,Not applicable,2001,,,,M,Missing value; data cannot exist,0,Units,1,One,_Z,Not applicable,,
DATAFLOW,OECD.ELS.SPD:DSD_SOCX_AGG@DF_SOCX_AGG(1.0),Social expenditure aggregates,I,CAN,Canada,A,Annual,SOCX,Social expenditure,PT_B1GQ,Percentage of GDP,ES10,Public,K,In kind spending,TP31,Incapacity related,_Z,Not applicable,2002,,,,M,Missing value; data cannot exist,0,Units,1,One,_Z,Not applicable,,
DATAFLOW,OECD.ELS.SPD:DSD_SOCX_AGG@DF_SOCX_AGG(1.0),Social expenditure aggregates,I,CAN,Canada,A,Annual,SOCX,Social expenditure,PT_B1GQ,Percentage of GDP,ES10,Public,K,In kind spending,TP31,Incapacity related,_Z,Not applicable,2003,,,,M,Missing value; data cannot exist,0,Units,1,One,_Z,Not applicable,,
DATAFLOW,OECD.ELS.SPD:DSD_SOCX_AGG@DF_SOCX_AGG(1.0),Social expenditure aggregates,I,CAN,Canada,A,Annual,SOCX,Social expenditure,PT_B1GQ,Percentage of GDP,ES10,Public,K,In kind spending,TP31,Incapacity related,_Z,Not applicable,2004,,,,M,Missing value; data cannot exist,0,Units,1,One,_Z,Not applicable,,
DATAFLOW,OECD.ELS.SPD:DSD_SOCX_AGG@DF_SOCX_AGG(1.0),Social expenditure aggregates,I,CAN,Canada,A,Annual,SOCX,Social expenditure,PT_B1GQ,Percentage of GDP,ES10,Public,K,In kind spending,TP31,Incapacity related,_Z,Not applicable,2005,,,,M,Missing value; data cannot exist,0,Units,1,One,_Z,Not applicable,,
DATAFLOW,OECD.ELS.SPD:DSD_SOCX_AGG@DF_SOCX_AGG(1.0),Social expenditure aggregates,I,CAN,Canada,A,Annual,SOCX,Social expenditure,PT_B1GQ,Percentage of GDP,ES10,Public,K,In kind spending,TP31,Incapacity related,_Z,Not applicable,2006,,,,M,Missing value; data cannot exist,0,Units,1,One,_Z,Not applicable,,
DATAFLOW,OECD.ELS.SPD:DSD_SOCX_AGG@DF_SOCX_AGG(1.0),Social expenditure aggregates,I,CAN,Canada,A,Annual,SOCX,Social expenditure,PT_B1GQ,Percentage of GDP,ES10,Public,K,In kind spending,TP31,Incapacity related,_Z,Not applicable,2007,,,,M,Missing value; data cannot exist,0,Units,1,One,_Z,Not applicable,,
DATAFLOW,OECD.ELS.SPD:DSD_SOCX_AGG@DF_SOCX_AGG(1.0),Social expenditure aggregates,I,CAN,Canada,A,Annual,SOCX,Social expenditure,PT_B1GQ,Percentage of GDP,ES10,Public,K,In kind spending,TP31,Incapacity related,_Z,Not applicable,2008,,,,M,Missing value; data cannot exist,0,Units,1,One,_Z,Not applicable,,
DATAFLOW,OECD.ELS.SPD:DSD_SOCX_AGG@DF_SOCX_AGG(1.0),Social expenditure aggregates,I,CAN,Canada,A,Annual,SOCX,Social expenditure,PT_B1GQ,Percentage of GDP,ES10,Public,K,In kind spending,TP31,Incapacity related,_Z,Not applicable,2009,,,,M,Missing value; data cannot exist,0,Units,1,One,_Z,Not applicable,,
DATAFLOW,OECD.ELS.SPD:DSD_SOCX_AGG@DF_SOCX_AGG(1.0),Social expenditure aggregates,I,CAN,Canada,A,Annual,SOCX,Social expenditure,PT_B1GQ,Percentage of GDP,ES10,Public,K,In kind spending,TP31,Incapacity related,_Z,Not applicable,2010,,,,M,Missing value; data cannot exist,0,Units,1,One,_Z,Not applicable,,
DATAFLOW,OECD.ELS.SPD:DSD_SOCX_AGG@DF_SOCX_AGG(1.0),Social expenditure aggregates,I,CAN,Canada,A,Annual,SOCX,Social expenditure,PT_B1GQ,Percentage of GDP,ES10,Public,K,In kind spending,TP31,Incapacity related,_Z,Not applicable,2011,,,,M,Missing value; data cannot exist,0,Units,1,One,_Z,Not applicable,,
DATAFLOW,OECD.ELS.SPD:DSD_SOCX_AGG@DF_SOCX_AGG(1.0),Social expenditure aggregates,I,CAN,Canada,A,Annual,SOCX,Social expenditure,PT_B1GQ,Percentage of GDP,ES10,Public,K,In kind spending,TP31,Incapacity related,_Z,Not applicable,2012,,,,M,Missing value; data cannot exist,0,Units,1,One,_Z,Not applicable,,
DATAFLOW,OECD.ELS.SPD:DSD_SOCX_AGG@DF_SOCX_AGG(1.0),Social expenditure aggregates,I,CAN,Canada,A,Annual,SOCX,Social expenditure,PT_B1GQ,Percentage of GDP,ES10,Public,K,In kind spending,TP31,Incapacity related,_Z,Not applicable,2013,,,,M,Missing value; data cannot exist,0,Units,1,One,_Z,Not applicable,,
DATAFLOW,OECD.ELS.SPD:DSD_SOCX_AGG@DF_SOCX_AGG(1.0),Social expenditure aggregates,I,CAN,Canada,A,Annual,SOCX,Social expenditure,PT_B1GQ,Percentage of GDP,ES10,Public,K,In kind spending,TP31,Incapacity related,_Z,Not applicable,2014,,,,M,Missing value; data cannot exist,0,Units,1,One,_Z,Not applicable,,
DATAFLOW,OECD.ELS.SPD:DSD_SOCX_AGG@DF_SOCX_AGG(1.0),Social expenditure aggregates,I,CAN,Canada,A,Annual,SOCX,Social expenditure,PT_B1GQ,Percentage of GDP,ES10,Public,K,In kind spending,TP31,Incapacity related,_Z,Not applicable,2015,,,,M,Missing value; data cannot exist,0,Units,1,One,_Z,Not applicable,,
DATAFLOW,OECD.ELS.SPD:DSD_SOCX_AGG@DF_SOCX_AGG(1.0),Social expenditure aggregates,I,CAN,Canada,A,Annual,SOCX,Social expenditure,PT_B1GQ,Percentage of GDP,ES10,Public,K,In kind spending,TP31,Incapacity related,_Z,Not applicable,2016,,,,M,Missing value; data cannot exist,0,Units,1,One,_Z,Not applicable,,
DATAFLOW,OECD.ELS.SPD:DSD_SOCX_AGG@DF_SOCX_AGG(1.0),Social expenditure aggregates,I,CAN,Canada,A,Annual,SOCX,Social expenditure,PT_B1GQ,Percentage of GDP,ES10,Public,K,In kind spending,TP31,Incapacity related,_Z,Not applicable,2017,,,,M,Missing value; data cannot exist,0,Units,1,One,_Z,Not applicable,,
DATAFLOW,OECD.ELS.SPD:DSD_SOCX_AGG@DF_SOCX_AGG(1.0),Social expenditure aggregates,I,CAN,Canada,A,Annual,SOCX,Social expenditure,PT_B1GQ,Percentage of GDP,ES10,Public,K,In kind spending,TP31,Incapacity related,_Z,Not applicable,2018,,,,M,Missing value; data cannot exist,0,Units,1,One,_Z,Not applicable,,
DATAFLOW,OECD.ELS.SPD:DSD_SOCX_AGG@DF_SOCX_AGG(1.0),Social expenditure aggregates,I,CAN,Canada,A,Annual,SOCX,Social expenditure,PT_B1GQ,Percentage of GDP,ES10,Public,K,In kind spending,TP31,Incapacity related,_Z,Not applicable,2019,,,,M,Missing value; data cannot exist,0,Units,1,One,_Z,Not applicable,,
DATAFLOW,OECD.ELS.SPD:DSD_SOCX_AGG@DF_SOCX_AGG(1.0),Social expenditure aggregates,I,CAN,Canada,A,Annual,SOCX,Social expenditure,PT_B1GQ,Percentage of GDP,ES10,Public,K,In kind spending,TP31,Incapacity related,_Z,Not applicable,2020,,,,M,Missing value; data cannot exist,0,Units,1,One,_Z,Not applicable,,
DATAFLOW,OECD.ELS.SPD:DSD_SOCX_AGG@DF_SOCX_AGG(1.0),Social expenditure aggregates,I,CAN,Canada,A,Annual,SOCX,Social expenditure,PT_B1GQ,Percentage of GDP,ES10,Public,K,In kind spending,TP31,Incapacity related,_Z,Not applicable,2021,,,,M,Missing value; data cannot exist,0,Units,1,One,_Z,Not applicable,,
DATAFLOW,OECD.ELS.SPD:DSD_SOCX_AGG@DF_SOCX_AGG(1.0),Social expenditure aggregates,I,CAN,Canada,A,Annual,SOCX,Social expenditure,PT_B1GQ,Percentage of GDP,ES10,Public,K,In kind spending,TP31,Incapacity related,_Z,Not applicable,2022,,,,M,Missing value; data cannot exist,0,Units,1,One,_Z,Not applicable,,
DATAFLOW,OECD.ELS.SPD:DSD_SOCX_AGG@DF_SOCX_AGG(1.0),Social expenditure aggregates,I,DNK,Denmark,A,Annual,SOCX,Social expenditure,PT_B1GQ,Percentage of GDP,ES10,Public,K,In kind spending,TP31,Incapacity related,_Z,Not applicable,1990,,0.713,,A,Normal value,0,Units,1,One,_Z,Not applicable,,
DATAFLOW,OECD.ELS.SPD:DSD_SOCX_AGG@DF_SOCX_AGG(1.0),Social expenditure aggregates,I,DNK,Denmark,A,Annual,SOCX,Social expenditure,PT_B1GQ,Percentage of GDP,ES10,Public,K,In kind spending,TP31,Incapacity related,_Z,Not applicable,1991,,0.773,,A,Normal value,0,Units,1,One,_Z,Not applicable,,
DATAFLOW,OECD.ELS.SPD:DSD_SOCX_AGG@DF_SOCX_AGG(1.0),Social expenditure aggregates,I,DNK,Denmark,A,Annual,SOCX,Social expenditure,PT_B1GQ,Percentage of GDP,ES10,Public,K,In kind spending,TP31,Incapacity related,_Z,Not applicable,1992,,0.814,,A,Normal value,0,Units,1,One,_Z,Not applicable,,
DATAFLOW,OECD.ELS.SPD:DSD_SOCX_AGG@DF_SOCX_AGG(1.0),Social expenditure aggregates,I,DNK,Denmark,A,Annual,SOCX,Social expenditure,PT_B1GQ,Percentage of GDP,ES10,Public,K,In kind spending,TP31,Incapacity related,_Z,Not applicable,1993,,0.892,,A,Normal value,0,Units,1,One,_Z,Not applicable,,
DATAFLOW,OECD.ELS.SPD:DSD_SOCX_AGG@DF_SOCX_AGG(1.0),Social expenditure aggregates,I,DNK,Denmark,A,Annual,SOCX,Social expenditure,PT_B1GQ,Percentage of GDP,ES10,Public,K,In kind spending,TP31,Incapacity related,_Z,Not applicable,1994,,0.852,,A,Normal value,0,Units,1,One,_Z,Not applicable,,
DATAFLOW,OECD.ELS.SPD:DSD_SOCX_AGG@DF_SOCX_AGG(1.0),Social expenditure aggregates,I,DNK,Denmark,A,Annual,SOCX,Social expenditure,PT_B1GQ,Percentage of GDP,ES10,Public,K,In kind spending,TP31,Incapacity related,_Z,Not applicable,1995,,0.885,,A,Normal value,0,Units,1,One,_Z,Not applicable,,
DATAFLOW,OECD.ELS.SPD:DSD_SOCX_AGG@DF_SOCX_AGG(1.0),Social expenditure aggregates,I,DNK,Denmark,A,Annual,SOCX,Social expenditure,PT_B1GQ,Percentage of GDP,ES10,Public,K,In kind spending,TP31,Incapacity related,_Z,Not applicable,1996,,0.898,,A,Normal value,0,Units,1,One,_Z,Not applicable,,
DATAFLOW,OECD.ELS.SPD:DSD_SOCX_AGG@DF_SOCX_AGG(1.0),Social expenditure aggregates,I,DNK,Denmark,A,Annual,SOCX,Social expenditure,PT_B1GQ,Percentage of GDP,ES10,Public,K,In kind spending,TP31,Incapacity related,_Z,Not applicable,1997,,0.908,,A,Normal value,0,Units,1,One,_Z,Not applicable,,
DATAFLOW,OECD.ELS.SPD:DSD_SOCX_AGG@DF_SOCX_AGG(1.0),Social expenditure aggregates,I,DNK,Denmark,A,Annual,SOCX,Social expenditure,PT_B1GQ,Percentage of GDP,ES10,Public,K,In kind spending,TP31,Incapacity related,_Z,Not applicable,1998,,1.108,,A,Normal value,0,Units,1,One,_Z,Not applicable,,
DATAFLOW,OECD.ELS.SPD:DSD_SOCX_AGG@DF_SOCX_AGG(1.0),Social expenditure aggregates,I,DNK,Denmark,A,Annual,SOCX,Social expenditure,PT_B1GQ,Percentage of GDP,ES10,Public,K,In kind spending,TP31,Incapacity related,_Z,Not applicable,1999,,1.146,,A,Normal value,0,Units,1,One,_Z,Not applicable,,
DATAFLOW,OECD.ELS.SPD:DSD_SOCX_AGG@DF_SOCX_AGG(1.0),Social expenditure aggregates,I,DNK,Denmark,A,Annual,SOCX,Social expenditure,PT_B1GQ,Percentage of GDP,ES10,Public,K,In kind spending,TP31,Incapacity related,_Z,Not applicable,2000,,1.041,,A,Normal value,0,Units,1,One,_Z,Not applicable,,
DATAFLOW,OECD.ELS.SPD:DSD_SOCX_AGG@DF_SOCX_AGG(1.0),Social expenditure aggregates,I,DNK,Denmark,A,Annual,SOCX,Social expenditure,PT_B1GQ,Percentage of GDP,ES10,Public,K,In kind spending,TP31,Incapacity related,_Z,Not applicable,2001,,1.085,,A,Normal value,0,Units,1,One,_Z,Not applicable,,
DATAFLOW,OECD.ELS.SPD:DSD_SOCX_AGG@DF_SOCX_AGG(1.0),Social expenditure aggregates,I,DNK,Denmark,A,Annual,SOCX,Social expenditure,PT_B1GQ,Percentage of GDP,ES10,Public,K,In kind spending,TP31,Incapacity related,_Z,Not applicable,2002,,1.197,,A,Normal value,0,Units,1,One,_Z,Not applicable,,
DATAFLOW,OECD.ELS.SPD:DSD_SOCX_AGG@DF_SOCX_AGG(1.0),Social expenditure aggregates,I,DNK,Denmark,A,Annual,SOCX,Social expenditure,PT_B1GQ,Percentage of GDP,ES10,Public,K,In kind spending,TP31,Incapacity related,_Z,Not applicable,2003,,1.223,,A,Normal value,0,Units,1,One,_Z,Not applicable,,
DATAFLOW,OECD.ELS.SPD:DSD_SOCX_AGG@DF_SOCX_AGG(1.0),Social expenditure aggregates,I,DNK,Denmark,A,Annual,SOCX,Social expenditure,PT_B1GQ,Percentage of GDP,ES10,Public,K,In kind spending,TP31,Incapacity related,_Z,Not applicable,2004,,1.234,,A,Normal value,0,Units,1,One,_Z,Not applicable,,
DATAFLOW,OECD.ELS.SPD:DSD_SOCX_AGG@DF_SOCX_AGG(1.0),Social expenditure aggregates,I,DNK,Denmark,A,Annual,SOCX,Social expenditure,PT_B1GQ,Percentage of GDP,ES10,Public,K,In kind spending,TP31,Incapacity related,_Z,Not applicable,2005,,1.239,,A,Normal value,0,Units,1,One,_Z,Not applicable,,
DATAFLOW,OECD.ELS.SPD:DSD_SOCX_AGG@DF_SOCX_AGG(1.0),Social expenditure aggregates,I,DNK,Denmark,A,Annual,SOCX,Social expenditure,PT_B1GQ,Percentage of GDP,ES10,Public,K,In kind spending,TP31,Incapacity related,_Z,Not applicable,2006,,1.257,,A,Normal value,0,Units,1,One,_Z,Not applicable,,
DATAFLOW,OECD.ELS.SPD:DSD_SOCX_AGG@DF_SOCX_AGG(1.0),Social expenditure aggregates,I,DNK,Denmark,A,Annual,SOCX,Social expenditure,PT_B1GQ,Percentage of GDP,ES10,Public,K,In kind spending,TP31,Incapacity related,_Z,Not applicable,2007,,1.886,,A,Normal value,0,Units,1,One,_Z,Not applicable,,
DATAFLOW,OECD.ELS.SPD:DSD_SOCX_AGG@DF_SOCX_AGG(1.0),Social expenditure aggregates,I,DNK,Denmark,A,Annual,SOCX,Social expenditure,PT_B1GQ,Percentage of GDP,ES10,Public,K,In kind spending,TP31,Incapacity related,_Z,Not applicable,2008,,1.997,,A,Normal value,0,Units,1,One,_Z,Not applicable,,
DATAFLOW,OECD.ELS.SPD:DSD_SOCX_AGG@DF_SOCX_AGG(1.0),Social expenditure aggregates,I,DNK,Denmark,A,Annual,SOCX,Social expenditure,PT_B1GQ,Percentage of GDP,ES10,Public,K,In kind spending,TP31,Incapacity related,_Z,Not applicable,2009,,2.26,,A,Normal value,0,Units,1,One,_Z,Not applicable,,
DATAFLOW,OECD.ELS.SPD:DSD_SOCX_AGG@DF_SOCX_AGG(1.0),Social expenditure aggregates,I,DNK,Denmark,A,Annual,SOCX,Social expenditure,PT_B1GQ,Percentage of GDP,ES10,Public,K,In kind spending,TP31,Incapacity related,_Z,Not applicable,2010,,2.301,,A,Normal value,0,Units,1,One,_Z,Not applicable,,
DATAFLOW,OECD.ELS.SPD:DSD_SOCX_AGG@DF_SOCX_AGG(1.0),Social expenditure aggregates,I,DNK,Denmark,A,Annual,SOCX,Social expenditure,PT_B1GQ,Percentage of GDP,ES10,Public,K,In kind spending,TP31,Incapacity related,_Z,Not applicable,2011,,2.321,,A,Normal value,0,Units,1,One,_Z,Not applicable,,
DATAFLOW,OECD.ELS.SPD:DSD_SOCX_AGG@DF_SOCX_AGG(1.0),Social expenditure aggregates,I,DNK,Denmark,A,Annual,SOCX,Social expenditure,PT_B1GQ,Percentage of GDP,ES10,Public,K,In kind spending,TP31,Incapacity related,_Z,Not applicable,2012,,2.366,,A,Normal value,0,Units,1,One,_Z,Not applicable,,
DATAFLOW,OECD.ELS.SPD:DSD_SOCX_AGG@DF_SOCX_AGG(1.0),Social expenditure aggregates,I,DNK,Denmark,A,Annual,SOCX,Social expenditure,PT_B1GQ,Percentage of GDP,ES10,Public,K,In kind spending,TP31,Incapacity related,_Z,Not applicable,2013,,2.279,,A,Normal value,0,Units,1,One,_Z,Not applicable,,
DATAFLOW,OECD.ELS.SPD:DSD_SOCX_AGG@DF_SOCX_AGG(1.0),Social expenditure aggregates,I,DNK,Denmark,A,Annual,SOCX,Social expenditure,PT_B1GQ,Percentage of GDP,ES10,Public,K,In kind spending,TP31,Incapacity related,_Z,Not applicable,2014,,2.249,,A,Normal value,0,Units,1,One,_Z,Not applicable,,
DATAFLOW,OECD.ELS.SPD:DSD_SOCX_AGG@DF_SOCX_AGG(1.0),Social expenditure aggregates,I,DNK,Denmark,A,Annual,SOCX,Social expenditure,PT_B1GQ,Percentage of GDP,ES10,Public,K,In kind spending,TP31,Incapacity related,_Z,Not applicable,2015,,2.192,,A,Normal value,0,Units,1,One,_Z,Not applicable,,
DATAFLOW,OECD.ELS.SPD:DSD_SOCX_AGG@DF_SOCX_AGG(1.0),Social expenditure aggregates,I,DNK,Denmark,A,Annual,SOCX,Social expenditure,PT_B1GQ,Percentage of GDP,ES10,Public,K,In kind spending,TP31,Incapacity related,_Z,Not applicable,2016,,2.134,,A,Normal value,0,Units,1,One,_Z,Not applicable,,
DATAFLOW,OECD.ELS.SPD:DSD_SOCX_AGG@DF_SOCX_AGG(1.0),Social expenditure aggregates,I,DNK,Denmark,A,Annual,SOCX,Social expenditure,PT_B1GQ,Percentage of GDP,ES10,Public,K,In kind spending,TP31,Incapacity related,_Z,Not applicable,2017,,2.108,,A,Normal value,0,Units,1,One,_Z,Not applicable,,
DATAFLOW,OECD.ELS.SPD:DSD_SOCX_AGG@DF_SOCX_AGG(1.0),Social expenditure aggregates,I,DNK,Denmark,A,Annual,SOCX,Social expenditure,PT_B1GQ,Percentage of GDP,ES10,Public,K,In kind spending,TP31,Incapacity related,_Z,Not applicable,2018,,1.902,,A,Normal value,0,Units,1,One,_Z,Not applicable,,
DATAFLOW,OECD.ELS.SPD:DSD_SOCX_AGG@DF_SOCX_AGG(1.0),Social expenditure aggregates,I,DNK,Denmark,A,Annual,SOCX,Social expenditure,PT_B1GQ,Percentage of GDP,ES10,Public,K,In kind spending,TP31,Incapacity related,_Z,Not applicable,2019,,1.921,,A,Normal value,0,Units,1,One,_Z,Not applicable,,
DATAFLOW,OECD.ELS.SPD:DSD_SOCX_AGG@DF_SOCX_AGG(1.0),Social expenditure aggregates,I,DNK,Denmark,A,Annual,SOCX,Social expenditure,PT_B1GQ,Percentage of GDP,ES10,Public,K,In kind spending,TP31,Incapacity related,_Z,Not applicable,2020,,1.936,,A,Normal value,0,Units,1,One,_Z,Not applicable,,
DATAFLOW,OECD.ELS.SPD:DSD_SOCX_AGG@DF_SOCX_AGG(1.0),Social expenditure aggregates,I,DNK,Denmark,A,Annual,SOCX,Social expenditure,PT_B1GQ,Percentage of GDP,ES10,Public,K,In kind spending,TP31,Incapacity related,_Z,Not applicable,2021,,1.863,,A,Normal value,0,Units,1,One,_Z,Not applicable,,
DATAFLOW,OECD.ELS.SPD:DSD_SOCX_AGG@DF_SOCX_AGG(1.0),Social expenditure aggregates,I,AUS,Australia,A,Annual,SOCX,Social expenditure,PT_B1GQ,Percentage of GDP,ES10,Public,K,In kind spending,TP31,Incapacity related,_Z,Not applicable,1990,,0.023,,A,Normal value,0,Units,1,One,_Z,Not applicable,,
DATAFLOW,OECD.ELS.SPD:DSD_SOCX_AGG@DF_SOCX_AGG(1.0),Social expenditure aggregates,I,AUS,Australia,A,Annual,SOCX,Social expenditure,PT_B1GQ,Percentage of GDP,ES10,Public,K,In kind spending,TP31,Incapacity related,_Z,Not applicable,1991,,0.026,,A,Normal value,0,Units,1,One,_Z,Not applicable,,
DATAFLOW,OECD.ELS.SPD:DSD_SOCX_AGG@DF_SOCX_AGG(1.0),Social expenditure aggregates,I,AUS,Australia,A,Annual,SOCX,Social expenditure,PT_B1GQ,Percentage of GDP,ES10,Public,K,In kind spending,TP31,Incapacity related,_Z,Not applicable,1992,,0.357,,A,Normal value,0,Units,1,One,_Z,Not applicable,,
DATAFLOW,OECD.ELS.SPD:DSD_SOCX_AGG@DF_SOCX_AGG(1.0),Social expenditure aggregates,I,AUS,Australia,A,Annual,SOCX,Social expenditure,PT_B1GQ,Percentage of GDP,ES10,Public,K,In kind spending,TP31,Incapacity related,_Z,Not applicable,2017,,0.344,,A,Normal value,0,Units,1,One,_Z,Not applicable,,
DATAFLOW,OECD.ELS.SPD:DSD_SOCX_AGG@DF_SOCX_AGG(1.0),Social expenditure aggregates,I,AUS,Australia,A,Annual,SOCX,Social expenditure,PT_B1GQ,Percentage of GDP,ES10,Public,K,In kind spending,TP31,Incapacity related,_Z,Not applicable,2018,,0.185,,A,Normal value,0,Units,1,One,_Z,Not applicable,,
DATAFLOW,OECD.ELS.SPD:DSD_SOCX_AGG@DF_SOCX_AGG(1.0),Social expenditure aggregates,I,AUS,Australia,A,Annual,SOCX,Social expenditure,PT_B1GQ,Percentage of GDP,ES10,Public,K,In kind spending,TP31,Incapacity related,_Z,Not applicable,2019,,0.924,,A,Normal value,0,Units,1,One,_Z,Not applicable,,
DATAFLOW,OECD.ELS.SPD:DSD_SOCX_AGG@DF_SOCX_AGG(1.0),Social expenditure aggregates,I,AUS,Australia,A,Annual,SOCX,Social expenditure,PT_B1GQ,Percentage of GDP,ES10,Public,K,In kind spending,TP31,Incapacity related,_Z,Not applicable,2020,,1.177,,A,Normal value,0,Units,1,One,_Z,Not applicable,,
DATAFLOW,OECD.ELS.SPD:DSD_SOCX_AGG@DF_SOCX_AGG(1.0),Social expenditure aggregates,I,AUS,Australia,A,Annual,SOCX,Social expenditure,PT_B1GQ,Percentage of GDP,ES10,Public,K,In kind spending,TP31,Incapacity related,_Z,Not applicable,2021,,1.358,,A,Normal value,0,Units,1,One,_Z,Not applicable,,
DATAFLOW,OECD.ELS.SPD:DSD_SOCX_AGG@DF_SOCX_AGG(1.0),Social expenditure aggregates,I,AUS,Australia,A,Annual,SOCX,Social expenditure,PT_B1GQ,Percentage of GDP,ES10,Public,K,In kind spending,TP31,Incapacity related,_Z,Not applicable,2022,,1.427,,A,Normal value,0,Units,1,One,_Z,Not applicable,,
DATAFLOW,OECD.ELS.SPD:DSD_SOCX_AGG@DF_SOCX_AGG(1.0),Social expenditure aggregates,I,FIN,Finland,A,Annual,SOCX,Social expenditure,PT_B1GQ,Percentage of GDP,ES10,Public,K,In kind spending,TP31,Incapacity related,_Z,Not applicable,1990,,0.399,,A,Normal value,0,Units,1,One,_Z,Not applicable,,
DATAFLOW,OECD.ELS.SPD:DSD_SOCX_AGG@DF_SOCX_AGG(1.0),Social expenditure aggregates,I,FIN,Finland,A,Annual,SOCX,Social expenditure,PT_B1GQ,Percentage of GDP,ES10,Public,K,In kind spending,TP31,Incapacity related,_Z,Not applicable,1991,,0.475,,A,Normal value,0,Units,1,One,_Z,Not applicable,,
DATAFLOW,OECD.ELS.SPD:DSD_SOCX_AGG@DF_SOCX_AGG(1.0),Social expenditure aggregates,I,FIN,Finland,A,Annual,SOCX,Social expenditure,PT_B1GQ,Percentage of GDP,ES10,Public,K,In kind spending,TP31,Incapacity related,_Z,Not applicable,1992,,0.499,,A,Normal value,0,Units,1,One,_Z,Not applicable,,
DATAFLOW,OECD.ELS.SPD:DSD_SOCX_AGG@DF_SOCX_AGG(1.0),Social expenditure aggregates,I,FIN,Finland,A,Annual,SOCX,Social expenditure,PT_B1GQ,Percentage of GDP,ES10,Public,K,In kind spending,TP31,Incapacity related,_Z,Not applicable,1993,,0.73,,A,Normal value,0,Units,1,One,_Z,Not applicable,,
DATAFLOW,OECD.ELS.SPD:DSD_SOCX_AGG@DF_SOCX_AGG(1.0),Social expenditure aggregates,I,FIN,Finland,A,Annual,SOCX,Social expenditure,PT_B1GQ,Percentage of GDP,ES10,Public,K,In kind spending,TP31,Incapacity related,_Z,Not applicable,1994,,0.748,,A,Normal value,0,Units,1,One,_Z,Not applicable,,
DATAFLOW,OECD.ELS.SPD:DSD_SOCX_AGG@DF_SOCX_AGG(1.0),Social expenditure aggregates,I,FIN,Finland,A,Annual,SOCX,Social expenditure,PT_B1GQ,Percentage of GDP,ES10,Public,K,In kind spending,TP31,Incapacity related,_Z,Not applicable,1995,,0.728,,A,Normal value,0,Units,1,One,_Z,Not applicable,,
DATAFLOW,OECD.ELS.SPD:DSD_SOCX_AGG@DF_SOCX_AGG(1.0),Social expenditure aggregates,I,FIN,Finland,A,Annual,SOCX,Social expenditure,PT_B1GQ,Percentage of GDP,ES10,Public,K,In kind spending,TP31,Incapacity related,_Z,Not applicable,1996,,0.755,,A,Normal value,0,Units,1,One,_Z,Not applicable,,
DATAFLOW,OECD.ELS.SPD:DSD_SOCX_AGG@DF_SOCX_AGG(1.0),Social expenditure aggregates,I,FIN,Finland,A,Annual,SOCX,Social expenditure,PT_B1GQ,Percentage of GDP,ES10,Public,K,In kind spending,TP31,Incapacity related,_Z,Not applicable,1997,,0.733,,A,Normal value,0,Units,1,One,_Z,Not applicable,,
DATAFLOW,OECD.ELS.SPD:DSD_SOCX_AGG@DF_SOCX_AGG(1.0),Social expenditure aggregates,I,FIN,Finland,A,Annual,SOCX,Social expenditure,PT_B1GQ,Percentage of GDP,ES10,Public,K,In kind spending,TP31,Incapacity related,_Z,Not applicable,1998,,0.727,,A,Normal value,0,Units,1,One,_Z,Not applicable,,
DATAFLOW,OECD.ELS.SPD:DSD_SOCX_AGG@DF_SOCX_AGG(1.0),Social expenditure aggregates,I,FIN,Finland,A,Annual,SOCX,Social expenditure,PT_B1GQ,Percentage of GDP,ES10,Public,K,In kind spending,TP31,Incapacity related,_Z,Not applicable,1999,,0.744,,A,Normal value,0,Units,1,One,_Z,Not applicable,,
DATAFLOW,OECD.ELS.SPD:DSD_SOCX_AGG@DF_SOCX_AGG(1.0),Social expenditure aggregates,I,FIN,Finland,A,Annual,SOCX,Social expenditure,PT_B1GQ,Percentage of GDP,ES10,Public,K,In kind spending,TP31,Incapacity related,_Z,Not applicable,2000,,0.729,,A,Normal value,0,Units,1,One,_Z,Not applicable,,
DATAFLOW,OECD.ELS.SPD:DSD_SOCX_AGG@DF_SOCX_AGG(1.0),Social expenditure aggregates,I,FIN,Finland,A,Annual,SOCX,Social expenditure,PT_B1GQ,Percentage of GDP,ES10,Public,K,In kind spending,TP31,Incapacity related,_Z,Not applicable,2001,,0.751,,A,Normal value,0,Units,1,One,_Z,Not applicable,,
DATAFLOW,OECD.ELS.SPD:DSD_SOCX_AGG@DF_SOCX_AGG(1.0),Social expenditure aggregates,I,FIN,Finland,A,Annual,SOCX,Social expenditure,PT_B1GQ,Percentage of GDP,ES10,Public,K,In kind spending,TP31,Incapacity related,_Z,Not applicable,2002,,0.782,,A,Normal value,0,Units,1,One,_Z,Not applicable,,
DATAFLOW,OECD.ELS.SPD:DSD_SOCX_AGG@DF_SOCX_AGG(1.0),Social expenditure aggregates,I,FIN,Finland,A,Annual,SOCX,Social expenditure,PT_B1GQ,Percentage of GDP,ES10,Public,K,In kind spending,TP31,Incapacity related,_Z,Not applicable,2003,,0.825,,A,Normal value,0,Units,1,One,_Z,Not applicable,,
DATAFLOW,OECD.ELS.SPD:DSD_SOCX_AGG@DF_SOCX_AGG(1.0),Social expenditure aggregates,I,FIN,Finland,A,Annual,SOCX,Social expenditure,PT_B1GQ,Percentage of GDP,ES10,Public,K,In kind spending,TP31,Incapacity related,_Z,Not applicable,2004,,0.84,,A,Normal value,0,Units,1,One,_Z,Not applicable,,
DATAFLOW,OECD.ELS.SPD:DSD_SOCX_AGG@DF_SOCX_AGG(1.0),Social expenditure aggregates,I,FIN,Finland,A,Annual,SOCX,Social expenditure,PT_B1GQ,Percentage of GDP,ES10,Public,K,In kind spending,TP31,Incapacity related,_Z,Not applicable,2005,,0.863,,A,Normal value,0,Units,1,One,_Z,Not applicable,,
DATAFLOW,OECD.ELS.SPD:DSD_SOCX_AGG@DF_SOCX_AGG(1.0),Social expenditure aggregates,I,FIN,Finland,A,Annual,SOCX,Social expenditure,PT_B1GQ,Percentage of GDP,ES10,Public,K,In kind spending,TP31,Incapacity related,_Z,Not applicable,2006,,0.863,,A,Normal value,0,Units,1,One,_Z,Not applicable,,
DATAFLOW,OECD.ELS.SPD:DSD_SOCX_AGG@DF_SOCX_AGG(1.0),Social expenditure aggregates,I,FIN,Finland,A,Annual,SOCX,Social expenditure,PT_B1GQ,Percentage of GDP,ES10,Public,K,In kind spending,TP31,Incapacity related,_Z,Not applicable,2007,,0.857,,A,Normal value,0,Units,1,One,_Z,Not applicable,,
DATAFLOW,OECD.ELS.SPD:DSD_SOCX_AGG@DF_SOCX_AGG(1.0),Social expenditure aggregates,I,FIN,Finland,A,Annual,SOCX,Social expenditure,PT_B1GQ,Percentage of GDP,ES10,Public,K,In kind spending,TP31,Incapacity related,_Z,Not applicable,2008,,0.903,,A,Normal value,0,Units,1,One,_Z,Not applicable,,
DATAFLOW,OECD.ELS.SPD:DSD_SOCX_AGG@DF_SOCX_AGG(1.0),Social expenditure aggregates,I,FIN,Finland,A,Annual,SOCX,Social expenditure,PT_B1GQ,Percentage of GDP,ES10,Public,K,In kind spending,TP31,Incapacity related,_Z,Not applicable,2009,,1.034,,A,Normal value,0,Units,1,One,_Z,Not applicable,,
DATAFLOW,OECD.ELS.SPD:DSD_SOCX_AGG@DF_SOCX_AGG(1.0),Social expenditure aggregates,I,FIN,Finland,A,Annual,SOCX,Social expenditure,PT_B1GQ,Percentage of GDP,ES10,Public,K,In kind spending,TP31,Incapacity related,_Z,Not applicable,2010,,1.055,,A,Normal value,0,Units,1,One,_Z,Not applicable,,
DATAFLOW,OECD.ELS.SPD:DSD_SOCX_AGG@DF_SOCX_AGG(1.0),Social expenditure aggregates,I,FIN,Finland,A,Annual,SOCX,Social expenditure,PT_B1GQ,Percentage of GDP,ES10,Public,K,In kind spending,TP31,Incapacity related,_Z,Not applicable,2011,,1.1,,A,Normal value,0,Units,1,One,_Z,Not applicable,,
DATAFLOW,OECD.ELS.SPD:DSD_SOCX_AGG@DF_SOCX_AGG(1.0),Social expenditure aggregates,I,FIN,Finland,A,Annual,SOCX,Social expenditure,PT_B1GQ,Percentage of GDP,ES10,Public,K,In kind spending,TP31,Incapacity related,_Z,Not applicable,2012,,1.178,,A,Normal value,0,Units,1,One,_Z,Not applicable,,
DATAFLOW,OECD.ELS.SPD:DSD_SOCX_AGG@DF_SOCX_AGG(1.0),Social expenditure aggregates,I,FIN,Finland,A,Annual,SOCX,Social expenditure,PT_B1GQ,Percentage of GDP,ES10,Public,K,In kind spending,TP31,Incapacity related,_Z,Not applicable,2013,,1.23,,A,Normal value,0,Units,1,One,_Z,Not applicable,,
DATAFLOW,OECD.ELS.SPD:DSD_SOCX_AGG@DF_SOCX_AGG(1.0),Social expenditure aggregates,I,FIN,Finland,A,Annual,SOCX,Social expenditure,PT_B1GQ,Percentage of GDP,ES10,Public,K,In kind spending,TP31,Incapacity related,_Z,Not applicable,2014,,1.287,,A,Normal value,0,Units,1,One,_Z,Not applicable,,
DATAFLOW,OECD.ELS.SPD:DSD_SOCX_AGG@DF_SOCX_AGG(1.0),Social expenditure aggregates,I,FIN,Finland,A,Annual,SOCX,Social expenditure,PT_B1GQ,Percentage of GDP,ES10,Public,K,In kind spending,TP31,Incapacity related,_Z,Not applicable,2015,,1.227,,A,Normal value,0,Units,1,One,_Z,Not applicable,,
DATAFLOW,OECD.ELS.SPD:DSD_SOCX_AGG@DF_SOCX_AGG(1.0),Social expenditure aggregates,I,FIN,Finland,A,Annual,SOCX,Social expenditure,PT_B1GQ,Percentage of GDP,ES10,Public,K,In kind spending,TP31,Incapacity related,_Z,Not applicable,2016,,1.213,,A,Normal value,0,Units,1,One,_Z,Not applicable,,
DATAFLOW,OECD.ELS.SPD:DSD_SOCX_AGG@DF_SOCX_AGG(1.0),Social expenditure aggregates,I,FIN,Finland,A,Annual,SOCX,Social expenditure,PT_B1GQ,Percentage of GDP,ES10,Public,K,In kind spending,TP31,Incapacity related,_Z,Not applicable,2017,,1.138,,A,Normal value,0,Units,1,One,_Z,Not applicable,,
DATAFLOW,OECD.ELS.SPD:DSD_SOCX_AGG@DF_SOCX_AGG(1.0),Social expenditure aggregates,I,FIN,Finland,A,Annual,SOCX,Social expenditure,PT_B1GQ,Percentage of GDP,ES10,Public,K,In kind spending,TP31,Incapacity related,_Z,Not applicable,2018,,1.18,,A,Normal value,0,Units,1,One,_Z,Not applicable,,
DATAFLOW,OECD.ELS.SPD:DSD_SOCX_AGG@DF_SOCX_AGG(1.0),Social expenditure aggregates,I,FIN,Finland,A,Annual,SOCX,Social expenditure,PT_B1GQ,Percentage of GDP,ES10,Public,K,In kind spending,TP31,Incapacity related,_Z,Not applicable,2019,,1.227,,A,Normal value,0,Units,1,One,_Z,Not applicable,,
DATAFLOW,OECD.ELS.SPD:DSD_SOCX_AGG@DF_SOCX_AGG(1.0),Social expenditure aggregates,I,FIN,Finland,A,Annual,SOCX,Social expenditure,PT_B1GQ,Percentage of GDP,ES10,Public,K,In kind spending,TP31,Incapacity related,_Z,Not applicable,2020,,1.277,,A,Normal value,0,Units,1,One,_Z,Not applicable,,
DATAFLOW,OECD.ELS.SPD:DSD_SOCX_AGG@DF_SOCX_AGG(1.0),Social expenditure aggregates,I,FIN,Finland,A,Annual,SOCX,Social expenditure,PT_B1GQ,Percentage of GDP,ES10,Public,K,In kind spending,TP31,Incapacity related,_Z,Not applicable,2021,,1.246,,A,Normal value,0,Units,1,One,_Z,Not applicable,,
DATAFLOW,OECD.ELS.SPD:DSD_SOCX_AGG@DF_SOCX_AGG(1.0),Social expenditure aggregates,I,FIN,Finland,A,Annual,SOCX,Social expenditure,PT_B1GQ,Percentage of GDP,ES10,Public,_T,Total,TP31,Incapacity related,_Z,Not applicable,1990,,4.149,,A,Normal value,0,Units,1,One,_Z,Not applicable,,
DATAFLOW,OECD.ELS.SPD:DSD_SOCX_AGG@DF_SOCX_AGG(1.0),Social expenditure aggregates,I,FIN,Finland,A,Annual,SOCX,Social expenditure,PT_B1GQ,Percentage of GDP,ES10,Public,_T,Total,TP31,Incapacity related,_Z,Not applicable,1991,,4.839,,A,Normal value,0,Units,1,One,_Z,Not applicable,,
DATAFLOW,OECD.ELS.SPD:DSD_SOCX_AGG@DF_SOCX_AGG(1.0),Social expenditure aggregates,I,FIN,Finland,A,Annual,SOCX,Social expenditure,PT_B1GQ,Percentage of GDP,ES10,Public,_T,Total,TP31,Incapacity related,_Z,Not applicable,1992,,5.321,,A,Normal value,0,Units,1,One,_Z,Not applicable,,
DATAFLOW,OECD.ELS.SPD:DSD_SOCX_AGG@DF_SOCX_AGG(1.0),Social expenditure aggregates,I,FIN,Finland,A,Annual,SOCX,Social expenditure,PT_B1GQ,Percentage of GDP,ES10,Public,_T,Total,TP31,Incapacity related,_Z,Not applicable,1993,,5.44,,A,Normal value,0,Units,1,One,_Z,Not applicable,,
DATAFLOW,OECD.ELS.SPD:DSD_SOCX_AGG@DF_SOCX_AGG(1.0),Social expenditure aggregates,I,FIN,Finland,A,Annual,SOCX,Social expenditure,PT_B1GQ,Percentage of GDP,ES10,Public,_T,Total,TP31,Incapacity related,_Z,Not applicable,1994,,5.245,,A,Normal value,0,Units,1,One,_Z,Not applicable,,
DATAFLOW,OECD.ELS.SPD:DSD_SOCX_AGG@DF_SOCX_AGG(1.0),Social expenditure aggregates,I,FIN,Finland,A,Annual,SOCX,Social expenditure,PT_B1GQ,Percentage of GDP,ES10,Public,_T,Total,TP31,Incapacity related,_Z,Not applicable,1995,,4.938,,A,Normal value,0,Units,1,One,_Z,Not applicable,,
DATAFLOW,OECD.ELS.SPD:DSD_SOCX_AGG@DF_SOCX_AGG(1.0),Social expenditure aggregates,I,FIN,Finland,A,Annual,SOCX,Social expenditure,PT_B1GQ,Percentage of GDP,ES10,Public,_T,Total,TP31,Incapacity related,_Z,Not applicable,1996,,4.795,,A,Normal value,0,Units,1,One,_Z,Not applicable,,
DATAFLOW,OECD.ELS.SPD:DSD_SOCX_AGG@DF_SOCX_AGG(1.0),Social expenditure aggregates,I,FIN,Finland,A,Annual,SOCX,Social expenditure,PT_B1GQ,Percentage of GDP,ES10,Public,_T,Total,TP31,Incapacity related,_Z,Not applicable,1997,,4.437,,A,Normal value,0,Units,1,One,_Z,Not applicable,,
DATAFLOW,OECD.ELS.SPD:DSD_SOCX_AGG@DF_SOCX_AGG(1.0),Social expenditure aggregates,I,FIN,Finland,A,Annual,SOCX,Social expenditure,PT_B1GQ,Percentage of GDP,ES10,Public,_T,Total,TP31,Incapacity related,_Z,Not applicable,1998,,4.069,,A,Normal value,0,Units,1,One,_Z,Not applicable,,
DATAFLOW,OECD.ELS.SPD:DSD_SOCX_AGG@DF_SOCX_AGG(1.0),Social expenditure aggregates,I,FIN,Finland,A,Annual,SOCX,Social expenditure,PT_B1GQ,Percentage of GDP,ES10,Public,_T,Total,TP31,Incapacity related,_Z,Not applicable,1999,,3.921,,A,Normal value,0,Units,1,One,_Z,Not applicable,,
DATAFLOW,OECD.ELS.SPD:DSD_SOCX_AGG@DF_SOCX_AGG(1.0),Social expenditure aggregates,I,FIN,Finland,A,Annual,SOCX,Social expenditure,PT_B1GQ,Percentage of GDP,ES10,Public,_T,Total,TP31,Incapacity related,_Z,Not applicable,2000,,3.685,,A,Normal value,0,Units,1,One,_Z,Not applicable,,
DATAFLOW,OECD.ELS.SPD:DSD_SOCX_AGG@DF_SOCX_AGG(1.0),Social expenditure aggregates,I,FIN,Finland,A,Annual,SOCX,Social expenditure,PT_B1GQ,Percentage of GDP,ES10,Public,_T,Total,TP31,Incapacity related,_Z,Not applicable,2001,,3.612,,A,Normal value,0,Units,1,One,_Z,Not applicable,,
DATAFLOW,OECD.ELS.SPD:DSD_SOCX_AGG@DF_SOCX_AGG(1.0),Social expenditure aggregates,I,FIN,Finland,A,Annual,SOCX,Social expenditure,PT_B1GQ,Percentage of GDP,ES10,Public,_T,Total,TP31,Incapacity related,_Z,Not applicable,2002,,3.683,,A,Normal value,0,Units,1,One,_Z,Not applicable,,
DATAFLOW,OECD.ELS.SPD:DSD_SOCX_AGG@DF_SOCX_AGG(1.0),Social expenditure aggregates,I,FIN,Finland,A,Annual,SOCX,Social expenditure,PT_B1GQ,Percentage of GDP,ES10,Public,_T,Total,TP31,Incapacity related,_Z,Not applicable,2003,,3.726,,A,Normal value,0,Units,1,One,_Z,Not applicable,,
DATAFLOW,OECD.ELS.SPD:DSD_SOCX_AGG@DF_SOCX_AGG(1.0),Social expenditure aggregates,I,FIN,Finland,A,Annual,SOCX,Social expenditure,PT_B1GQ,Percentage of GDP,ES10,Public,_T,Total,TP31,Incapacity related,_Z,Not applicable,2004,,3.717,,A,Normal value,0,Units,1,One,_Z,Not applicable,,
DATAFLOW,OECD.ELS.SPD:DSD_SOCX_AGG@DF_SOCX_AGG(1.0),Social expenditure aggregates,I,FIN,Finland,A,Annual,SOCX,Social expenditure,PT_B1GQ,Percentage of GDP,ES10,Public,_T,Total,TP31,Incapacity related,_Z,Not applicable,2005,,3.659,,A,Normal value,0,Units,1,One,_Z,Not applicable,,
DATAFLOW,OECD.ELS.SPD:DSD_SOCX_AGG@DF_SOCX_AGG(1.0),Social expenditure aggregates,I,FIN,Finland,A,Annual,SOCX,Social expenditure,PT_B1GQ,Percentage of GDP,ES10,Public,_T,Total,TP31,Incapacity related,_Z,Not applicable,2006,,3.581,,A,Normal value,0,Units,1,One,_Z,Not applicable,,
DATAFLOW,OECD.ELS.SPD:DSD_SOCX_AGG@DF_SOCX_AGG(1.0),Social expenditure aggregates,I,FIN,Finland,A,Annual,SOCX,Social expenditure,PT_B1GQ,Percentage of GDP,ES10,Public,_T,Total,TP31,Incapacity related,_Z,Not applicable,2007,,3.428,,A,Normal value,0,Units,1,One,_Z,Not applicable,,
DATAFLOW,OECD.ELS.SPD:DSD_SOCX_AGG@DF_SOCX_AGG(1.0),Social expenditure aggregates,I,FIN,Finland,A,Annual,SOCX,Social expenditure,PT_B1GQ,Percentage of GDP,ES10,Public,_T,Total,TP31,Incapacity related,_Z,Not applicable,2008,,3.505,,A,Normal value,0,Units,1,One,_Z,Not applicable,,
DATAFLOW,OECD.ELS.SPD:DSD_SOCX_AGG@DF_SOCX_AGG(1.0),Social expenditure aggregates,I,FIN,Finland,A,Annual,SOCX,Social expenditure,PT_B1GQ,Percentage of GDP,ES10,Public,_T,Total,TP31,Incapacity related,_Z,Not applicable,2009,,3.916,,A,Normal value,0,Units,1,One,_Z,Not applicable,,
DATAFLOW,OECD.ELS.SPD:DSD_SOCX_AGG@DF_SOCX_AGG(1.0),Social expenditure aggregates,I,FIN,Finland,A,Annual,SOCX,Social expenditure,PT_B1GQ,Percentage of GDP,ES10,Public,_T,Total,TP31,Incapacity related,_Z,Not applicable,2010,,3.882,,A,Normal value,0,Units,1,One,_Z,Not applicable,,
DATAFLOW,OECD.ELS.SPD:DSD_SOCX_AGG@DF_SOCX_AGG(1.0),Social expenditure aggregates,I,FIN,Finland,A,Annual,SOCX,Social expenditure,PT_B1GQ,Percentage of GDP,ES10,Public,_T,Total,TP31,Incapacity related,_Z,Not applicable,2011,,3.772,,A,Normal value,0,Units,1,One,_Z,Not applicable,,
DATAFLOW,OECD.ELS.SPD:DSD_SOCX_AGG@DF_SOCX_AGG(1.0),Social expenditure aggregates,I,FIN,Finland,A,Annual,SOCX,Social expenditure,PT_B1GQ,Percentage of GDP,ES10,Public,_T,Total,TP31,Incapacity related,_Z,Not applicable,2012,,3.82,,A,Normal value,0,Units,1,One,_Z,Not applicable,,
DATAFLOW,OECD.ELS.SPD:DSD_SOCX_AGG@DF_SOCX_AGG(1.0),Social expenditure aggregates,I,FIN,Finland,A,Annual,SOCX,Social expenditure,PT_B1GQ,Percentage of GDP,ES10,Public,_T,Total,TP31,Incapacity related,_Z,Not applicable,2013,,3.832,,A,Normal value,0,Units,1,One,_Z,Not applicable,,
DATAFLOW,OECD.ELS.SPD:DSD_SOCX_AGG@DF_SOCX_AGG(1.0),Social expenditure aggregates,I,FIN,Finland,A,Annual,SOCX,Social expenditure,PT_B1GQ,Percentage of GDP,ES10,Public,_T,Total,TP31,Incapacity related,_Z,Not applicable,2014,,3.803,,A,Normal value,0,Units,1,One,_Z,Not applicable,,
DATAFLOW,OECD.ELS.SPD:DSD_SOCX_AGG@DF_SOCX_AGG(1.0),Social expenditure aggregates,I,FIN,Finland,A,Annual,SOCX,Social expenditure,PT_B1GQ,Percentage of GDP,ES10,Public,_T,Total,TP31,Incapacity related,_Z,Not applicable,2015,,3.614,,A,Normal value,0,Units,1,One,_Z,Not applicable,,
DATAFLOW,OECD.ELS.SPD:DSD_SOCX_AGG@DF_SOCX_AGG(1.0),Social expenditure aggregates,I,FIN,Finland,A,Annual,SOCX,Social expenditure,PT_B1GQ,Percentage of GDP,ES10,Public,_T,Total,TP31,Incapacity related,_Z,Not applicable,2016,,3.441,,A,Normal value,0,Units,1,One,_Z,Not applicable,,
DATAFLOW,OECD.ELS.SPD:DSD_SOCX_AGG@DF_SOCX_AGG(1.0),Social expenditure aggregates,I,FIN,Finland,A,Annual,SOCX,Social expenditure,PT_B1GQ,Percentage of GDP,ES10,Public,_T,Total,TP31,Incapacity related,_Z,Not applicable,2017,,3.22,,A,Normal value,0,Units,1,One,_Z,Not applicable,,
DATAFLOW,OECD.ELS.SPD:DSD_SOCX_AGG@DF_SOCX_AGG(1.0),Social expenditure aggregates,I,FIN,Finland,A,Annual,SOCX,Social expenditure,PT_B1GQ,Percentage of GDP,ES10,Public,_T,Total,TP31,Incapacity related,_Z,Not applicable,2018,,3.189,,A,Normal value,0,Units,1,One,_Z,Not applicable,,
DATAFLOW,OECD.ELS.SPD:DSD_SOCX_AGG@DF_SOCX_AGG(1.0),Social expenditure aggregates,I,FIN,Finland,A,Annual,SOCX,Social expenditure,PT_B1GQ,Percentage of GDP,ES10,Public,_T,Total,TP31,Incapacity related,_Z,Not applicable,2019,,3.175,,A,Normal value,0,Units,1,One,_Z,Not applicable,,
DATAFLOW,OECD.ELS.SPD:DSD_SOCX_AGG@DF_SOCX_AGG(1.0),Social expenditure aggregates,I,FIN,Finland,A,Annual,SOCX,Social expenditure,PT_B1GQ,Percentage of GDP,ES10,Public,_T,Total,TP31,Incapacity related,_Z,Not applicable,2020,,3.252,,A,Normal value,0,Units,1,One,_Z,Not applicable,,
DATAFLOW,OECD.ELS.SPD:DSD_SOCX_AGG@DF_SOCX_AGG(1.0),Social expenditure aggregates,I,FIN,Finland,A,Annual,SOCX,Social expenditure,PT_B1GQ,Percentage of GDP,ES10,Public,_T,Total,TP31,Incapacity related,_Z,Not applicable,2021,,3.143,,A,Normal value,0,Units,1,One,_Z,Not applicable,,
DATAFLOW,OECD.ELS.SPD:DSD_SOCX_AGG@DF_SOCX_AGG(1.0),Social expenditure aggregates,I,CAN,Canada,A,Annual,SOCX,Social expenditure,PT_B1GQ,Percentage of GDP,ES10,Public,_T,Total,TP31,Incapacity related,_Z,Not applicable,1990,,1.144,,A,Normal value,0,Units,1,One,_Z,Not applicable,,
DATAFLOW,OECD.ELS.SPD:DSD_SOCX_AGG@DF_SOCX_AGG(1.0),Social expenditure aggregates,I,CAN,Canada,A,Annual,SOCX,Social expenditure,PT_B1GQ,Percentage of GDP,ES10,Public,_T,Total,TP31,Incapacity related,_Z,Not applicable,1991,,1.258,,A,Normal value,0,Units,1,One,_Z,Not applicable,,
DATAFLOW,OECD.ELS.SPD:DSD_SOCX_AGG@DF_SOCX_AGG(1.0),Social expenditure aggregates,I,CAN,Canada,A,Annual,SOCX,Social expenditure,PT_B1GQ,Percentage of GDP,ES10,Public,_T,Total,TP31,Incapacity related,_Z,Not applicable,1992,,1.309,,A,Normal value,0,Units,1,One,_Z,Not applicable,,
DATAFLOW,OECD.ELS.SPD:DSD_SOCX_AGG@DF_SOCX_AGG(1.0),Social expenditure aggregates,I,CAN,Canada,A,Annual,SOCX,Social expenditure,PT_B1GQ,Percentage of GDP,ES10,Public,_T,Total,TP31,Incapacity related,_Z,Not applicable,1993,,1.288,,A,Normal value,0,Units,1,One,_Z,Not applicable,,
DATAFLOW,OECD.ELS.SPD:DSD_SOCX_AGG@DF_SOCX_AGG(1.0),Social expenditure aggregates,I,CAN,Canada,A,Annual,SOCX,Social expenditure,PT_B1GQ,Percentage of GDP,ES10,Public,_T,Total,TP31,Incapacity related,_Z,Not applicable,1994,,1.231,,A,Normal value,0,Units,1,One,_Z,Not applicable,,
DATAFLOW,OECD.ELS.SPD:DSD_SOCX_AGG@DF_SOCX_AGG(1.0),Social expenditure aggregates,I,CAN,Canada,A,Annual,SOCX,Social expenditure,PT_B1GQ,Percentage of GDP,ES10,Public,_T,Total,TP31,Incapacity related,_Z,Not applicable,1995,,1.132,,A,Normal value,0,Units,1,One,_Z,Not applicable,,
DATAFLOW,OECD.ELS.SPD:DSD_SOCX_AGG@DF_SOCX_AGG(1.0),Social expenditure aggregates,I,CAN,Canada,A,Annual,SOCX,Social expenditure,PT_B1GQ,Percentage of GDP,ES10,Public,_T,Total,TP31,Incapacity related,_Z,Not applicable,1996,,1.081,,A,Normal value,0,Units,1,One,_Z,Not applicable,,
DATAFLOW,OECD.ELS.SPD:DSD_SOCX_AGG@DF_SOCX_AGG(1.0),Social expenditure aggregates,I,CAN,Canada,A,Annual,SOCX,Social expenditure,PT_B1GQ,Percentage of GDP,ES10,Public,_T,Total,TP31,Incapacity related,_Z,Not applicable,1997,,1.024,,A,Normal value,0,Units,1,One,_Z,Not applicable,,
DATAFLOW,OECD.ELS.SPD:DSD_SOCX_AGG@DF_SOCX_AGG(1.0),Social expenditure aggregates,I,CAN,Canada,A,Annual,SOCX,Social expenditure,PT_B1GQ,Percentage of GDP,ES10,Public,_T,Total,TP31,Incapacity related,_Z,Not applicable,1998,,1,,A,Normal value,0,Units,1,One,_Z,Not applicable,,
DATAFLOW,OECD.ELS.SPD:DSD_SOCX_AGG@DF_SOCX_AGG(1.0),Social expenditure aggregates,I,CAN,Canada,A,Annual,SOCX,Social expenditure,PT_B1GQ,Percentage of GDP,ES10,Public,_T,Total,TP31,Incapacity related,_Z,Not applicable,1999,,0.954,,A,Normal value,0,Units,1,One,_Z,Not applicable,,
DATAFLOW,OECD.ELS.SPD:DSD_SOCX_AGG@DF_SOCX_AGG(1.0),Social expenditure aggregates,I,CAN,Canada,A,Annual,SOCX,Social expenditure,PT_B1GQ,Percentage of GDP,ES10,Public,_T,Total,TP31,Incapacity related,_Z,Not applicable,2000,,0.936,,A,Normal value,0,Units,1,One,_Z,Not applicable,,
DATAFLOW,OECD.ELS.SPD:DSD_SOCX_AGG@DF_SOCX_AGG(1.0),Social expenditure aggregates,I,CAN,Canada,A,Annual,SOCX,Social expenditure,PT_B1GQ,Percentage of GDP,ES10,Public,_T,Total,TP31,Incapacity related,_Z,Not applicable,2001,,0.96,,A,Normal value,0,Units,1,One,_Z,Not applicable,,
DATAFLOW,OECD.ELS.SPD:DSD_SOCX_AGG@DF_SOCX_AGG(1.0),Social expenditure aggregates,I,CAN,Canada,A,Annual,SOCX,Social expenditure,PT_B1GQ,Percentage of GDP,ES10,Public,_T,Total,TP31,Incapacity related,_Z,Not applicable,2002,,0.978,,A,Normal value,0,Units,1,One,_Z,Not applicable,,
DATAFLOW,OECD.ELS.SPD:DSD_SOCX_AGG@DF_SOCX_AGG(1.0),Social expenditure aggregates,I,CAN,Canada,A,Annual,SOCX,Social expenditure,PT_B1GQ,Percentage of GDP,ES10,Public,_T,Total,TP31,Incapacity related,_Z,Not applicable,2003,,0.948,,A,Normal value,0,Units,1,One,_Z,Not applicable,,
DATAFLOW,OECD.ELS.SPD:DSD_SOCX_AGG@DF_SOCX_AGG(1.0),Social expenditure aggregates,I,CAN,Canada,A,Annual,SOCX,Social expenditure,PT_B1GQ,Percentage of GDP,ES10,Public,_T,Total,TP31,Incapacity related,_Z,Not applicable,2004,,0.92,,A,Normal value,0,Units,1,One,_Z,Not applicable,,
DATAFLOW,OECD.ELS.SPD:DSD_SOCX_AGG@DF_SOCX_AGG(1.0),Social expenditure aggregates,I,CAN,Canada,A,Annual,SOCX,Social expenditure,PT_B1GQ,Percentage of GDP,ES10,Public,_T,Total,TP31,Incapacity related,_Z,Not applicable,2005,,0.902,,A,Normal value,0,Units,1,One,_Z,Not applicable,,
DATAFLOW,OECD.ELS.SPD:DSD_SOCX_AGG@DF_SOCX_AGG(1.0),Social expenditure aggregates,I,CAN,Canada,A,Annual,SOCX,Social expenditure,PT_B1GQ,Percentage of GDP,ES10,Public,_T,Total,TP31,Incapacity related,_Z,Not applicable,2006,,0.881,,A,Normal value,0,Units,1,One,_Z,Not applicable,,
DATAFLOW,OECD.ELS.SPD:DSD_SOCX_AGG@DF_SOCX_AGG(1.0),Social expenditure aggregates,I,CAN,Canada,A,Annual,SOCX,Social expenditure,PT_B1GQ,Percentage of GDP,ES10,Public,_T,Total,TP31,Incapacity related,_Z,Not applicable,2007,,0.871,,A,Normal value,0,Units,1,One,_Z,Not applicable,,
DATAFLOW,OECD.ELS.SPD:DSD_SOCX_AGG@DF_SOCX_AGG(1.0),Social expenditure aggregates,I,CAN,Canada,A,Annual,SOCX,Social expenditure,PT_B1GQ,Percentage of GDP,ES10,Public,_T,Total,TP31,Incapacity related,_Z,Not applicable,2008,,0.879,,A,Normal value,0,Units,1,One,_Z,Not applicable,,
DATAFLOW,OECD.ELS.SPD:DSD_SOCX_AGG@DF_SOCX_AGG(1.0),Social expenditure aggregates,I,CAN,Canada,A,Annual,SOCX,Social expenditure,PT_B1GQ,Percentage of GDP,ES10,Public,_T,Total,TP31,Incapacity related,_Z,Not applicable,2009,,0.923,,A,Normal value,0,Units,1,One,_Z,Not applicable,,
DATAFLOW,OECD.ELS.SPD:DSD_SOCX_AGG@DF_SOCX_AGG(1.0),Social expenditure aggregates,I,CAN,Canada,A,Annual,SOCX,Social expenditure,PT_B1GQ,Percentage of GDP,ES10,Public,_T,Total,TP31,Incapacity related,_Z,Not applicable,2010,,0.878,,A,Normal value,0,Units,1,One,_Z,Not applicable,,
DATAFLOW,OECD.ELS.SPD:DSD_SOCX_AGG@DF_SOCX_AGG(1.0),Social expenditure aggregates,I,CAN,Canada,A,Annual,SOCX,Social expenditure,PT_B1GQ,Percentage of GDP,ES10,Public,_T,Total,TP31,Incapacity related,_Z,Not applicable,2011,,0.843,,A,Normal value,0,Units,1,One,_Z,Not applicable,,
DATAFLOW,OECD.ELS.SPD:DSD_SOCX_AGG@DF_SOCX_AGG(1.0),Social expenditure aggregates,I,CAN,Canada,A,Annual,SOCX,Social expenditure,PT_B1GQ,Percentage of GDP,ES10,Public,_T,Total,TP31,Incapacity related,_Z,Not applicable,2012,,0.823,,A,Normal value,0,Units,1,One,_Z,Not applicable,,
DATAFLOW,OECD.ELS.SPD:DSD_SOCX_AGG@DF_SOCX_AGG(1.0),Social expenditure aggregates,I,CAN,Canada,A,Annual,SOCX,Social expenditure,PT_B1GQ,Percentage of GDP,ES10,Public,_T,Total,TP31,Incapacity related,_Z,Not applicable,2013,,0.788,,A,Normal value,0,Units,1,One,_Z,Not applicable,,
DATAFLOW,OECD.ELS.SPD:DSD_SOCX_AGG@DF_SOCX_AGG(1.0),Social expenditure aggregates,I,CAN,Canada,A,Annual,SOCX,Social expenditure,PT_B1GQ,Percentage of GDP,ES10,Public,_T,Total,TP31,Incapacity related,_Z,Not applicable,2014,,0.766,,A,Normal value,0,Units,1,One,_Z,Not applicable,,
DATAFLOW,OECD.ELS.SPD:DSD_SOCX_AGG@DF_SOCX_AGG(1.0),Social expenditure aggregates,I,CAN,Canada,A,Annual,SOCX,Social expenditure,PT_B1GQ,Percentage of GDP,ES10,Public,_T,Total,TP31,Incapacity related,_Z,Not applicable,2015,,0.755,,A,Normal value,0,Units,1,One,_Z,Not applicable,,
DATAFLOW,OECD.ELS.SPD:DSD_SOCX_AGG@DF_SOCX_AGG(1.0),Social expenditure aggregates,I,CAN,Canada,A,Annual,SOCX,Social expenditure,PT_B1GQ,Percentage of GDP,ES10,Public,_T,Total,TP31,Incapacity related,_Z,Not applicable,2016,,0.742,,A,Normal value,0,Units,1,One,_Z,Not applicable,,
DATAFLOW,OECD.ELS.SPD:DSD_SOCX_AGG@DF_SOCX_AGG(1.0),Social expenditure aggregates,I,CAN,Canada,A,Annual,SOCX,Social expenditure,PT_B1GQ,Percentage of GDP,ES10,Public,_T,Total,TP31,Incapacity related,_Z,Not applicable,2017,,0.729,,A,Normal value,0,Units,1,One,_Z,Not applicable,,
DATAFLOW,OECD.ELS.SPD:DSD_SOCX_AGG@DF_SOCX_AGG(1.0),Social expenditure aggregates,I,CAN,Canada,A,Annual,SOCX,Social expenditure,PT_B1GQ,Percentage of GDP,ES10,Public,_T,Total,TP31,Incapacity related,_Z,Not applicable,2018,,0.716,,A,Normal value,0,Units,1,One,_Z,Not applicable,,
DATAFLOW,OECD.ELS.SPD:DSD_SOCX_AGG@DF_SOCX_AGG(1.0),Social expenditure aggregates,I,CAN,Canada,A,Annual,SOCX,Social expenditure,PT_B1GQ,Percentage of GDP,ES10,Public,_T,Total,TP31,Incapacity related,_Z,Not applicable,2019,,0.738,,A,Normal value,0,Units,1,One,_Z,Not applicable,,
DATAFLOW,OECD.ELS.SPD:DSD_SOCX_AGG@DF_SOCX_AGG(1.0),Social expenditure aggregates,I,CAN,Canada,A,Annual,SOCX,Social expenditure,PT_B1GQ,Percentage of GDP,ES10,Public,_T,Total,TP31,Incapacity related,_Z,Not applicable,2020,,0.75,,A,Normal value,0,Units,1,One,_Z,Not applicable,,
DATAFLOW,OECD.ELS.SPD:DSD_SOCX_AGG@DF_SOCX_AGG(1.0),Social expenditure aggregates,I,CAN,Canada,A,Annual,SOCX,Social expenditure,PT_B1GQ,Percentage of GDP,ES10,Public,_T,Total,TP31,Incapacity related,_Z,Not applicable,2021,,0.698,,A,Normal value,0,Units,1,One,_Z,Not applicable,,
DATAFLOW,OECD.ELS.SPD:DSD_SOCX_AGG@DF_SOCX_AGG(1.0),Social expenditure aggregates,I,CAN,Canada,A,Annual,SOCX,Social expenditure,PT_B1GQ,Percentage of GDP,ES10,Public,_T,Total,TP31,Incapacity related,_Z,Not applicable,2022,,0.627,,A,Normal value,0,Units,1,One,_Z,Not applicable,,
DATAFLOW,OECD.ELS.SPD:DSD_SOCX_AGG@DF_SOCX_AGG(1.0),Social expenditure aggregates,I,DNK,Denmark,A,Annual,SOCX,Social expenditure,PT_B1GQ,Percentage of GDP,ES10,Public,_T,Total,TP31,Incapacity related,_Z,Not applicable,1990,,3.671,,A,Normal value,0,Units,1,One,_Z,Not applicable,,
DATAFLOW,OECD.ELS.SPD:DSD_SOCX_AGG@DF_SOCX_AGG(1.0),Social expenditure aggregates,I,DNK,Denmark,A,Annual,SOCX,Social expenditure,PT_B1GQ,Percentage of GDP,ES10,Public,_T,Total,TP31,Incapacity related,_Z,Not applicable,1991,,3.613,,A,Normal value,0,Units,1,One,_Z,Not applicable,,
DATAFLOW,OECD.ELS.SPD:DSD_SOCX_AGG@DF_SOCX_AGG(1.0),Social expenditure aggregates,I,DNK,Denmark,A,Annual,SOCX,Social expenditure,PT_B1GQ,Percentage of GDP,ES10,Public,_T,Total,TP31,Incapacity related,_Z,Not applicable,1992,,3.586,,A,Normal value,0,Units,1,One,_Z,Not applicable,,
DATAFLOW,OECD.ELS.SPD:DSD_SOCX_AGG@DF_SOCX_AGG(1.0),Social expenditure aggregates,I,DNK,Denmark,A,Annual,SOCX,Social expenditure,PT_B1GQ,Percentage of GDP,ES10,Public,_T,Total,TP31,Incapacity related,_Z,Not applicable,1993,,3.85,,A,Normal value,0,Units,1,One,_Z,Not applicable,,
DATAFLOW,OECD.ELS.SPD:DSD_SOCX_AGG@DF_SOCX_AGG(1.0),Social expenditure aggregates,I,DNK,Denmark,A,Annual,SOCX,Social expenditure,PT_B1GQ,Percentage of GDP,ES10,Public,_T,Total,TP31,Incapacity related,_Z,Not applicable,1994,,3.832,,A,Normal value,0,Units,1,One,_Z,Not applicable,,
DATAFLOW,OECD.ELS.SPD:DSD_SOCX_AGG@DF_SOCX_AGG(1.0),Social expenditure aggregates,I,DNK,Denmark,A,Annual,SOCX,Social expenditure,PT_B1GQ,Percentage of GDP,ES10,Public,_T,Total,TP31,Incapacity related,_Z,Not applicable,1995,,4.118,,A,Normal value,0,Units,1,One,_Z,Not applicable,,
DATAFLOW,OECD.ELS.SPD:DSD_SOCX_AGG@DF_SOCX_AGG(1.0),Social expenditure aggregates,I,DNK,Denmark,A,Annual,SOCX,Social expenditure,PT_B1GQ,Percentage of GDP,ES10,Public,_T,Total,TP31,Incapacity related,_Z,Not applicable,1996,,4.049,,A,Normal value,0,Units,1,One,_Z,Not applicable,,
DATAFLOW,OECD.ELS.SPD:DSD_SOCX_AGG@DF_SOCX_AGG(1.0),Social expenditure aggregates,I,DNK,Denmark,A,Annual,SOCX,Social expenditure,PT_B1GQ,Percentage of GDP,ES10,Public,_T,Total,TP31,Incapacity related,_Z,Not applicable,1997,,3.9,,A,Normal value,0,Units,1,One,_Z,Not applicable,,
DATAFLOW,OECD.ELS.SPD:DSD_SOCX_AGG@DF_SOCX_AGG(1.0),Social expenditure aggregates,I,DNK,Denmark,A,Annual,SOCX,Social expenditure,PT_B1GQ,Percentage of GDP,ES10,Public,_T,Total,TP31,Incapacity related,_Z,Not applicable,1998,,3.985,,A,Normal value,0,Units,1,One,_Z,Not applicable,,
DATAFLOW,OECD.ELS.SPD:DSD_SOCX_AGG@DF_SOCX_AGG(1.0),Social expenditure aggregates,I,DNK,Denmark,A,Annual,SOCX,Social expenditure,PT_B1GQ,Percentage of GDP,ES10,Public,_T,Total,TP31,Incapacity related,_Z,Not applicable,1999,,3.999,,A,Normal value,0,Units,1,One,_Z,Not applicable,,
DATAFLOW,OECD.ELS.SPD:DSD_SOCX_AGG@DF_SOCX_AGG(1.0),Social expenditure aggregates,I,DNK,Denmark,A,Annual,SOCX,Social expenditure,PT_B1GQ,Percentage of GDP,ES10,Public,_T,Total,TP31,Incapacity related,_Z,Not applicable,2000,,3.81,,A,Normal value,0,Units,1,One,_Z,Not applicable,,
DATAFLOW,OECD.ELS.SPD:DSD_SOCX_AGG@DF_SOCX_AGG(1.0),Social expenditure aggregates,I,DNK,Denmark,A,Annual,SOCX,Social expenditure,PT_B1GQ,Percentage of GDP,ES10,Public,_T,Total,TP31,Incapacity related,_Z,Not applicable,2001,,3.983,,A,Normal value,0,Units,1,One,_Z,Not applicable,,
DATAFLOW,OECD.ELS.SPD:DSD_SOCX_AGG@DF_SOCX_AGG(1.0),Social expenditure aggregates,I,DNK,Denmark,A,Annual,SOCX,Social expenditure,PT_B1GQ,Percentage of GDP,ES10,Public,_T,Total,TP31,Incapacity related,_Z,Not applicable,2002,,4.192,,A,Normal value,0,Units,1,One,_Z,Not applicable,,
DATAFLOW,OECD.ELS.SPD:DSD_SOCX_AGG@DF_SOCX_AGG(1.0),Social expenditure aggregates,I,DNK,Denmark,A,Annual,SOCX,Social expenditure,PT_B1GQ,Percentage of GDP,ES10,Public,_T,Total,TP31,Incapacity related,_Z,Not applicable,2003,,4.382,,A,Normal value,0,Units,1,One,_Z,Not applicable,,
DATAFLOW,OECD.ELS.SPD:DSD_SOCX_AGG@DF_SOCX_AGG(1.0),Social expenditure aggregates,I,DNK,Denmark,A,Annual,SOCX,Social expenditure,PT_B1GQ,Percentage of GDP,ES10,Public,_T,Total,TP31,Incapacity related,_Z,Not applicable,2004,,4.38,,A,Normal value,0,Units,1,One,_Z,Not applicable,,
DATAFLOW,OECD.ELS.SPD:DSD_SOCX_AGG@DF_SOCX_AGG(1.0),Social expenditure aggregates,I,DNK,Denmark,A,Annual,SOCX,Social expenditure,PT_B1GQ,Percentage of GDP,ES10,Public,_T,Total,TP31,Incapacity related,_Z,Not applicable,2005,,4.418,,A,Normal value,0,Units,1,One,_Z,Not applicable,,
DATAFLOW,OECD.ELS.SPD:DSD_SOCX_AGG@DF_SOCX_AGG(1.0),Social expenditure aggregates,I,DNK,Denmark,A,Annual,SOCX,Social expenditure,PT_B1GQ,Percentage of GDP,ES10,Public,_T,Total,TP31,Incapacity related,_Z,Not applicable,2006,,4.387,,A,Normal value,0,Units,1,One,_Z,Not applicable,,
DATAFLOW,OECD.ELS.SPD:DSD_SOCX_AGG@DF_SOCX_AGG(1.0),Social expenditure aggregates,I,DNK,Denmark,A,Annual,SOCX,Social expenditure,PT_B1GQ,Percentage of GDP,ES10,Public,_T,Total,TP31,Incapacity related,_Z,Not applicable,2007,,5.35,,A,Normal value,0,Units,1,One,_Z,Not applicable,,
DATAFLOW,OECD.ELS.SPD:DSD_SOCX_AGG@DF_SOCX_AGG(1.0),Social expenditure aggregates,I,DNK,Denmark,A,Annual,SOCX,Social expenditure,PT_B1GQ,Percentage of GDP,ES10,Public,_T,Total,TP31,Incapacity related,_Z,Not applicable,2008,,5.372,,A,Normal value,0,Units,1,One,_Z,Not applicable,,
DATAFLOW,OECD.ELS.SPD:DSD_SOCX_AGG@DF_SOCX_AGG(1.0),Social expenditure aggregates,I,DNK,Denmark,A,Annual,SOCX,Social expenditure,PT_B1GQ,Percentage of GDP,ES10,Public,_T,Total,TP31,Incapacity related,_Z,Not applicable,2009,,5.836,,A,Normal value,0,Units,1,One,_Z,Not applicable,,
DATAFLOW,OECD.ELS.SPD:DSD_SOCX_AGG@DF_SOCX_AGG(1.0),Social expenditure aggregates,I,DNK,Denmark,A,Annual,SOCX,Social expenditure,PT_B1GQ,Percentage of GDP,ES10,Public,_T,Total,TP31,Incapacity related,_Z,Not applicable,2010,,5.891,,A,Normal value,0,Units,1,One,_Z,Not applicable,,
DATAFLOW,OECD.ELS.SPD:DSD_SOCX_AGG@DF_SOCX_AGG(1.0),Social expenditure aggregates,I,DNK,Denmark,A,Annual,SOCX,Social expenditure,PT_B1GQ,Percentage of GDP,ES10,Public,_T,Total,TP31,Incapacity related,_Z,Not applicable,2011,,5.821,,A,Normal value,0,Units,1,One,_Z,Not applicable,,
DATAFLOW,OECD.ELS.SPD:DSD_SOCX_AGG@DF_SOCX_AGG(1.0),Social expenditure aggregates,I,DNK,Denmark,A,Annual,SOCX,Social expenditure,PT_B1GQ,Percentage of GDP,ES10,Public,_T,Total,TP31,Incapacity related,_Z,Not applicable,2012,,5.82,,A,Normal value,0,Units,1,One,_Z,Not applicable,,
DATAFLOW,OECD.ELS.SPD:DSD_SOCX_AGG@DF_SOCX_AGG(1.0),Social expenditure aggregates,I,DNK,Denmark,A,Annual,SOCX,Social expenditure,PT_B1GQ,Percentage of GDP,ES10,Public,_T,Total,TP31,Incapacity related,_Z,Not applicable,2013,,5.572,,A,Normal value,0,Units,1,One,_Z,Not applicable,,
DATAFLOW,OECD.ELS.SPD:DSD_SOCX_AGG@DF_SOCX_AGG(1.0),Social expenditure aggregates,I,DNK,Denmark,A,Annual,SOCX,Social expenditure,PT_B1GQ,Percentage of GDP,ES10,Public,_T,Total,TP31,Incapacity related,_Z,Not applicable,2014,,5.41,,A,Normal value,0,Units,1,One,_Z,Not applicable,,
DATAFLOW,OECD.ELS.SPD:DSD_SOCX_AGG@DF_SOCX_AGG(1.0),Social expenditure aggregates,I,DNK,Denmark,A,Annual,SOCX,Social expenditure,PT_B1GQ,Percentage of GDP,ES10,Public,_T,Total,TP31,Incapacity related,_Z,Not applicable,2015,,5.222,,A,Normal value,0,Units,1,One,_Z,Not applicable,,
DATAFLOW,OECD.ELS.SPD:DSD_SOCX_AGG@DF_SOCX_AGG(1.0),Social expenditure aggregates,I,DNK,Denmark,A,Annual,SOCX,Social expenditure,PT_B1GQ,Percentage of GDP,ES10,Public,_T,Total,TP31,Incapacity related,_Z,Not applicable,2016,,4.95,,A,Normal value,0,Units,1,One,_Z,Not applicable,,
DATAFLOW,OECD.ELS.SPD:DSD_SOCX_AGG@DF_SOCX_AGG(1.0),Social expenditure aggregates,I,DNK,Denmark,A,Annual,SOCX,Social expenditure,PT_B1GQ,Percentage of GDP,ES10,Public,_T,Total,TP31,Incapacity related,_Z,Not applicable,2017,,4.862,,A,Normal value,0,Units,1,One,_Z,Not applicable,,
DATAFLOW,OECD.ELS.SPD:DSD_SOCX_AGG@DF_SOCX_AGG(1.0),Social expenditure aggregates,I,DNK,Denmark,A,Annual,SOCX,Social expenditure,PT_B1GQ,Percentage of GDP,ES10,Public,_T,Total,TP31,Incapacity related,_Z,Not applicable,2018,,4.582,,A,Normal value,0,Units,1,One,_Z,Not applicable,,
DATAFLOW,OECD.ELS.SPD:DSD_SOCX_AGG@DF_SOCX_AGG(1.0),Social expenditure aggregates,I,DNK,Denmark,A,Annual,SOCX,Social expenditure,PT_B1GQ,Percentage of GDP,ES10,Public,_T,Total,TP31,Incapacity related,_Z,Not applicable,2019,,4.646,,A,Normal value,0,Units,1,One,_Z,Not applicable,,
DATAFLOW,OECD.ELS.SPD:DSD_SOCX_AGG@DF_SOCX_AGG(1.0),Social expenditure aggregates,I,DNK,Denmark,A,Annual,SOCX,Social expenditure,PT_B1GQ,Percentage of GDP,ES10,Public,_T,Total,TP31,Incapacity related,_Z,Not applicable,2020,,4.853,,A,Normal value,0,Units,1,One,_Z,Not applicable,,
DATAFLOW,OECD.ELS.SPD:DSD_SOCX_AGG@DF_SOCX_AGG(1.0),Social expenditure aggregates,I,DNK,Denmark,A,Annual,SOCX,Social expenditure,PT_B1GQ,Percentage of GDP,ES10,Public,_T,Total,TP31,Incapacity related,_Z,Not applicable,2021,,4.735,,A,Normal value,0,Units,1,One,_Z,Not applicable,,
DATAFLOW,OECD.ELS.SPD:DSD_SOCX_AGG@DF_SOCX_AGG(1.0),Social expenditure aggregates,I,AUS,Australia,A,Annual,SOCX,Social expenditure,PT_B1GQ,Percentage of GDP,ES10,Public,_T,Total,TP31,Incapacity related,_Z,Not applicable,1990,,1.729,,A,Normal value,0,Units,1,One,_Z,Not applicable,,
DATAFLOW,OECD.ELS.SPD:DSD_SOCX_AGG@DF_SOCX_AGG(1.0),Social expenditure aggregates,I,AUS,Australia,A,Annual,SOCX,Social expenditure,PT_B1GQ,Percentage of GDP,ES10,Public,_T,Total,TP31,Incapacity related,_Z,Not applicable,1991,,1.614,,A,Normal value,0,Units,1,One,_Z,Not applicable,,
DATAFLOW,OECD.ELS.SPD:DSD_SOCX_AGG@DF_SOCX_AGG(1.0),Social expenditure aggregates,I,AUS,Australia,A,Annual,SOCX,Social expenditure,PT_B1GQ,Percentage of GDP,ES10,Public,_T,Total,TP31,Incapacity related,_Z,Not applicable,1992,,2.171,,A,Normal value,0,Units,1,One,_Z,Not applicable,,
DATAFLOW,OECD.ELS.SPD:DSD_SOCX_AGG@DF_SOCX_AGG(1.0),Social expenditure aggregates,I,AUS,Australia,A,Annual,SOCX,Social expenditure,PT_B1GQ,Percentage of GDP,ES10,Public,_T,Total,TP31,Incapacity related,_Z,Not applicable,2017,,2.247,,A,Normal value,0,Units,1,One,_Z,Not applicable,,
DATAFLOW,OECD.ELS.SPD:DSD_SOCX_AGG@DF_SOCX_AGG(1.0),Social expenditure aggregates,I,AUS,Australia,A,Annual,SOCX,Social expenditure,PT_B1GQ,Percentage of GDP,ES10,Public,_T,Total,TP31,Incapacity related,_Z,Not applicable,2018,,2.032,,A,Normal value,0,Units,1,One,_Z,Not applicable,,
DATAFLOW,OECD.ELS.SPD:DSD_SOCX_AGG@DF_SOCX_AGG(1.0),Social expenditure aggregates,I,AUS,Australia,A,Annual,SOCX,Social expenditure,PT_B1GQ,Percentage of GDP,ES10,Public,_T,Total,TP31,Incapacity related,_Z,Not applicable,2019,,2.872,,A,Normal value,0,Units,1,One,_Z,Not applicable,,
DATAFLOW,OECD.ELS.SPD:DSD_SOCX_AGG@DF_SOCX_AGG(1.0),Social expenditure aggregates,I,AUS,Australia,A,Annual,SOCX,Social expenditure,PT_B1GQ,Percentage of GDP,ES10,Public,_T,Total,TP31,Incapacity related,_Z,Not applicable,2020,,3.12,,A,Normal value,0,Units,1,One,_Z,Not applicable,,
DATAFLOW,OECD.ELS.SPD:DSD_SOCX_AGG@DF_SOCX_AGG(1.0),Social expenditure aggregates,I,AUS,Australia,A,Annual,SOCX,Social expenditure,PT_B1GQ,Percentage of GDP,ES10,Public,_T,Total,TP31,Incapacity related,_Z,Not applicable,2021,,3.129,,A,Normal value,0,Units,1,One,_Z,Not applicable,,
DATAFLOW,OECD.ELS.SPD:DSD_SOCX_AGG@DF_SOCX_AGG(1.0),Social expenditure aggregates,I,AUS,Australia,A,Annual,SOCX,Social expenditure,PT_B1GQ,Percentage of GDP,ES10,Public,_T,Total,TP31,Incapacity related,_Z,Not applicable,2022,,3.135,,A,Normal value,0,Units,1,One,_Z,Not applicable,,
DATAFLOW,OECD.ELS.SPD:DSD_SOCX_AGG@DF_SOCX_AGG(1.0),Social expenditure aggregates,I,AUS,Australia,A,Annual,SOCX,Social expenditure,PT_B1GQ,Percentage of GDP,ES10,Public,C,In cash spending,TP31,Incapacity related,_Z,Not applicable,1990,,1.706,,A,Normal value,0,Units,1,One,_Z,Not applicable,,
DATAFLOW,OECD.ELS.SPD:DSD_SOCX_AGG@DF_SOCX_AGG(1.0),Social expenditure aggregates,I,AUS,Australia,A,Annual,SOCX,Social expenditure,PT_B1GQ,Percentage of GDP,ES10,Public,C,In cash spending,TP31,Incapacity related,_Z,Not applicable,1991,,1.588,,A,Normal value,0,Units,1,One,_Z,Not applicable,,
DATAFLOW,OECD.ELS.SPD:DSD_SOCX_AGG@DF_SOCX_AGG(1.0),Social expenditure aggregates,I,AUS,Australia,A,Annual,SOCX,Social expenditure,PT_B1GQ,Percentage of GDP,ES10,Public,C,In cash spending,TP31,Incapacity related,_Z,Not applicable,1992,,1.815,,A,Normal value,0,Units,1,One,_Z,Not applicable,,
DATAFLOW,OECD.ELS.SPD:DSD_SOCX_AGG@DF_SOCX_AGG(1.0),Social expenditure aggregates,I,AUS,Australia,A,Annual,SOCX,Social expenditure,PT_B1GQ,Percentage of GDP,ES10,Public,C,In cash spending,TP31,Incapacity related,_Z,Not applicable,2017,,1.903,,A,Normal value,0,Units,1,One,_Z,Not applicable,,
DATAFLOW,OECD.ELS.SPD:DSD_SOCX_AGG@DF_SOCX_AGG(1.0),Social expenditure aggregates,I,AUS,Australia,A,Annual,SOCX,Social expenditure,PT_B1GQ,Percentage of GDP,ES10,Public,C,In cash spending,TP31,Incapacity related,_Z,Not applicable,2018,,1.847,,A,Normal value,0,Units,1,One,_Z,Not applicable,,
DATAFLOW,OECD.ELS.SPD:DSD_SOCX_AGG@DF_SOCX_AGG(1.0),Social expenditure aggregates,I,AUS,Australia,A,Annual,SOCX,Social expenditure,PT_B1GQ,Percentage of GDP,ES10,Public,C,In cash spending,TP31,Incapacity related,_Z,Not applicable,2019,,1.948,,A,Normal value,0,Units,1,One,_Z,Not applicable,,
DATAFLOW,OECD.ELS.SPD:DSD_SOCX_AGG@DF_SOCX_AGG(1.0),Social expenditure aggregates,I,AUS,Australia,A,Annual,SOCX,Social expenditure,PT_B1GQ,Percentage of GDP,ES10,Public,C,In cash spending,TP31,Incapacity related,_Z,Not applicable,2020,,1.943,,A,Normal value,0,Units,1,One,_Z,Not applicable,,
DATAFLOW,OECD.ELS.SPD:DSD_SOCX_AGG@DF_SOCX_AGG(1.0),Social expenditure aggregates,I,AUS,Australia,A,Annual,SOCX,Social expenditure,PT_B1GQ,Percentage of GDP,ES10,Public,C,In cash spending,TP31,Incapacity related,_Z,Not applicable,2021,,1.771,,A,Normal value,0,Units,1,One,_Z,Not applicable,,
DATAFLOW,OECD.ELS.SPD:DSD_SOCX_AGG@DF_SOCX_AGG(1.0),Social expenditure aggregates,I,AUS,Australia,A,Annual,SOCX,Social expenditure,PT_B1GQ,Percentage of GDP,ES10,Public,C,In cash spending,TP31,Incapacity related,_Z,Not applicable,2022,,1.708,,A,Normal value,0,Units,1,One,_Z,Not applicable,,
DATAFLOW,OECD.ELS.SPD:DSD_SOCX_AGG@DF_SOCX_AGG(1.0),Social expenditure aggregates,I,DNK,Denmark,A,Annual,SOCX,Social expenditure,PT_B1GQ,Percentage of GDP,ES10,Public,C,In cash spending,TP31,Incapacity related,_Z,Not applicable,1990,,2.958,,A,Normal value,0,Units,1,One,_Z,Not applicable,,
DATAFLOW,OECD.ELS.SPD:DSD_SOCX_AGG@DF_SOCX_AGG(1.0),Social expenditure aggregates,I,DNK,Denmark,A,Annual,SOCX,Social expenditure,PT_B1GQ,Percentage of GDP,ES10,Public,C,In cash spending,TP31,Incapacity related,_Z,Not applicable,1991,,2.84,,A,Normal value,0,Units,1,One,_Z,Not applicable,,
DATAFLOW,OECD.ELS.SPD:DSD_SOCX_AGG@DF_SOCX_AGG(1.0),Social expenditure aggregates,I,DNK,Denmark,A,Annual,SOCX,Social expenditure,PT_B1GQ,Percentage of GDP,ES10,Public,C,In cash spending,TP31,Incapacity related,_Z,Not applicable,1992,,2.771,,A,Normal value,0,Units,1,One,_Z,Not applicable,,
DATAFLOW,OECD.ELS.SPD:DSD_SOCX_AGG@DF_SOCX_AGG(1.0),Social expenditure aggregates,I,DNK,Denmark,A,Annual,SOCX,Social expenditure,PT_B1GQ,Percentage of GDP,ES10,Public,C,In cash spending,TP31,Incapacity related,_Z,Not applicable,1993,,2.958,,A,Normal value,0,Units,1,One,_Z,Not applicable,,
DATAFLOW,OECD.ELS.SPD:DSD_SOCX_AGG@DF_SOCX_AGG(1.0),Social expenditure aggregates,I,DNK,Denmark,A,Annual,SOCX,Social expenditure,PT_B1GQ,Percentage of GDP,ES10,Public,C,In cash spending,TP31,Incapacity related,_Z,Not applicable,1994,,2.98,,A,Normal value,0,Units,1,One,_Z,Not applicable,,
DATAFLOW,OECD.ELS.SPD:DSD_SOCX_AGG@DF_SOCX_AGG(1.0),Social expenditure aggregates,I,DNK,Denmark,A,Annual,SOCX,Social expenditure,PT_B1GQ,Percentage of GDP,ES10,Public,C,In cash spending,TP31,Incapacity related,_Z,Not applicable,1995,,3.233,,A,Normal value,0,Units,1,One,_Z,Not applicable,,
DATAFLOW,OECD.ELS.SPD:DSD_SOCX_AGG@DF_SOCX_AGG(1.0),Social expenditure aggregates,I,DNK,Denmark,A,Annual,SOCX,Social expenditure,PT_B1GQ,Percentage of GDP,ES10,Public,C,In cash spending,TP31,Incapacity related,_Z,Not applicable,1996,,3.151,,A,Normal value,0,Units,1,One,_Z,Not applicable,,
DATAFLOW,OECD.ELS.SPD:DSD_SOCX_AGG@DF_SOCX_AGG(1.0),Social expenditure aggregates,I,DNK,Denmark,A,Annual,SOCX,Social expenditure,PT_B1GQ,Percentage of GDP,ES10,Public,C,In cash spending,TP31,Incapacity related,_Z,Not applicable,1997,,2.992,,A,Normal value,0,Units,1,One,_Z,Not applicable,,
DATAFLOW,OECD.ELS.SPD:DSD_SOCX_AGG@DF_SOCX_AGG(1.0),Social expenditure aggregates,I,DNK,Denmark,A,Annual,SOCX,Social expenditure,PT_B1GQ,Percentage of GDP,ES10,Public,C,In cash spending,TP31,Incapacity related,_Z,Not applicable,1998,,2.877,,A,Normal value,0,Units,1,One,_Z,Not applicable,,
DATAFLOW,OECD.ELS.SPD:DSD_SOCX_AGG@DF_SOCX_AGG(1.0),Social expenditure aggregates,I,DNK,Denmark,A,Annual,SOCX,Social expenditure,PT_B1GQ,Percentage of GDP,ES10,Public,C,In cash spending,TP31,Incapacity related,_Z,Not applicable,1999,,2.852,,A,Normal value,0,Units,1,One,_Z,Not applicable,,
DATAFLOW,OECD.ELS.SPD:DSD_SOCX_AGG@DF_SOCX_AGG(1.0),Social expenditure aggregates,I,DNK,Denmark,A,Annual,SOCX,Social expenditure,PT_B1GQ,Percentage of GDP,ES10,Public,C,In cash spending,TP31,Incapacity related,_Z,Not applicable,2000,,2.769,,A,Normal value,0,Units,1,One,_Z,Not applicable,,
DATAFLOW,OECD.ELS.SPD:DSD_SOCX_AGG@DF_SOCX_AGG(1.0),Social expenditure aggregates,I,DNK,Denmark,A,Annual,SOCX,Social expenditure,PT_B1GQ,Percentage of GDP,ES10,Public,C,In cash spending,TP31,Incapacity related,_Z,Not applicable,2001,,2.897,,A,Normal value,0,Units,1,One,_Z,Not applicable,,
DATAFLOW,OECD.ELS.SPD:DSD_SOCX_AGG@DF_SOCX_AGG(1.0),Social expenditure aggregates,I,DNK,Denmark,A,Annual,SOCX,Social expenditure,PT_B1GQ,Percentage of GDP,ES10,Public,C,In cash spending,TP31,Incapacity related,_Z,Not applicable,2002,,2.995,,A,Normal value,0,Units,1,One,_Z,Not applicable,,
DATAFLOW,OECD.ELS.SPD:DSD_SOCX_AGG@DF_SOCX_AGG(1.0),Social expenditure aggregates,I,DNK,Denmark,A,Annual,SOCX,Social expenditure,PT_B1GQ,Percentage of GDP,ES10,Public,C,In cash spending,TP31,Incapacity related,_Z,Not applicable,2003,,3.159,,A,Normal value,0,Units,1,One,_Z,Not applicable,,
DATAFLOW,OECD.ELS.SPD:DSD_SOCX_AGG@DF_SOCX_AGG(1.0),Social expenditure aggregates,I,DNK,Denmark,A,Annual,SOCX,Social expenditure,PT_B1GQ,Percentage of GDP,ES10,Public,C,In cash spending,TP31,Incapacity related,_Z,Not applicable,2004,,3.146,,A,Normal value,0,Units,1,One,_Z,Not applicable,,
DATAFLOW,OECD.ELS.SPD:DSD_SOCX_AGG@DF_SOCX_AGG(1.0),Social expenditure aggregates,I,DNK,Denmark,A,Annual,SOCX,Social expenditure,PT_B1GQ,Percentage of GDP,ES10,Public,C,In cash spending,TP31,Incapacity related,_Z,Not applicable,2005,,3.179,,A,Normal value,0,Units,1,One,_Z,Not applicable,,
DATAFLOW,OECD.ELS.SPD:DSD_SOCX_AGG@DF_SOCX_AGG(1.0),Social expenditure aggregates,I,DNK,Denmark,A,Annual,SOCX,Social expenditure,PT_B1GQ,Percentage of GDP,ES10,Public,C,In cash spending,TP31,Incapacity related,_Z,Not applicable,2006,,3.13,,A,Normal value,0,Units,1,One,_Z,Not applicable,,
DATAFLOW,OECD.ELS.SPD:DSD_SOCX_AGG@DF_SOCX_AGG(1.0),Social expenditure aggregates,I,DNK,Denmark,A,Annual,SOCX,Social expenditure,PT_B1GQ,Percentage of GDP,ES10,Public,C,In cash spending,TP31,Incapacity related,_Z,Not applicable,2007,,3.464,,A,Normal value,0,Units,1,One,_Z,Not applicable,,
DATAFLOW,OECD.ELS.SPD:DSD_SOCX_AGG@DF_SOCX_AGG(1.0),Social expenditure aggregates,I,DNK,Denmark,A,Annual,SOCX,Social expenditure,PT_B1GQ,Percentage of GDP,ES10,Public,C,In cash spending,TP31,Incapacity related,_Z,Not applicable,2008,,3.375,,A,Normal value,0,Units,1,One,_Z,Not applicable,,
DATAFLOW,OECD.ELS.SPD:DSD_SOCX_AGG@DF_SOCX_AGG(1.0),Social expenditure aggregates,I,DNK,Denmark,A,Annual,SOCX,Social expenditure,PT_B1GQ,Percentage of GDP,ES10,Public,C,In cash spending,TP31,Incapacity related,_Z,Not applicable,2009,,3.576,,A,Normal value,0,Units,1,One,_Z,Not applicable,,
DATAFLOW,OECD.ELS.SPD:DSD_SOCX_AGG@DF_SOCX_AGG(1.0),Social expenditure aggregates,I,DNK,Denmark,A,Annual,SOCX,Social expenditure,PT_B1GQ,Percentage of GDP,ES10,Public,C,In cash spending,TP31,Incapacity related,_Z,Not applicable,2010,,3.59,,A,Normal value,0,Units,1,One,_Z,Not applicable,,
DATAFLOW,OECD.ELS.SPD:DSD_SOCX_AGG@DF_SOCX_AGG(1.0),Social expenditure aggregates,I,DNK,Denmark,A,Annual,SOCX,Social expenditure,PT_B1GQ,Percentage of GDP,ES10,Public,C,In cash spending,TP31,Incapacity related,_Z,Not applicable,2011,,3.5,,A,Normal value,0,Units,1,One,_Z,Not applicable,,
DATAFLOW,OECD.ELS.SPD:DSD_SOCX_AGG@DF_SOCX_AGG(1.0),Social expenditure aggregates,I,DNK,Denmark,A,Annual,SOCX,Social expenditure,PT_B1GQ,Percentage of GDP,ES10,Public,C,In cash spending,TP31,Incapacity related,_Z,Not applicable,2012,,3.454,,A,Normal value,0,Units,1,One,_Z,Not applicable,,
DATAFLOW,OECD.ELS.SPD:DSD_SOCX_AGG@DF_SOCX_AGG(1.0),Social expenditure aggregates,I,DNK,Denmark,A,Annual,SOCX,Social expenditure,PT_B1GQ,Percentage of GDP,ES10,Public,C,In cash spending,TP31,Incapacity related,_Z,Not applicable,2013,,3.293,,A,Normal value,0,Units,1,One,_Z,Not applicable,,
DATAFLOW,OECD.ELS.SPD:DSD_SOCX_AGG@DF_SOCX_AGG(1.0),Social expenditure aggregates,I,DNK,Denmark,A,Annual,SOCX,Social expenditure,PT_B1GQ,Percentage of GDP,ES10,Public,C,In cash spending,TP31,Incapacity related,_Z,Not applicable,2014,,3.161,,A,Normal value,0,Units,1,One,_Z,Not applicable,,
DATAFLOW,OECD.ELS.SPD:DSD_SOCX_AGG@DF_SOCX_AGG(1.0),Social expenditure aggregates,I,DNK,Denmark,A,Annual,SOCX,Social expenditure,PT_B1GQ,Percentage of GDP,ES10,Public,C,In cash spending,TP31,Incapacity related,_Z,Not applicable,2015,,3.03,,A,Normal value,0,Units,1,One,_Z,Not applicable,,
DATAFLOW,OECD.ELS.SPD:DSD_SOCX_AGG@DF_SOCX_AGG(1.0),Social expenditure aggregates,I,DNK,Denmark,A,Annual,SOCX,Social expenditure,PT_B1GQ,Percentage of GDP,ES10,Public,C,In cash spending,TP31,Incapacity related,_Z,Not applicable,2016,,2.816,,A,Normal value,0,Units,1,One,_Z,Not applicable,,
DATAFLOW,OECD.ELS.SPD:DSD_SOCX_AGG@DF_SOCX_AGG(1.0),Social expenditure aggregates,I,DNK,Denmark,A,Annual,SOCX,Social expenditure,PT_B1GQ,Percentage of GDP,ES10,Public,C,In cash spending,TP31,Incapacity related,_Z,Not applicable,2017,,2.754,,A,Normal value,0,Units,1,One,_Z,Not applicable,,
DATAFLOW,OECD.ELS.SPD:DSD_SOCX_AGG@DF_SOCX_AGG(1.0),Social expenditure aggregates,I,DNK,Denmark,A,Annual,SOCX,Social expenditure,PT_B1GQ,Percentage of GDP,ES10,Public,C,In cash spending,TP31,Incapacity related,_Z,Not applicable,2018,,2.68,,A,Normal value,0,Units,1,One,_Z,Not applicable,,
DATAFLOW,OECD.ELS.SPD:DSD_SOCX_AGG@DF_SOCX_AGG(1.0),Social expenditure aggregates,I,DNK,Denmark,A,Annual,SOCX,Social expenditure,PT_B1GQ,Percentage of GDP,ES10,Public,C,In cash spending,TP31,Incapacity related,_Z,Not applicable,2019,,2.725,,A,Normal value,0,Units,1,One,_Z,Not applicable,,
DATAFLOW,OECD.ELS.SPD:DSD_SOCX_AGG@DF_SOCX_AGG(1.0),Social expenditure aggregates,I,DNK,Denmark,A,Annual,SOCX,Social expenditure,PT_B1GQ,Percentage of GDP,ES10,Public,C,In cash spending,TP31,Incapacity related,_Z,Not applicable,2020,,2.917,,A,Normal value,0,Units,1,One,_Z,Not applicable,,
DATAFLOW,OECD.ELS.SPD:DSD_SOCX_AGG@DF_SOCX_AGG(1.0),Social expenditure aggregates,I,DNK,Denmark,A,Annual,SOCX,Social expenditure,PT_B1GQ,Percentage of GDP,ES10,Public,C,In cash spending,TP31,Incapacity related,_Z,Not applicable,2021,,2.872,,A,Normal value,0,Units,1,One,_Z,Not applicable,,
DATAFLOW,OECD.ELS.SPD:DSD_SOCX_AGG@DF_SOCX_AGG(1.0),Social expenditure aggregates,I,CAN,Canada,A,Annual,SOCX,Social expenditure,PT_B1GQ,Percentage of GDP,ES10,Public,C,In cash spending,TP31,Incapacity related,_Z,Not applicable,1990,,1.144,,A,Normal value,0,Units,1,One,_Z,Not applicable,,
DATAFLOW,OECD.ELS.SPD:DSD_SOCX_AGG@DF_SOCX_AGG(1.0),Social expenditure aggregates,I,CAN,Canada,A,Annual,SOCX,Social expenditure,PT_B1GQ,Percentage of GDP,ES10,Public,C,In cash spending,TP31,Incapacity related,_Z,Not applicable,1991,,1.258,,A,Normal value,0,Units,1,One,_Z,Not applicable,,
DATAFLOW,OECD.ELS.SPD:DSD_SOCX_AGG@DF_SOCX_AGG(1.0),Social expenditure aggregates,I,CAN,Canada,A,Annual,SOCX,Social expenditure,PT_B1GQ,Percentage of GDP,ES10,Public,C,In cash spending,TP31,Incapacity related,_Z,Not applicable,1992,,1.309,,A,Normal value,0,Units,1,One,_Z,Not applicable,,
DATAFLOW,OECD.ELS.SPD:DSD_SOCX_AGG@DF_SOCX_AGG(1.0),Social expenditure aggregates,I,CAN,Canada,A,Annual,SOCX,Social expenditure,PT_B1GQ,Percentage of GDP,ES10,Public,C,In cash spending,TP31,Incapacity related,_Z,Not applicable,1993,,1.288,,A,Normal value,0,Units,1,One,_Z,Not applicable,,
DATAFLOW,OECD.ELS.SPD:DSD_SOCX_AGG@DF_SOCX_AGG(1.0),Social expenditure aggregates,I,CAN,Canada,A,Annual,SOCX,Social expenditure,PT_B1GQ,Percentage of GDP,ES10,Public,C,In cash spending,TP31,Incapacity related,_Z,Not applicable,1994,,1.231,,A,Normal value,0,Units,1,One,_Z,Not applicable,,
DATAFLOW,OECD.ELS.SPD:DSD_SOCX_AGG@DF_SOCX_AGG(1.0),Social expenditure aggregates,I,CAN,Canada,A,Annual,SOCX,Social expenditure,PT_B1GQ,Percentage of GDP,ES10,Public,C,In cash spending,TP31,Incapacity related,_Z,Not applicable,1995,,1.132,,A,Normal value,0,Units,1,One,_Z,Not applicable,,
DATAFLOW,OECD.ELS.SPD:DSD_SOCX_AGG@DF_SOCX_AGG(1.0),Social expenditure aggregates,I,CAN,Canada,A,Annual,SOCX,Social expenditure,PT_B1GQ,Percentage of GDP,ES10,Public,C,In cash spending,TP31,Incapacity related,_Z,Not applicable,1996,,1.081,,A,Normal value,0,Units,1,One,_Z,Not applicable,,
DATAFLOW,OECD.ELS.SPD:DSD_SOCX_AGG@DF_SOCX_AGG(1.0),Social expenditure aggregates,I,CAN,Canada,A,Annual,SOCX,Social expenditure,PT_B1GQ,Percentage of GDP,ES10,Public,C,In cash spending,TP31,Incapacity related,_Z,Not applicable,1997,,1.024,,A,Normal value,0,Units,1,One,_Z,Not applicable,,
DATAFLOW,OECD.ELS.SPD:DSD_SOCX_AGG@DF_SOCX_AGG(1.0),Social expenditure aggregates,I,CAN,Canada,A,Annual,SOCX,Social expenditure,PT_B1GQ,Percentage of GDP,ES10,Public,C,In cash spending,TP31,Incapacity related,_Z,Not applicable,1998,,1,,A,Normal value,0,Units,1,One,_Z,Not applicable,,
DATAFLOW,OECD.ELS.SPD:DSD_SOCX_AGG@DF_SOCX_AGG(1.0),Social expenditure aggregates,I,CAN,Canada,A,Annual,SOCX,Social expenditure,PT_B1GQ,Percentage of GDP,ES10,Public,C,In cash spending,TP31,Incapacity related,_Z,Not applicable,1999,,0.954,,A,Normal value,0,Units,1,One,_Z,Not applicable,,
DATAFLOW,OECD.ELS.SPD:DSD_SOCX_AGG@DF_SOCX_AGG(1.0),Social expenditure aggregates,I,CAN,Canada,A,Annual,SOCX,Social expenditure,PT_B1GQ,Percentage of GDP,ES10,Public,C,In cash spending,TP31,Incapacity related,_Z,Not applicable,2000,,0.936,,A,Normal value,0,Units,1,One,_Z,Not applicable,,
DATAFLOW,OECD.ELS.SPD:DSD_SOCX_AGG@DF_SOCX_AGG(1.0),Social expenditure aggregates,I,CAN,Canada,A,Annual,SOCX,Social expenditure,PT_B1GQ,Percentage of GDP,ES10,Public,C,In cash spending,TP31,Incapacity related,_Z,Not applicable,2001,,0.96,,A,Normal value,0,Units,1,One,_Z,Not applicable,,
DATAFLOW,OECD.ELS.SPD:DSD_SOCX_AGG@DF_SOCX_AGG(1.0),Social expenditure aggregates,I,CAN,Canada,A,Annual,SOCX,Social expenditure,PT_B1GQ,Percentage of GDP,ES10,Public,C,In cash spending,TP31,Incapacity related,_Z,Not applicable,2002,,0.978,,A,Normal value,0,Units,1,One,_Z,Not applicable,,
DATAFLOW,OECD.ELS.SPD:DSD_SOCX_AGG@DF_SOCX_AGG(1.0),Social expenditure aggregates,I,CAN,Canada,A,Annual,SOCX,Social expenditure,PT_B1GQ,Percentage of GDP,ES10,Public,C,In cash spending,TP31,Incapacity related,_Z,Not applicable,2003,,0.948,,A,Normal value,0,Units,1,One,_Z,Not applicable,,
DATAFLOW,OECD.ELS.SPD:DSD_SOCX_AGG@DF_SOCX_AGG(1.0),Social expenditure aggregates,I,CAN,Canada,A,Annual,SOCX,Social expenditure,PT_B1GQ,Percentage of GDP,ES10,Public,C,In cash spending,TP31,Incapacity related,_Z,Not applicable,2004,,0.92,,A,Normal value,0,Units,1,One,_Z,Not applicable,,
DATAFLOW,OECD.ELS.SPD:DSD_SOCX_AGG@DF_SOCX_AGG(1.0),Social expenditure aggregates,I,CAN,Canada,A,Annual,SOCX,Social expenditure,PT_B1GQ,Percentage of GDP,ES10,Public,C,In cash spending,TP31,Incapacity related,_Z,Not applicable,2005,,0.902,,A,Normal value,0,Units,1,One,_Z,Not applicable,,
DATAFLOW,OECD.ELS.SPD:DSD_SOCX_AGG@DF_SOCX_AGG(1.0),Social expenditure aggregates,I,CAN,Canada,A,Annual,SOCX,Social expenditure,PT_B1GQ,Percentage of GDP,ES10,Public,C,In cash spending,TP31,Incapacity related,_Z,Not applicable,2006,,0.881,,A,Normal value,0,Units,1,One,_Z,Not applicable,,
DATAFLOW,OECD.ELS.SPD:DSD_SOCX_AGG@DF_SOCX_AGG(1.0),Social expenditure aggregates,I,CAN,Canada,A,Annual,SOCX,Social expenditure,PT_B1GQ,Percentage of GDP,ES10,Public,C,In cash spending,TP31,Incapacity related,_Z,Not applicable,2007,,0.871,,A,Normal value,0,Units,1,One,_Z,Not applicable,,
DATAFLOW,OECD.ELS.SPD:DSD_SOCX_AGG@DF_SOCX_AGG(1.0),Social expenditure aggregates,I,CAN,Canada,A,Annual,SOCX,Social expenditure,PT_B1GQ,Percentage of GDP,ES10,Public,C,In cash spending,TP31,Incapacity related,_Z,Not applicable,2008,,0.879,,A,Normal value,0,Units,1,One,_Z,Not applicable,,
DATAFLOW,OECD.ELS.SPD:DSD_SOCX_AGG@DF_SOCX_AGG(1.0),Social expenditure aggregates,I,CAN,Canada,A,Annual,SOCX,Social expenditure,PT_B1GQ,Percentage of GDP,ES10,Public,C,In cash spending,TP31,Incapacity related,_Z,Not applicable,2009,,0.923,,A,Normal value,0,Units,1,One,_Z,Not applicable,,
DATAFLOW,OECD.ELS.SPD:DSD_SOCX_AGG@DF_SOCX_AGG(1.0),Social expenditure aggregates,I,CAN,Canada,A,Annual,SOCX,Social expenditure,PT_B1GQ,Percentage of GDP,ES10,Public,C,In cash spending,TP31,Incapacity related,_Z,Not applicable,2010,,0.878,,A,Normal value,0,Units,1,One,_Z,Not applicable,,
DATAFLOW,OECD.ELS.SPD:DSD_SOCX_AGG@DF_SOCX_AGG(1.0),Social expenditure aggregates,I,CAN,Canada,A,Annual,SOCX,Social expenditure,PT_B1GQ,Percentage of GDP,ES10,Public,C,In cash spending,TP31,Incapacity related,_Z,Not applicable,2011,,0.843,,A,Normal value,0,Units,1,One,_Z,Not applicable,,
DATAFLOW,OECD.ELS.SPD:DSD_SOCX_AGG@DF_SOCX_AGG(1.0),Social expenditure aggregates,I,CAN,Canada,A,Annual,SOCX,Social expenditure,PT_B1GQ,Percentage of GDP,ES10,Public,C,In cash spending,TP31,Incapacity related,_Z,Not applicable,2012,,0.823,,A,Normal value,0,Units,1,One,_Z,Not applicable,,
DATAFLOW,OECD.ELS.SPD:DSD_SOCX_AGG@DF_SOCX_AGG(1.0),Social expenditure aggregates,I,CAN,Canada,A,Annual,SOCX,Social expenditure,PT_B1GQ,Percentage of GDP,ES10,Public,C,In cash spending,TP31,Incapacity related,_Z,Not applicable,2013,,0.788,,A,Normal value,0,Units,1,One,_Z,Not applicable,,
DATAFLOW,OECD.ELS.SPD:DSD_SOCX_AGG@DF_SOCX_AGG(1.0),Social expenditure aggregates,I,CAN,Canada,A,Annual,SOCX,Social expenditure,PT_B1GQ,Percentage of GDP,ES10,Public,C,In cash spending,TP31,Incapacity related,_Z,Not applicable,2014,,0.766,,A,Normal value,0,Units,1,One,_Z,Not applicable,,
DATAFLOW,OECD.ELS.SPD:DSD_SOCX_AGG@DF_SOCX_AGG(1.0),Social expenditure aggregates,I,CAN,Canada,A,Annual,SOCX,Social expenditure,PT_B1GQ,Percentage of GDP,ES10,Public,C,In cash spending,TP31,Incapacity related,_Z,Not applicable,2015,,0.755,,A,Normal value,0,Units,1,One,_Z,Not applicable,,
DATAFLOW,OECD.ELS.SPD:DSD_SOCX_AGG@DF_SOCX_AGG(1.0),Social expenditure aggregates,I,CAN,Canada,A,Annual,SOCX,Social expenditure,PT_B1GQ,Percentage of GDP,ES10,Public,C,In cash spending,TP31,Incapacity related,_Z,Not applicable,2016,,0.742,,A,Normal value,0,Units,1,One,_Z,Not applicable,,
DATAFLOW,OECD.ELS.SPD:DSD_SOCX_AGG@DF_SOCX_AGG(1.0),Social expenditure aggregates,I,CAN,Canada,A,Annual,SOCX,Social expenditure,PT_B1GQ,Percentage of GDP,ES10,Public,C,In cash spending,TP31,Incapacity related,_Z,Not applicable,2017,,0.729,,A,Normal value,0,Units,1,One,_Z,Not applicable,,
DATAFLOW,OECD.ELS.SPD:DSD_SOCX_AGG@DF_SOCX_AGG(1.0),Social expenditure aggregates,I,CAN,Canada,A,Annual,SOCX,Social expenditure,PT_B1GQ,Percentage of GDP,ES10,Public,C,In cash spending,TP31,Incapacity related,_Z,Not applicable,2018,,0.716,,A,Normal value,0,Units,1,One,_Z,Not applicable,,
DATAFLOW,OECD.ELS.SPD:DSD_SOCX_AGG@DF_SOCX_AGG(1.0),Social expenditure aggregates,I,CAN,Canada,A,Annual,SOCX,Social expenditure,PT_B1GQ,Percentage of GDP,ES10,Public,C,In cash spending,TP31,Incapacity related,_Z,Not applicable,2019,,0.738,,A,Normal value,0,Units,1,One,_Z,Not applicable,,
DATAFLOW,OECD.ELS.SPD:DSD_SOCX_AGG@DF_SOCX_AGG(1.0),Social expenditure aggregates,I,CAN,Canada,A,Annual,SOCX,Social expenditure,PT_B1GQ,Percentage of GDP,ES10,Public,C,In cash spending,TP31,Incapacity related,_Z,Not applicable,2020,,0.75,,A,Normal value,0,Units,1,One,_Z,Not applicable,,
DATAFLOW,OECD.ELS.SPD:DSD_SOCX_AGG@DF_SOCX_AGG(1.0),Social expenditure aggregates,I,CAN,Canada,A,Annual,SOCX,Social expenditure,PT_B1GQ,Percentage of GDP,ES10,Public,C,In cash spending,TP31,Incapacity related,_Z,Not applicable,2021,,0.698,,A,Normal value,0,Units,1,One,_Z,Not applicable,,
DATAFLOW,OECD.ELS.SPD:DSD_SOCX_AGG@DF_SOCX_AGG(1.0),Social expenditure aggregates,I,CAN,Canada,A,Annual,SOCX,Social expenditure,PT_B1GQ,Percentage of GDP,ES10,Public,C,In cash spending,TP31,Incapacity related,_Z,Not applicable,2022,,0.627,,A,Normal value,0,Units,1,One,_Z,Not applicable,,
DATAFLOW,OECD.ELS.SPD:DSD_SOCX_AGG@DF_SOCX_AGG(1.0),Social expenditure aggregates,I,FIN,Finland,A,Annual,SOCX,Social expenditure,PT_B1GQ,Percentage of GDP,ES10,Public,C,In cash spending,TP31,Incapacity related,_Z,Not applicable,1990,,3.75,,A,Normal value,0,Units,1,One,_Z,Not applicable,,
DATAFLOW,OECD.ELS.SPD:DSD_SOCX_AGG@DF_SOCX_AGG(1.0),Social expenditure aggregates,I,FIN,Finland,A,Annual,SOCX,Social expenditure,PT_B1GQ,Percentage of GDP,ES10,Public,C,In cash spending,TP31,Incapacity related,_Z,Not applicable,1991,,4.364,,A,Normal value,0,Units,1,One,_Z,Not applicable,,
DATAFLOW,OECD.ELS.SPD:DSD_SOCX_AGG@DF_SOCX_AGG(1.0),Social expenditure aggregates,I,FIN,Finland,A,Annual,SOCX,Social expenditure,PT_B1GQ,Percentage of GDP,ES10,Public,C,In cash spending,TP31,Incapacity related,_Z,Not applicable,1992,,4.822,,A,Normal value,0,Units,1,One,_Z,Not applicable,,
DATAFLOW,OECD.ELS.SPD:DSD_SOCX_AGG@DF_SOCX_AGG(1.0),Social expenditure aggregates,I,FIN,Finland,A,Annual,SOCX,Social expenditure,PT_B1GQ,Percentage of GDP,ES10,Public,C,In cash spending,TP31,Incapacity related,_Z,Not applicable,1993,,4.71,,A,Normal value,0,Units,1,One,_Z,Not applicable,,
DATAFLOW,OECD.ELS.SPD:DSD_SOCX_AGG@DF_SOCX_AGG(1.0),Social expenditure aggregates,I,FIN,Finland,A,Annual,SOCX,Social expenditure,PT_B1GQ,Percentage of GDP,ES10,Public,C,In cash spending,TP31,Incapacity related,_Z,Not applicable,1994,,4.496,,A,Normal value,0,Units,1,One,_Z,Not applicable,,
DATAFLOW,OECD.ELS.SPD:DSD_SOCX_AGG@DF_SOCX_AGG(1.0),Social expenditure aggregates,I,FIN,Finland,A,Annual,SOCX,Social expenditure,PT_B1GQ,Percentage of GDP,ES10,Public,C,In cash spending,TP31,Incapacity related,_Z,Not applicable,1995,,4.21,,A,Normal value,0,Units,1,One,_Z,Not applicable,,
DATAFLOW,OECD.ELS.SPD:DSD_SOCX_AGG@DF_SOCX_AGG(1.0),Social expenditure aggregates,I,FIN,Finland,A,Annual,SOCX,Social expenditure,PT_B1GQ,Percentage of GDP,ES10,Public,C,In cash spending,TP31,Incapacity related,_Z,Not applicable,1996,,4.039,,A,Normal value,0,Units,1,One,_Z,Not applicable,,
DATAFLOW,OECD.ELS.SPD:DSD_SOCX_AGG@DF_SOCX_AGG(1.0),Social expenditure aggregates,I,FIN,Finland,A,Annual,SOCX,Social expenditure,PT_B1GQ,Percentage of GDP,ES10,Public,C,In cash spending,TP31,Incapacity related,_Z,Not applicable,1997,,3.705,,A,Normal value,0,Units,1,One,_Z,Not applicable,,
DATAFLOW,OECD.ELS.SPD:DSD_SOCX_AGG@DF_SOCX_AGG(1.0),Social expenditure aggregates,I,FIN,Finland,A,Annual,SOCX,Social expenditure,PT_B1GQ,Percentage of GDP,ES10,Public,C,In cash spending,TP31,Incapacity related,_Z,Not applicable,1998,,3.342,,A,Normal value,0,Units,1,One,_Z,Not applicable,,
DATAFLOW,OECD.ELS.SPD:DSD_SOCX_AGG@DF_SOCX_AGG(1.0),Social expenditure aggregates,I,FIN,Finland,A,Annual,SOCX,Social expenditure,PT_B1GQ,Percentage of GDP,ES10,Public,C,In cash spending,TP31,Incapacity related,_Z,Not applicable,1999,,3.177,,A,Normal value,0,Units,1,One,_Z,Not applicable,,
DATAFLOW,OECD.ELS.SPD:DSD_SOCX_AGG@DF_SOCX_AGG(1.0),Social expenditure aggregates,I,FIN,Finland,A,Annual,SOCX,Social expenditure,PT_B1GQ,Percentage of GDP,ES10,Public,C,In cash spending,TP31,Incapacity related,_Z,Not applicable,2000,,2.956,,A,Normal value,0,Units,1,One,_Z,Not applicable,,
DATAFLOW,OECD.ELS.SPD:DSD_SOCX_AGG@DF_SOCX_AGG(1.0),Social expenditure aggregates,I,FIN,Finland,A,Annual,SOCX,Social expenditure,PT_B1GQ,Percentage of GDP,ES10,Public,C,In cash spending,TP31,Incapacity related,_Z,Not applicable,2001,,2.86,,A,Normal value,0,Units,1,One,_Z,Not applicable,,
DATAFLOW,OECD.ELS.SPD:DSD_SOCX_AGG@DF_SOCX_AGG(1.0),Social expenditure aggregates,I,FIN,Finland,A,Annual,SOCX,Social expenditure,PT_B1GQ,Percentage of GDP,ES10,Public,C,In cash spending,TP31,Incapacity related,_Z,Not applicable,2002,,2.9,,A,Normal value,0,Units,1,One,_Z,Not applicable,,
DATAFLOW,OECD.ELS.SPD:DSD_SOCX_AGG@DF_SOCX_AGG(1.0),Social expenditure aggregates,I,FIN,Finland,A,Annual,SOCX,Social expenditure,PT_B1GQ,Percentage of GDP,ES10,Public,C,In cash spending,TP31,Incapacity related,_Z,Not applicable,2003,,2.901,,A,Normal value,0,Units,1,One,_Z,Not applicable,,
DATAFLOW,OECD.ELS.SPD:DSD_SOCX_AGG@DF_SOCX_AGG(1.0),Social expenditure aggregates,I,FIN,Finland,A,Annual,SOCX,Social expenditure,PT_B1GQ,Percentage of GDP,ES10,Public,C,In cash spending,TP31,Incapacity related,_Z,Not applicable,2004,,2.877,,A,Normal value,0,Units,1,One,_Z,Not applicable,,
DATAFLOW,OECD.ELS.SPD:DSD_SOCX_AGG@DF_SOCX_AGG(1.0),Social expenditure aggregates,I,FIN,Finland,A,Annual,SOCX,Social expenditure,PT_B1GQ,Percentage of GDP,ES10,Public,C,In cash spending,TP31,Incapacity related,_Z,Not applicable,2005,,2.797,,A,Normal value,0,Units,1,One,_Z,Not applicable,,
DATAFLOW,OECD.ELS.SPD:DSD_SOCX_AGG@DF_SOCX_AGG(1.0),Social expenditure aggregates,I,FIN,Finland,A,Annual,SOCX,Social expenditure,PT_B1GQ,Percentage of GDP,ES10,Public,C,In cash spending,TP31,Incapacity related,_Z,Not applicable,2006,,2.718,,A,Normal value,0,Units,1,One,_Z,Not applicable,,
DATAFLOW,OECD.ELS.SPD:DSD_SOCX_AGG@DF_SOCX_AGG(1.0),Social expenditure aggregates,I,FIN,Finland,A,Annual,SOCX,Social expenditure,PT_B1GQ,Percentage of GDP,ES10,Public,C,In cash spending,TP31,Incapacity related,_Z,Not applicable,2007,,2.571,,A,Normal value,0,Units,1,One,_Z,Not applicable,,
DATAFLOW,OECD.ELS.SPD:DSD_SOCX_AGG@DF_SOCX_AGG(1.0),Social expenditure aggregates,I,FIN,Finland,A,Annual,SOCX,Social expenditure,PT_B1GQ,Percentage of GDP,ES10,Public,C,In cash spending,TP31,Incapacity related,_Z,Not applicable,2008,,2.602,,A,Normal value,0,Units,1,One,_Z,Not applicable,,
DATAFLOW,OECD.ELS.SPD:DSD_SOCX_AGG@DF_SOCX_AGG(1.0),Social expenditure aggregates,I,FIN,Finland,A,Annual,SOCX,Social expenditure,PT_B1GQ,Percentage of GDP,ES10,Public,C,In cash spending,TP31,Incapacity related,_Z,Not applicable,2009,,2.883,,A,Normal value,0,Units,1,One,_Z,Not applicable,,
DATAFLOW,OECD.ELS.SPD:DSD_SOCX_AGG@DF_SOCX_AGG(1.0),Social expenditure aggregates,I,FIN,Finland,A,Annual,SOCX,Social expenditure,PT_B1GQ,Percentage of GDP,ES10,Public,C,In cash spending,TP31,Incapacity related,_Z,Not applicable,2010,,2.827,,A,Normal value,0,Units,1,One,_Z,Not applicable,,
DATAFLOW,OECD.ELS.SPD:DSD_SOCX_AGG@DF_SOCX_AGG(1.0),Social expenditure aggregates,I,FIN,Finland,A,Annual,SOCX,Social expenditure,PT_B1GQ,Percentage of GDP,ES10,Public,C,In cash spending,TP31,Incapacity related,_Z,Not applicable,2011,,2.673,,A,Normal value,0,Units,1,One,_Z,Not applicable,,
DATAFLOW,OECD.ELS.SPD:DSD_SOCX_AGG@DF_SOCX_AGG(1.0),Social expenditure aggregates,I,FIN,Finland,A,Annual,SOCX,Social expenditure,PT_B1GQ,Percentage of GDP,ES10,Public,C,In cash spending,TP31,Incapacity related,_Z,Not applicable,2012,,2.642,,A,Normal value,0,Units,1,One,_Z,Not applicable,,
DATAFLOW,OECD.ELS.SPD:DSD_SOCX_AGG@DF_SOCX_AGG(1.0),Social expenditure aggregates,I,FIN,Finland,A,Annual,SOCX,Social expenditure,PT_B1GQ,Percentage of GDP,ES10,Public,C,In cash spending,TP31,Incapacity related,_Z,Not applicable,2013,,2.602,,A,Normal value,0,Units,1,One,_Z,Not applicable,,
DATAFLOW,OECD.ELS.SPD:DSD_SOCX_AGG@DF_SOCX_AGG(1.0),Social expenditure aggregates,I,FIN,Finland,A,Annual,SOCX,Social expenditure,PT_B1GQ,Percentage of GDP,ES10,Public,C,In cash spending,TP31,Incapacity related,_Z,Not applicable,2014,,2.517,,A,Normal value,0,Units,1,One,_Z,Not applicable,,
DATAFLOW,OECD.ELS.SPD:DSD_SOCX_AGG@DF_SOCX_AGG(1.0),Social expenditure aggregates,I,FIN,Finland,A,Annual,SOCX,Social expenditure,PT_B1GQ,Percentage of GDP,ES10,Public,C,In cash spending,TP31,Incapacity related,_Z,Not applicable,2015,,2.387,,A,Normal value,0,Units,1,One,_Z,Not applicable,,
DATAFLOW,OECD.ELS.SPD:DSD_SOCX_AGG@DF_SOCX_AGG(1.0),Social expenditure aggregates,I,FIN,Finland,A,Annual,SOCX,Social expenditure,PT_B1GQ,Percentage of GDP,ES10,Public,C,In cash spending,TP31,Incapacity related,_Z,Not applicable,2016,,2.228,,A,Normal value,0,Units,1,One,_Z,Not applicable,,
DATAFLOW,OECD.ELS.SPD:DSD_SOCX_AGG@DF_SOCX_AGG(1.0),Social expenditure aggregates,I,FIN,Finland,A,Annual,SOCX,Social expenditure,PT_B1GQ,Percentage of GDP,ES10,Public,C,In cash spending,TP31,Incapacity related,_Z,Not applicable,2017,,2.082,,A,Normal value,0,Units,1,One,_Z,Not applicable,,
DATAFLOW,OECD.ELS.SPD:DSD_SOCX_AGG@DF_SOCX_AGG(1.0),Social expenditure aggregates,I,FIN,Finland,A,Annual,SOCX,Social expenditure,PT_B1GQ,Percentage of GDP,ES10,Public,C,In cash spending,TP31,Incapacity related,_Z,Not applicable,2018,,2.01,,A,Normal value,0,Units,1,One,_Z,Not applicable,,
DATAFLOW,OECD.ELS.SPD:DSD_SOCX_AGG@DF_SOCX_AGG(1.0),Social expenditure aggregates,I,FIN,Finland,A,Annual,SOCX,Social expenditure,PT_B1GQ,Percentage of GDP,ES10,Public,C,In cash spending,TP31,Incapacity related,_Z,Not applicable,2019,,1.948,,A,Normal value,0,Units,1,One,_Z,Not applicable,,
DATAFLOW,OECD.ELS.SPD:DSD_SOCX_AGG@DF_SOCX_AGG(1.0),Social expenditure aggregates,I,FIN,Finland,A,Annual,SOCX,Social expenditure,PT_B1GQ,Percentage of GDP,ES10,Public,C,In cash spending,TP31,Incapacity related,_Z,Not applicable,2020,,1.976,,A,Normal value,0,Units,1,One,_Z,Not applicable,,
DATAFLOW,OECD.ELS.SPD:DSD_SOCX_AGG@DF_SOCX_AGG(1.0),Social expenditure aggregates,I,FIN,Finland,A,Annual,SOCX,Social expenditure,PT_B1GQ,Percentage of GDP,ES10,Public,C,In cash spending,TP31,Incapacity related,_Z,Not applicable,2021,,1.896,,A,Normal value,0,Units,1,One,_Z,Not applicable,,
