STRUCTURE,STRUCTURE_ID,STRUCTURE_NAME,ACTION,REF_AREA,Reference area,FREQ,Frequency of observation,MEASURE,Measure,UNIT_MEASURE,Unit of measure,EXPEND_SOURCE,Expenditure source,SPENDING_TYPE,Spending type,PROGRAMME_TYPE,Programme type,PRICE_BASE,Price base,TIME_PERIOD,Time period,OBS_VALUE,Observation value,OBS_STATUS,Observation status,UNIT_MULT,Unit multiplier,DECIMALS,Decimals,CURRENCY,Currency,BASE_PER,Base period
DATAFLOW,OECD.ELS.SPD:DSD_SOCX_AGG@DF_SOCX_AGG(1.0),Social expenditure aggregates,I,USA,United States,A,Annual,SOCX,Social expenditure,USD_PPP_PS,"US dollars per person, PPP converted",ES10,Public,K,In kind spending,TP31,Incapacity related,V,Current prices,1990,,,,M,Missing value; data cannot exist,0,Units,1,One,_Z,Not applicable,,
DATAFLOW,OECD.ELS.SPD:DSD_SOCX_AGG@DF_SOCX_AGG(1.0),Social expenditure aggregates,I,USA,United States,A,Annual,SOCX,Social expenditure,USD_PPP_PS,"US dollars per person, PPP converted",ES10,Public,K,In kind spending,TP31,Incapacity related,V,Current prices,1991,,,,M,Missing value; data cannot exist,0,Units,1,One,_Z,Not applicable,,
DATAFLOW,OECD.ELS.SPD:DSD_SOCX_AGG@DF_SOCX_AGG(1.0),Social expenditure aggregates,I,USA,United States,A,Annual,SOCX,Social expenditure,USD_PPP_PS,"US dollars per person, PPP converted",ES10,Public,K,In kind spending,TP31,Incapacity related,V,Current prices,1992,,,,M,Missing value; data cannot exist,0,Units,1,One,_Z,Not applicable,,
DATAFLOW,OECD.ELS.SPD:DSD_SOCX_AGG@DF_SOCX_AGG(1.0),Social expenditure aggregates,I,USA,United States,A,Annual,SOCX,Social expenditure,USD_PPP_PS,"US dollars per person, PPP converted",ES10,Public,K,In kind spending,TP31,Incapacity related,V,Current prices,1993,,,,M,Missing value; data cannot exist,0,Units,1,One,_Z,Not applicable,,
DATAFLOW,OECD.ELS.SPD:DSD_SOCX_AGG@DF_SOCX_AGG(1.0),Social expenditure aggregates,I,USA,United States,A,Annual,SOCX,Social expenditure,USD_PPP_PS,"US dollars per person, PPP converted",ES10,Public,K,In kind spending,TP31,Incapacity related,V,Current prices,1994,,,,M,Missing value; data cannot exist,0,Units,1,One,_Z,Not applicable,,
DATAFLOW,OECD.ELS.SPD:DSD_SOCX_AGG@DF_SOCX_AGG(1.0),Social expenditure aggregates,I,USA,United States,A,Annual,SOCX,Social expenditure,USD_PPP_PS,"US dollars per person, PPP converted",ES10,Public,K,In kind spending,TP31,Incapacity related,V,Current prices,1995,,,,M,Missing value; data cannot exist,0,Units,1,One,_Z,Not applicable,,
DATAFLOW,OECD.ELS.SPD:DSD_SOCX_AGG@DF_SOCX_AGG(1.0),Social expenditure aggregates,I,USA,United States,A,Annual,SOCX,Social expenditure,USD_PPP_PS,"US dollars per person, PPP converted",ES10,Public,K,In kind spending,TP31,Incapacity related,V,Current prices,1996,,,,M,Missing value; data cannot exist,0,Units,1,One,_Z,Not applicable,,
DATAFLOW,OECD.ELS.SPD:DSD_SOCX_AGG@DF_SOCX_AGG(1.0),Social expenditure aggregates,I,USA,United States,A,Annual,SOCX,Social expenditure,USD_PPP_PS,"US dollars per person, PPP converted",ES10,Public,K,In kind spending,TP31,Incapacity related,V,Current prices,1997,,,,M,Missing value; data cannot exist,0,Units,1,One,_Z,Not applicable,,
DATAFLOW,OECD.ELS.SPD:DSD_SOCX_AGG@DF_SOCX_AGG(1.0),Social expenditure aggregates,I,USA,United States,A,Annual,SOCX,Social expenditure,USD_PPP_PS,"US dollars per person, PPP converted",ES10,Public,K,In kind spending,TP31,Incapacity related,V,Current prices,1998,,,,M,Missing value; data cannot exist,0,Units,1,One,_Z,Not applicable,,
DATAFLOW,OECD.ELS.SPD:DSD_SOCX_AGG@DF_SOCX_AGG(1.0),Social expenditure aggregates,I,USA,United States,A,Annual,SOCX,Social expenditure,USD_PPP_PS,"US dollars per person, PPP converted",ES10,Public,K,In kind spending,TP31,Incapacity related,V,Current prices,1999,,,,M,Missing value; data cannot exist,0,Units,1,One,_Z,Not applicable,,
DATAFLOW,OECD.ELS.SPD:DSD_SOCX_AGG@DF_SOCX_AGG(1.0),Social expenditure aggregates,I,USA,United States,A,Annual,SOCX,Social expenditure,USD_PPP_PS,"US dollars per person, PPP converted",ES10,Public,K,In kind spending,TP31,Incapacity related,V,Current prices,2000,,,,M,Missing value; data cannot exist,0,Units,1,One,_Z,Not applicable,,
DATAFLOW,OECD.ELS.SPD:DSD_SOCX_AGG@DF_SOCX_AGG(1.0),Social expenditure aggregates,I,USA,United States,A,Annual,SOCX,Social expenditure,USD_PPP_PS,"US dollars per person, PPP converted",ES10,Public,K,In kind spending,TP31,Incapacity related,V,Current prices,2001,,,,M,Missing value; data cannot exist,0,Units,1,One,_Z,Not applicable,,
DATAFLOW,OECD.ELS.SPD:DSD_SOCX_AGG@DF_SOCX_AGG(1.0),Social expenditure aggregates,I,USA,United States,A,Annual,SOCX,Social expenditure,USD_PPP_PS,"US dollars per person, PPP converted",ES10,Public,K,In kind spending,TP31,Incapacity related,V,Current prices,2002,,,,M,Missing value; data cannot exist,0,Units,1,One,_Z,Not applicable,,
DATAFLOW,OECD.ELS.SPD:DSD_SOCX_AGG@DF_SOCX_AGG(1.0),Social expenditure aggregates,I,USA,United States,A,Annual,SOCX,Social expenditure,USD_PPP_PS,"US dollars per person, PPP converted",ES10,Public,K,In kind spending,TP31,Incapacity related,V,Current prices,2003,,,,M,Missing value; data cannot exist,0,Units,1,One,_Z,Not applicable,,
DATAFLOW,OECD.ELS.SPD:DSD_SOCX_AGG@DF_SOCX_AGG(1.0),Social expenditure aggregates,I,USA,United States,A,Annual,SOCX,Social expenditure,USD_PPP_PS,"US dollars per person, PPP converted",ES10,Public,K,In kind spending,TP31,Incapacity related,V,Current prices,2004,,,,M,Missing value; data cannot exist,0,Units,1,One,_Z,Not applicable,,
DATAFLOW,OECD.ELS.SPD:DSD_SOCX_AGG@DF_SOCX_AGG(1.0),Social expenditure aggregates,I,USA,United States,A,Annual,SOCX,Social expenditure,USD_PPP_PS,"US dollars per person, PPP converted",ES10,Public,K,In kind spending,TP31,Incapacity related,V,Current prices,2005,,,,M,Missing value; data cannot exist,0,Units,1,One,_Z,Not applicable,,
DATAFLOW,OECD.ELS.SPD:DSD_SOCX_AGG@DF_SOCX_AGG(1.0),Social expenditure aggregates,I,USA,United States,A,Annual,SOCX,Social expenditure,USD_PPP_PS,"US dollars per person, PPP converted",ES10,Public,K,In kind spending,TP31,Incapacity related,V,Current prices,2006,,,,M,Missing value; data cannot exist,0,Units,1,One,_Z,Not applicable,,
DATAFLOW,OECD.ELS.SPD:DSD_SOCX_AGG@DF_SOCX_AGG(1.0),Social expenditure aggregates,I,USA,United States,A,Annual,SOCX,Social expenditure,USD_PPP_PS,"US dollars per person, PPP converted",ES10,Public,K,In kind spending,TP31,Incapacity related,V,Current prices,2007,,,,M,Missing value; data cannot exist,0,Units,1,One,_Z,Not applicable,,
DATAFLOW,OECD.ELS.SPD:DSD_SOCX_AGG@DF_SOCX_AGG(1.0),Social expenditure aggregates,I,USA,United States,A,Annual,SOCX,Social expenditure,USD_PPP_PS,"US dollars per person, PPP converted",ES10,Public,K,In kind spending,TP31,Incapacity related,V,Current prices,2008,,,,M,Missing value; data cannot exist,0,Units,1,One,_Z,Not applicable,,
DATAFLOW,OECD.ELS.SPD:DSD_SOCX_AGG@DF_SOCX_AGG(1.0),Social expenditure aggregates,I,USA,United States,A,Annual,SOCX,Social expenditure,USD_PPP_PS,"US dollars per person, PPP converted",ES10,Public,K,In kind spending,TP31,Incapacity related,V,Current prices,2009,,,,M,Missing value; data cannot exist,0,Units,1,One,_Z,Not applicable,,
DATAFLOW,OECD.ELS.SPD:DSD_SOCX_AGG@DF_SOCX_AGG(1.0),Social expenditure aggregates,I,USA,United States,A,Annual,SOCX,Social expenditure,USD_PPP_PS,"US dollars per person, PPP converted",ES10,Public,K,In kind spending,TP31,Incapacity related,V,Current prices,2010,,,,M,Missing value; data cannot exist,0,Units,1,One,_Z,Not applicable,,
DATAFLOW,OECD.ELS.SPD:DSD_SOCX_AGG@DF_SOCX_AGG(1.0),Social expenditure aggregates,I,USA,United States,A,Annual,SOCX,Social expenditure,USD_PPP_PS,"US dollars per person, PPP converted",ES10,Public,K,In kind spending,TP31,Incapacity related,V,Current prices,2011,,,,M,Missing value; data cannot exist,0,Units,1,One,_Z,Not applicable,,
DATAFLOW,OECD.ELS.SPD:DSD_SOCX_AGG@DF_SOCX_AGG(1.0),Social expenditure aggregates,I,USA,United States,A,Annual,SOCX,Social expenditure,USD_PPP_PS,"US dollars per person, PPP converted",ES10,Public,K,In kind spending,TP31,Incapacity related,V,Current prices,2012,,,,M,Missing value; data cannot exist,0,Units,1,One,_Z,Not applicable,,
DATAFLOW,OECD.ELS.SPD:DSD_SOCX_AGG@DF_SOCX_AGG(1.0),Social expenditure aggregates,I,USA,United States,A,Annual,SOCX,Social expenditure,USD_PPP_PS,"US dollars per person, PPP converted",ES10,Public,K,In kind spending,TP31,Incapacity related,V,Current prices,2013,,,,M,Missing value; data cannot exist,0,Units,1,One,_Z,Not applicable,,
DATAFLOW,OECD.ELS.SPD:DSD_SOCX_AGG@DF_SOCX_AGG(1.0),Social expenditure aggregates,I,USA,United States,A,Annual,SOCX,Social expenditure,USD_PPP_PS,"US dollars per person, PPP converted",ES10,Public,K,In kind spending,TP31,Incapacity related,V,Current prices,2014,,,,M,Missing value; data cannot exist,0,Units,1,One,_Z,Not applicable,,
DATAFLOW,OECD.ELS.SPD:DSD_SOCX_AGG@DF_SOCX_AGG(1.0),Social expenditure aggregates,I,USA,United States,A,Annual,SOCX,Social expenditure,USD_PPP_PS,"US dollars per person, PPP converted",ES10,Public,K,In kind spending,TP31,Incapacity related,V,Current prices,2015,,,,M,Missing value; data cannot exist,0,Units,1,One,_Z,Not applicable,,
DATAFLOW,OECD.ELS.SPD:DSD_SOCX_AGG@DF_SOCX_AGG(1.0),Social expenditure aggregates,I,USA,United States,A,Annual,SOCX,Social expenditure,USD_PPP_PS,"US dollars per person, PPP converted",ES10,Public,K,In kind spending,TP31,Incapacity related,V,Current prices,2016,,,,M,Missing value; data cannot exist,0,Units,1,One,_Z,Not applicable,,
DATAFLOW,OECD.ELS.SPD:DSD_SOCX_AGG@DF_SOCX_AGG(1.0),Social expenditure aggregates,I,USA,United States,A,Annual,SOCX,Social expenditure,USD_PPP_PS,"US dollars per person, PPP converted",ES10,Public,K,In kind spending,TP31,Incapacity related,V,Current prices,2017,,,,M,Missing value; data cannot exist,0,Units,1,One,_Z,Not applicable,,
DATAFLOW,OECD.ELS.SPD:DSD_SOCX_AGG@DF_SOCX_AGG(1.0),Social expenditure aggregates,I,USA,United States,A,Annual,SOCX,Social expenditure,USD_PPP_PS,"US dollars per person, PPP converted",ES10,Public,K,In kind spending,TP31,Incapacity related,V,Current prices,2018,,,,M,Missing value; data cannot exist,0,Units,1,One,_Z,Not applicable,,
DATAFLOW,OECD.ELS.SPD:DSD_SOCX_AGG@DF_SOCX_AGG(1.0),Social expenditure aggregates,I,USA,United States,A,Annual,SOCX,Social expenditure,USD_PPP_PS,"US dollars per person, PPP converted",ES10,Public,K,In kind spending,TP31,Incapacity related,V,Current prices,2019,,,,M,Missing value; data cannot exist,0,Units,1,One,_Z,Not applicable,,
DATAFLOW,OECD.ELS.SPD:DSD_SOCX_AGG@DF_SOCX_AGG(1.0),Social expenditure aggregates,I,USA,United States,A,Annual,SOCX,Social expenditure,USD_PPP_PS,"US dollars per person, PPP converted",ES10,Public,K,In kind spending,TP31,Incapacity related,V,Current prices,2020,,,,M,Missing value; data cannot exist,0,Units,1,One,_Z,Not applicable,,
DATAFLOW,OECD.ELS.SPD:DSD_SOCX_AGG@DF_SOCX_AGG(1.0),Social expenditure aggregates,I,USA,United States,A,Annual,SOCX,Social expenditure,USD_PPP_PS,"US dollars per person, PPP converted",ES10,Public,K,In kind spending,TP31,Incapacity related,V,Current prices,2021,,,,M,Missing value; data cannot exist,0,Units,1,One,_Z,Not applicable,,
DATAFLOW,OECD.ELS.SPD:DSD_SOCX_AGG@DF_SOCX_AGG(1.0),Social expenditure aggregates,I,USA,United States,A,Annual,SOCX,Social expenditure,USD_PPP_PS,"US dollars per person, PPP converted",ES10,Public,K,In kind spending,TP31,Incapacity related,V,Current prices,2022,,,,M,Missing value; data cannot exist,0,Units,1,One,_Z,Not applicable,,
DATAFLOW,OECD.ELS.SPD:DSD_SOCX_AGG@DF_SOCX_AGG(1.0),Social expenditure aggregates,I,USA,United States,A,Annual,SOCX,Social expenditure,USD_PPP_PS,"US dollars per person, PPP converted",ES10,Public,K,In kind spending,TP31,Incapacity related,V,Current prices,2023,,,,M,Missing value; data cannot exist,0,Units,1,One,_Z,Not applicable,,
DATAFLOW,OECD.ELS.SPD:DSD_SOCX_AGG@DF_SOCX_AGG(1.0),Social expenditure aggregates,I,USA,United States,A,Annual,SOCX,Social expenditure,USD_PPP_PS,"US dollars per person, PPP converted",ES10,Public,K,In kind spending,TP31,Incapacity related,Q,Constant prices,1990,,,,M,Missing value; data cannot exist,0,Units,1,One,_Z,Not applicable,,
DATAFLOW,OECD.ELS.SPD:DSD_SOCX_AGG@DF_SOCX_AGG(1.0),Social expenditure aggregates,I,USA,United States,A,Annual,SOCX,Social expenditure,USD_PPP_PS,"US dollars per person, PPP converted",ES10,Public,K,In kind spending,TP31,Incapacity related,Q,Constant prices,1991,,,,M,Missing value; data cannot exist,0,Units,1,One,_Z,Not applicable,,
DATAFLOW,OECD.ELS.SPD:DSD_SOCX_AGG@DF_SOCX_AGG(1.0),Social expenditure aggregates,I,USA,United States,A,Annual,SOCX,Social expenditure,USD_PPP_PS,"US dollars per person, PPP converted",ES10,Public,K,In kind spending,TP31,Incapacity related,Q,Constant prices,1992,,,,M,Missing value; data cannot exist,0,Units,1,One,_Z,Not applicable,,
DATAFLOW,OECD.ELS.SPD:DSD_SOCX_AGG@DF_SOCX_AGG(1.0),Social expenditure aggregates,I,USA,United States,A,Annual,SOCX,Social expenditure,USD_PPP_PS,"US dollars per person, PPP converted",ES10,Public,K,In kind spending,TP31,Incapacity related,Q,Constant prices,1993,,,,M,Missing value; data cannot exist,0,Units,1,One,_Z,Not applicable,,
DATAFLOW,OECD.ELS.SPD:DSD_SOCX_AGG@DF_SOCX_AGG(1.0),Social expenditure aggregates,I,USA,United States,A,Annual,SOCX,Social expenditure,USD_PPP_PS,"US dollars per person, PPP converted",ES10,Public,K,In kind spending,TP31,Incapacity related,Q,Constant prices,1994,,,,M,Missing value; data cannot exist,0,Units,1,One,_Z,Not applicable,,
DATAFLOW,OECD.ELS.SPD:DSD_SOCX_AGG@DF_SOCX_AGG(1.0),Social expenditure aggregates,I,USA,United States,A,Annual,SOCX,Social expenditure,USD_PPP_PS,"US dollars per person, PPP converted",ES10,Public,K,In kind spending,TP31,Incapacity related,Q,Constant prices,1995,,,,M,Missing value; data cannot exist,0,Units,1,One,_Z,Not applicable,,
DATAFLOW,OECD.ELS.SPD:DSD_SOCX_AGG@DF_SOCX_AGG(1.0),Social expenditure aggregates,I,USA,United States,A,Annual,SOCX,Social expenditure,USD_PPP_PS,"US dollars per person, PPP converted",ES10,Public,K,In kind spending,TP31,Incapacity related,Q,Constant prices,1996,,,,M,Missing value; data cannot exist,0,Units,1,One,_Z,Not applicable,,
DATAFLOW,OECD.ELS.SPD:DSD_SOCX_AGG@DF_SOCX_AGG(1.0),Social expenditure aggregates,I,USA,United States,A,Annual,SOCX,Social expenditure,USD_PPP_PS,"US dollars per person, PPP converted",ES10,Public,K,In kind spending,TP31,Incapacity related,Q,Constant prices,1997,,,,M,Missing value; data cannot exist,0,Units,1,One,_Z,Not applicable,,
DATAFLOW,OECD.ELS.SPD:DSD_SOCX_AGG@DF_SOCX_AGG(1.0),Social expenditure aggregates,I,USA,United States,A,Annual,SOCX,Social expenditure,USD_PPP_PS,"US dollars per person, PPP converted",ES10,Public,K,In kind spending,TP31,Incapacity related,Q,Constant prices,1998,,,,M,Missing value; data cannot exist,0,Units,1,One,_Z,Not applicable,,
DATAFLOW,OECD.ELS.SPD:DSD_SOCX_AGG@DF_SOCX_AGG(1.0),Social expenditure aggregates,I,USA,United States,A,Annual,SOCX,Social expenditure,USD_PPP_PS,"US dollars per person, PPP converted",ES10,Public,K,In kind spending,TP31,Incapacity related,Q,Constant prices,1999,,,,M,Missing value; data cannot exist,0,Units,1,One,_Z,Not applicable,,
DATAFLOW,OECD.ELS.SPD:DSD_SOCX_AGG@DF_SOCX_AGG(1.0),Social expenditure aggregates,I,USA,United States,A,Annual,SOCX,Social expenditure,USD_PPP_PS,"US dollars per person, PPP converted",ES10,Public,K,In kind spending,TP31,Incapacity related,Q,Constant prices,2000,,,,M,Missing value; data cannot exist,0,Units,1,One,_Z,Not applicable,,
DATAFLOW,OECD.ELS.SPD:DSD_SOCX_AGG@DF_SOCX_AGG(1.0),Social expenditure aggregates,I,USA,United States,A,Annual,SOCX,Social expenditure,USD_PPP_PS,"US dollars per person, PPP converted",ES10,Public,K,In kind spending,TP31,Incapacity related,Q,Constant prices,2001,,,,M,Missing value; data cannot exist,0,Units,1,One,_Z,Not applicable,,
DATAFLOW,OECD.ELS.SPD:DSD_SOCX_AGG@DF_SOCX_AGG(1.0),Social expenditure aggregates,I,USA,United States,A,Annual,SOCX,Social expenditure,USD_PPP_PS,"US dollars per person, PPP converted",ES10,Public,K,In kind spending,TP31,Incapacity related,Q,Constant prices,2002,,,,M,Missing value; data cannot exist,0,Units,1,One,_Z,Not applicable,,
DATAFLOW,OECD.ELS.SPD:DSD_SOCX_AGG@DF_SOCX_AGG(1.0),Social expenditure aggregates,I,USA,United States,A,Annual,SOCX,Social expenditure,USD_PPP_PS,"US dollars per person, PPP converted",ES10,Public,K,In kind spending,TP31,Incapacity related,Q,Constant prices,2003,,,,M,Missing value; data cannot exist,0,Units,1,One,_Z,Not applicable,,
DATAFLOW,OECD.ELS.SPD:DSD_SOCX_AGG@DF_SOCX_AGG(1.0),Social expenditure aggregates,I,USA,United States,A,Annual,SOCX,Social expenditure,USD_PPP_PS,"US dollars per person, PPP converted",ES10,Public,K,In kind spending,TP31,Incapacity related,Q,Constant prices,2004,,,,M,Missing value; data cannot exist,0,Units,1,One,_Z,Not applicable,,
DATAFLOW,OECD.ELS.SPD:DSD_SOCX_AGG@DF_SOCX_AGG(1.0),Social expenditure aggregates,I,USA,United States,A,Annual,SOCX,Social expenditure,USD_PPP_PS,"US dollars per person, PPP converted",ES10,Public,K,In kind spending,TP31,Incapacity related,Q,Constant prices,2005,,,,M,Missing value; data cannot exist,0,Units,1,One,_Z,Not applicable,,
DATAFLOW,OECD.ELS.SPD:DSD_SOCX_AGG@DF_SOCX_AGG(1.0),Social expenditure aggregates,I,USA,United States,A,Annual,SOCX,Social expenditure,USD_PPP_PS,"US dollars per person, PPP converted",ES10,Public,K,In kind spending,TP31,Incapacity related,Q,Constant prices,2006,,,,M,Missing value; data cannot exist,0,Units,1,One,_Z,Not applicable,,
DATAFLOW,OECD.ELS.SPD:DSD_SOCX_AGG@DF_SOCX_AGG(1.0),Social expenditure aggregates,I,USA,United States,A,Annual,SOCX,Social expenditure,USD_PPP_PS,"US dollars per person, PPP converted",ES10,Public,K,In kind spending,TP31,Incapacity related,Q,Constant prices,2007,,,,M,Missing value; data cannot exist,0,Units,1,One,_Z,Not applicable,,
DATAFLOW,OECD.ELS.SPD:DSD_SOCX_AGG@DF_SOCX_AGG(1.0),Social expenditure aggregates,I,USA,United States,A,Annual,SOCX,Social expenditure,USD_PPP_PS,"US dollars per person, PPP converted",ES10,Public,K,In kind spending,TP31,Incapacity related,Q,Constant prices,2008,,,,M,Missing value; data cannot exist,0,Units,1,One,_Z,Not applicable,,
DATAFLOW,OECD.ELS.SPD:DSD_SOCX_AGG@DF_SOCX_AGG(1.0),Social expenditure aggregates,I,USA,United States,A,Annual,SOCX,Social expenditure,USD_PPP_PS,"US dollars per person, PPP converted",ES10,Public,K,In kind spending,TP31,Incapacity related,Q,Constant prices,2009,,,,M,Missing value; data cannot exist,0,Units,1,One,_Z,Not applicable,,
DATAFLOW,OECD.ELS.SPD:DSD_SOCX_AGG@DF_SOCX_AGG(1.0),Social expenditure aggregates,I,USA,United States,A,Annual,SOCX,Social expenditure,USD_PPP_PS,"US dollars per person, PPP converted",ES10,Public,K,In kind spending,TP31,Incapacity related,Q,Constant prices,2010,,,,M,Missing value; data cannot exist,0,Units,1,One,_Z,Not applicable,,
DATAFLOW,OECD.ELS.SPD:DSD_SOCX_AGG@DF_SOCX_AGG(1.0),Social expenditure aggregates,I,USA,United States,A,Annual,SOCX,Social expenditure,USD_PPP_PS,"US dollars per person, PPP converted",ES10,Public,K,In kind spending,TP31,Incapacity related,Q,Constant prices,2011,,,,M,Missing value; data cannot exist,0,Units,1,One,_Z,Not applicable,,
DATAFLOW,OECD.ELS.SPD:DSD_SOCX_AGG@DF_SOCX_AGG(1.0),Social expenditure aggregates,I,USA,United States,A,Annual,SOCX,Social expenditure,USD_PPP_PS,"US dollars per person, PPP converted",ES10,Public,K,In kind spending,TP31,Incapacity related,Q,Constant prices,2012,,,,M,Missing value; data cannot exist,0,Units,1,One,_Z,Not applicable,,
DATAFLOW,OECD.ELS.SPD:DSD_SOCX_AGG@DF_SOCX_AGG(1.0),Social expenditure aggregates,I,USA,United States,A,Annual,SOCX,Social expenditure,USD_PPP_PS,"US dollars per person, PPP converted",ES10,Public,K,In kind spending,TP31,Incapacity related,Q,Constant prices,2013,,,,M,Missing value; data cannot exist,0,Units,1,One,_Z,Not applicable,,
DATAFLOW,OECD.ELS.SPD:DSD_SOCX_AGG@DF_SOCX_AGG(1.0),Social expenditure aggregates,I,USA,United States,A,Annual,SOCX,Social expenditure,USD_PPP_PS,"US dollars per person, PPP converted",ES10,Public,K,In kind spending,TP31,Incapacity related,Q,Constant prices,2014,,,,M,Missing value; data cannot exist,0,Units,1,One,_Z,Not applicable,,
DATAFLOW,OECD.ELS.SPD:DSD_SOCX_AGG@DF_SOCX_AGG(1.0),Social expenditure aggregates,I,USA,United States,A,Annual,SOCX,Social expenditure,USD_PPP_PS,"US dollars per person, PPP converted",ES10,Public,K,In kind spending,TP31,Incapacity related,Q,Constant prices,2015,,,,M,Missing value; data cannot exist,0,Units,1,One,_Z,Not applicable,,
DATAFLOW,OECD.ELS.SPD:DSD_SOCX_AGG@DF_SOCX_AGG(1.0),Social expenditure aggregates,I,USA,United States,A,Annual,SOCX,Social expenditure,USD_PPP_PS,"US dollars per person, PPP converted",ES10,Public,K,In kind spending,TP31,Incapacity related,Q,Constant prices,2016,,,,M,Missing value; data cannot exist,0,Units,1,One,_Z,Not applicable,,
DATAFLOW,OECD.ELS.SPD:DSD_SOCX_AGG@DF_SOCX_AGG(1.0),Social expenditure aggregates,I,USA,United States,A,Annual,SOCX,Social expenditure,USD_PPP_PS,"US dollars per person, PPP converted",ES10,Public,K,In kind spending,TP31,Incapacity related,Q,Constant prices,2017,,,,M,Missing value; data cannot exist,0,Units,1,One,_Z,Not applicable,,
DATAFLOW,OECD.ELS.SPD:DSD_SOCX_AGG@DF_SOCX_AGG(1.0),Social expenditure aggregates,I,USA,United States,A,Annual,SOCX,Social expenditure,USD_PPP_PS,"US dollars per person, PPP converted",ES10,Public,K,In kind spending,TP31,Incapacity related,Q,Constant prices,2018,,,,M,Missing value; data cannot exist,0,Units,1,One,_Z,Not applicable,,
DATAFLOW,OECD.ELS.SPD:DSD_SOCX_AGG@DF_SOCX_AGG(1.0),Social expenditure aggregates,I,USA,United States,A,Annual,SOCX,Social expenditure,USD_PPP_PS,"US dollars per person, PPP converted",ES10,Public,K,In kind spending,TP31,Incapacity related,Q,Constant prices,2019,,,,M,Missing value; data cannot exist,0,Units,1,One,_Z,Not applicable,,
DATAFLOW,OECD.ELS.SPD:DSD_SOCX_AGG@DF_SOCX_AGG(1.0),Social expenditure aggregates,I,USA,United States,A,Annual,SOCX,Social expenditure,USD_PPP_PS,"US dollars per person, PPP converted",ES10,Public,K,In kind spending,TP31,Incapacity related,Q,Constant prices,2020,,,,M,Missing value; data cannot exist,0,Units,1,One,_Z,Not applicable,,
DATAFLOW,OECD.ELS.SPD:DSD_SOCX_AGG@DF_SOCX_AGG(1.0),Social expenditure aggregates,I,USA,United States,A,Annual,SOCX,Social expenditure,USD_PPP_PS,"US dollars per person, PPP converted",ES10,Public,K,In kind spending,TP31,Incapacity related,Q,Constant prices,2021,,,,M,Missing value; data cannot exist,0,Units,1,One,_Z,Not applicable,,
DATAFLOW,OECD.ELS.SPD:DSD_SOCX_AGG@DF_SOCX_AGG(1.0),Social expenditure aggregates,I,USA,United States,A,Annual,SOCX,Social expenditure,USD_PPP_PS,"US dollars per person, PPP converted",ES10,Public,K,In kind spending,TP31,Incapacity related,Q,Constant prices,2022,,,,M,Missing value; data cannot exist,0,Units,1,One,_Z,Not applicable,,
DATAFLOW,OECD.ELS.SPD:DSD_SOCX_AGG@DF_SOCX_AGG(1.0),Social expenditure aggregates,I,USA,United States,A,Annual,SOCX,Social expenditure,USD_PPP_PS,"US dollars per person, PPP converted",ES10,Public,K,In kind spending,TP31,Incapacity related,Q,Constant prices,2023,,,,M,Missing value; data cannot exist,0,Units,1,One,_Z,Not applicable,,
DATAFLOW,OECD.ELS.SPD:DSD_SOCX_AGG@DF_SOCX_AGG(1.0),Social expenditure aggregates,I,USA,United States,A,Annual,SOCX,Social expenditure,USD_PPP_PS,"US dollars per person, PPP converted",ES10,Public,_T,Total,TP31,Incapacity related,V,Current prices,1990,,228.76,,A,Normal value,0,Units,1,One,_Z,Not applicable,,
DATAFLOW,OECD.ELS.SPD:DSD_SOCX_AGG@DF_SOCX_AGG(1.0),Social expenditure aggregates,I,USA,United States,A,Annual,SOCX,Social expenditure,USD_PPP_PS,"US dollars per person, PPP converted",ES10,Public,_T,Total,TP31,Incapacity related,V,Current prices,1991,,251.354,,A,Normal value,0,Units,1,One,_Z,Not applicable,,
DATAFLOW,OECD.ELS.SPD:DSD_SOCX_AGG@DF_SOCX_AGG(1.0),Social expenditure aggregates,I,USA,United States,A,Annual,SOCX,Social expenditure,USD_PPP_PS,"US dollars per person, PPP converted",ES10,Public,_T,Total,TP31,Incapacity related,V,Current prices,1992,,280.21,,A,Normal value,0,Units,1,One,_Z,Not applicable,,
DATAFLOW,OECD.ELS.SPD:DSD_SOCX_AGG@DF_SOCX_AGG(1.0),Social expenditure aggregates,I,USA,United States,A,Annual,SOCX,Social expenditure,USD_PPP_PS,"US dollars per person, PPP converted",ES10,Public,_T,Total,TP31,Incapacity related,V,Current prices,1993,,298.912,,A,Normal value,0,Units,1,One,_Z,Not applicable,,
DATAFLOW,OECD.ELS.SPD:DSD_SOCX_AGG@DF_SOCX_AGG(1.0),Social expenditure aggregates,I,USA,United States,A,Annual,SOCX,Social expenditure,USD_PPP_PS,"US dollars per person, PPP converted",ES10,Public,_T,Total,TP31,Incapacity related,V,Current prices,1994,,313.601,,A,Normal value,0,Units,1,One,_Z,Not applicable,,
DATAFLOW,OECD.ELS.SPD:DSD_SOCX_AGG@DF_SOCX_AGG(1.0),Social expenditure aggregates,I,USA,United States,A,Annual,SOCX,Social expenditure,USD_PPP_PS,"US dollars per person, PPP converted",ES10,Public,_T,Total,TP31,Incapacity related,V,Current prices,1995,,274.419,,A,Normal value,0,Units,1,One,_Z,Not applicable,,
DATAFLOW,OECD.ELS.SPD:DSD_SOCX_AGG@DF_SOCX_AGG(1.0),Social expenditure aggregates,I,USA,United States,A,Annual,SOCX,Social expenditure,USD_PPP_PS,"US dollars per person, PPP converted",ES10,Public,_T,Total,TP31,Incapacity related,V,Current prices,1996,,286.214,,A,Normal value,0,Units,1,One,_Z,Not applicable,,
DATAFLOW,OECD.ELS.SPD:DSD_SOCX_AGG@DF_SOCX_AGG(1.0),Social expenditure aggregates,I,USA,United States,A,Annual,SOCX,Social expenditure,USD_PPP_PS,"US dollars per person, PPP converted",ES10,Public,_T,Total,TP31,Incapacity related,V,Current prices,1997,,286.762,,A,Normal value,0,Units,1,One,_Z,Not applicable,,
DATAFLOW,OECD.ELS.SPD:DSD_SOCX_AGG@DF_SOCX_AGG(1.0),Social expenditure aggregates,I,USA,United States,A,Annual,SOCX,Social expenditure,USD_PPP_PS,"US dollars per person, PPP converted",ES10,Public,_T,Total,TP31,Incapacity related,V,Current prices,1998,,297.186,,A,Normal value,0,Units,1,One,_Z,Not applicable,,
DATAFLOW,OECD.ELS.SPD:DSD_SOCX_AGG@DF_SOCX_AGG(1.0),Social expenditure aggregates,I,USA,United States,A,Annual,SOCX,Social expenditure,USD_PPP_PS,"US dollars per person, PPP converted",ES10,Public,_T,Total,TP31,Incapacity related,V,Current prices,1999,,305.143,,A,Normal value,0,Units,1,One,_Z,Not applicable,,
DATAFLOW,OECD.ELS.SPD:DSD_SOCX_AGG@DF_SOCX_AGG(1.0),Social expenditure aggregates,I,USA,United States,A,Annual,SOCX,Social expenditure,USD_PPP_PS,"US dollars per person, PPP converted",ES10,Public,_T,Total,TP31,Incapacity related,V,Current prices,2000,,318.087,,A,Normal value,0,Units,1,One,_Z,Not applicable,,
DATAFLOW,OECD.ELS.SPD:DSD_SOCX_AGG@DF_SOCX_AGG(1.0),Social expenditure aggregates,I,USA,United States,A,Annual,SOCX,Social expenditure,USD_PPP_PS,"US dollars per person, PPP converted",ES10,Public,_T,Total,TP31,Incapacity related,V,Current prices,2001,,338.398,,A,Normal value,0,Units,1,One,_Z,Not applicable,,
DATAFLOW,OECD.ELS.SPD:DSD_SOCX_AGG@DF_SOCX_AGG(1.0),Social expenditure aggregates,I,USA,United States,A,Annual,SOCX,Social expenditure,USD_PPP_PS,"US dollars per person, PPP converted",ES10,Public,_T,Total,TP31,Incapacity related,V,Current prices,2002,,364.65,,A,Normal value,0,Units,1,One,_Z,Not applicable,,
DATAFLOW,OECD.ELS.SPD:DSD_SOCX_AGG@DF_SOCX_AGG(1.0),Social expenditure aggregates,I,USA,United States,A,Annual,SOCX,Social expenditure,USD_PPP_PS,"US dollars per person, PPP converted",ES10,Public,_T,Total,TP31,Incapacity related,V,Current prices,2003,,385.195,,A,Normal value,0,Units,1,One,_Z,Not applicable,,
DATAFLOW,OECD.ELS.SPD:DSD_SOCX_AGG@DF_SOCX_AGG(1.0),Social expenditure aggregates,I,USA,United States,A,Annual,SOCX,Social expenditure,USD_PPP_PS,"US dollars per person, PPP converted",ES10,Public,_T,Total,TP31,Incapacity related,V,Current prices,2004,,413.64,,A,Normal value,0,Units,1,One,_Z,Not applicable,,
DATAFLOW,OECD.ELS.SPD:DSD_SOCX_AGG@DF_SOCX_AGG(1.0),Social expenditure aggregates,I,USA,United States,A,Annual,SOCX,Social expenditure,USD_PPP_PS,"US dollars per person, PPP converted",ES10,Public,_T,Total,TP31,Incapacity related,V,Current prices,2005,,437.788,,A,Normal value,0,Units,1,One,_Z,Not applicable,,
DATAFLOW,OECD.ELS.SPD:DSD_SOCX_AGG@DF_SOCX_AGG(1.0),Social expenditure aggregates,I,USA,United States,A,Annual,SOCX,Social expenditure,USD_PPP_PS,"US dollars per person, PPP converted",ES10,Public,_T,Total,TP31,Incapacity related,V,Current prices,2006,,463.187,,A,Normal value,0,Units,1,One,_Z,Not applicable,,
DATAFLOW,OECD.ELS.SPD:DSD_SOCX_AGG@DF_SOCX_AGG(1.0),Social expenditure aggregates,I,USA,United States,A,Annual,SOCX,Social expenditure,USD_PPP_PS,"US dollars per person, PPP converted",ES10,Public,_T,Total,TP31,Incapacity related,V,Current prices,2007,,486.481,,A,Normal value,0,Units,1,One,_Z,Not applicable,,
DATAFLOW,OECD.ELS.SPD:DSD_SOCX_AGG@DF_SOCX_AGG(1.0),Social expenditure aggregates,I,USA,United States,A,Annual,SOCX,Social expenditure,USD_PPP_PS,"US dollars per person, PPP converted",ES10,Public,_T,Total,TP31,Incapacity related,V,Current prices,2008,,513.132,,A,Normal value,0,Units,1,One,_Z,Not applicable,,
DATAFLOW,OECD.ELS.SPD:DSD_SOCX_AGG@DF_SOCX_AGG(1.0),Social expenditure aggregates,I,USA,United States,A,Annual,SOCX,Social expenditure,USD_PPP_PS,"US dollars per person, PPP converted",ES10,Public,_T,Total,TP31,Incapacity related,V,Current prices,2009,,559.531,,A,Normal value,0,Units,1,One,_Z,Not applicable,,
DATAFLOW,OECD.ELS.SPD:DSD_SOCX_AGG@DF_SOCX_AGG(1.0),Social expenditure aggregates,I,USA,United States,A,Annual,SOCX,Social expenditure,USD_PPP_PS,"US dollars per person, PPP converted",ES10,Public,_T,Total,TP31,Incapacity related,V,Current prices,2010,,579.553,,A,Normal value,0,Units,1,One,_Z,Not applicable,,
DATAFLOW,OECD.ELS.SPD:DSD_SOCX_AGG@DF_SOCX_AGG(1.0),Social expenditure aggregates,I,USA,United States,A,Annual,SOCX,Social expenditure,USD_PPP_PS,"US dollars per person, PPP converted",ES10,Public,_T,Total,TP31,Incapacity related,V,Current prices,2011,,596.139,,A,Normal value,0,Units,1,One,_Z,Not applicable,,
DATAFLOW,OECD.ELS.SPD:DSD_SOCX_AGG@DF_SOCX_AGG(1.0),Social expenditure aggregates,I,USA,United States,A,Annual,SOCX,Social expenditure,USD_PPP_PS,"US dollars per person, PPP converted",ES10,Public,_T,Total,TP31,Incapacity related,V,Current prices,2012,,625.748,,A,Normal value,0,Units,1,One,_Z,Not applicable,,
DATAFLOW,OECD.ELS.SPD:DSD_SOCX_AGG@DF_SOCX_AGG(1.0),Social expenditure aggregates,I,USA,United States,A,Annual,SOCX,Social expenditure,USD_PPP_PS,"US dollars per person, PPP converted",ES10,Public,_T,Total,TP31,Incapacity related,V,Current prices,2013,,636.512,,A,Normal value,0,Units,1,One,_Z,Not applicable,,
DATAFLOW,OECD.ELS.SPD:DSD_SOCX_AGG@DF_SOCX_AGG(1.0),Social expenditure aggregates,I,USA,United States,A,Annual,SOCX,Social expenditure,USD_PPP_PS,"US dollars per person, PPP converted",ES10,Public,_T,Total,TP31,Incapacity related,V,Current prices,2014,,638.526,,A,Normal value,0,Units,1,One,_Z,Not applicable,,
DATAFLOW,OECD.ELS.SPD:DSD_SOCX_AGG@DF_SOCX_AGG(1.0),Social expenditure aggregates,I,USA,United States,A,Annual,SOCX,Social expenditure,USD_PPP_PS,"US dollars per person, PPP converted",ES10,Public,_T,Total,TP31,Incapacity related,V,Current prices,2015,,639.524,,A,Normal value,0,Units,1,One,_Z,Not applicable,,
DATAFLOW,OECD.ELS.SPD:DSD_SOCX_AGG@DF_SOCX_AGG(1.0),Social expenditure aggregates,I,USA,United States,A,Annual,SOCX,Social expenditure,USD_PPP_PS,"US dollars per person, PPP converted",ES10,Public,_T,Total,TP31,Incapacity related,V,Current prices,2016,,632.003,,A,Normal value,0,Units,1,One,_Z,Not applicable,,
DATAFLOW,OECD.ELS.SPD:DSD_SOCX_AGG@DF_SOCX_AGG(1.0),Social expenditure aggregates,I,USA,United States,A,Annual,SOCX,Social expenditure,USD_PPP_PS,"US dollars per person, PPP converted",ES10,Public,_T,Total,TP31,Incapacity related,V,Current prices,2017,,626.255,,A,Normal value,0,Units,1,One,_Z,Not applicable,,
DATAFLOW,OECD.ELS.SPD:DSD_SOCX_AGG@DF_SOCX_AGG(1.0),Social expenditure aggregates,I,USA,United States,A,Annual,SOCX,Social expenditure,USD_PPP_PS,"US dollars per person, PPP converted",ES10,Public,_T,Total,TP31,Incapacity related,V,Current prices,2018,,625.957,,A,Normal value,0,Units,1,One,_Z,Not applicable,,
DATAFLOW,OECD.ELS.SPD:DSD_SOCX_AGG@DF_SOCX_AGG(1.0),Social expenditure aggregates,I,USA,United States,A,Annual,SOCX,Social expenditure,USD_PPP_PS,"US dollars per person, PPP converted",ES10,Public,_T,Total,TP31,Incapacity related,V,Current prices,2019,,630.11,,A,Normal value,0,Units,1,One,_Z,Not applicable,,
DATAFLOW,OECD.ELS.SPD:DSD_SOCX_AGG@DF_SOCX_AGG(1.0),Social expenditure aggregates,I,USA,United States,A,Annual,SOCX,Social expenditure,USD_PPP_PS,"US dollars per person, PPP converted",ES10,Public,_T,Total,TP31,Incapacity related,V,Current prices,2020,,623.267,,A,Normal value,0,Units,1,One,_Z,Not applicable,,
DATAFLOW,OECD.ELS.SPD:DSD_SOCX_AGG@DF_SOCX_AGG(1.0),Social expenditure aggregates,I,USA,United States,A,Annual,SOCX,Social expenditure,USD_PPP_PS,"US dollars per person, PPP converted",ES10,Public,_T,Total,TP31,Incapacity related,V,Current prices,2021,,609.079,,A,Normal value,0,Units,1,One,_Z,Not applicable,,
DATAFLOW,OECD.ELS.SPD:DSD_SOCX_AGG@DF_SOCX_AGG(1.0),Social expenditure aggregates,I,USA,United States,A,Annual,SOCX,Social expenditure,USD_PPP_PS,"US dollars per person, PPP converted",ES10,Public,_T,Total,TP31,Incapacity related,V,Current prices,2022,,622.944,,A,Normal value,0,Units,1,One,_Z,Not applicable,,
DATAFLOW,OECD.ELS.SPD:DSD_SOCX_AGG@DF_SOCX_AGG(1.0),Social expenditure aggregates,I,USA,United States,A,Annual,SOCX,Social expenditure,USD_PPP_PS,"US dollars per person, PPP converted",ES10,Public,_T,Total,TP31,Incapacity related,V,Current prices,2023,,655.81,,A,Normal value,0,Units,1,One,_Z,Not applicable,,
DATAFLOW,OECD.ELS.SPD:DSD_SOCX_AGG@DF_SOCX_AGG(1.0),Social expenditure aggregates,I,USA,United States,A,Annual,SOCX,Social expenditure,USD_PPP_PS,"US dollars per person, PPP converted",ES10,Public,C,In cash spending,TP31,Incapacity related,V,Current prices,1990,,228.76,,A,Normal value,0,Units,1,One,_Z,Not applicable,,
DATAFLOW,OECD.ELS.SPD:DSD_SOCX_AGG@DF_SOCX_AGG(1.0),Social expenditure aggregates,I,USA,United States,A,Annual,SOCX,Social expenditure,USD_PPP_PS,"US dollars per person, PPP converted",ES10,Public,C,In cash spending,TP31,Incapacity related,V,Current prices,1991,,251.354,,A,Normal value,0,Units,1,One,_Z,Not applicable,,
DATAFLOW,OECD.ELS.SPD:DSD_SOCX_AGG@DF_SOCX_AGG(1.0),Social expenditure aggregates,I,USA,United States,A,Annual,SOCX,Social expenditure,USD_PPP_PS,"US dollars per person, PPP converted",ES10,Public,C,In cash spending,TP31,Incapacity related,V,Current prices,1992,,280.21,,A,Normal value,0,Units,1,One,_Z,Not applicable,,
DATAFLOW,OECD.ELS.SPD:DSD_SOCX_AGG@DF_SOCX_AGG(1.0),Social expenditure aggregates,I,USA,United States,A,Annual,SOCX,Social expenditure,USD_PPP_PS,"US dollars per person, PPP converted",ES10,Public,C,In cash spending,TP31,Incapacity related,V,Current prices,1993,,298.912,,A,Normal value,0,Units,1,One,_Z,Not applicable,,
DATAFLOW,OECD.ELS.SPD:DSD_SOCX_AGG@DF_SOCX_AGG(1.0),Social expenditure aggregates,I,USA,United States,A,Annual,SOCX,Social expenditure,USD_PPP_PS,"US dollars per person, PPP converted",ES10,Public,C,In cash spending,TP31,Incapacity related,V,Current prices,1994,,313.601,,A,Normal value,0,Units,1,One,_Z,Not applicable,,
DATAFLOW,OECD.ELS.SPD:DSD_SOCX_AGG@DF_SOCX_AGG(1.0),Social expenditure aggregates,I,USA,United States,A,Annual,SOCX,Social expenditure,USD_PPP_PS,"US dollars per person, PPP converted",ES10,Public,C,In cash spending,TP31,Incapacity related,V,Current prices,1995,,274.419,,A,Normal value,0,Units,1,One,_Z,Not applicable,,
DATAFLOW,OECD.ELS.SPD:DSD_SOCX_AGG@DF_SOCX_AGG(1.0),Social expenditure aggregates,I,USA,United States,A,Annual,SOCX,Social expenditure,USD_PPP_PS,"US dollars per person, PPP converted",ES10,Public,C,In cash spending,TP31,Incapacity related,V,Current prices,1996,,286.214,,A,Normal value,0,Units,1,One,_Z,Not applicable,,
DATAFLOW,OECD.ELS.SPD:DSD_SOCX_AGG@DF_SOCX_AGG(1.0),Social expenditure aggregates,I,USA,United States,A,Annual,SOCX,Social expenditure,USD_PPP_PS,"US dollars per person, PPP converted",ES10,Public,C,In cash spending,TP31,Incapacity related,V,Current prices,1997,,286.762,,A,Normal value,0,Units,1,One,_Z,Not applicable,,
DATAFLOW,OECD.ELS.SPD:DSD_SOCX_AGG@DF_SOCX_AGG(1.0),Social expenditure aggregates,I,USA,United States,A,Annual,SOCX,Social expenditure,USD_PPP_PS,"US dollars per person, PPP converted",ES10,Public,C,In cash spending,TP31,Incapacity related,V,Current prices,1998,,297.186,,A,Normal value,0,Units,1,One,_Z,Not applicable,,
DATAFLOW,OECD.ELS.SPD:DSD_SOCX_AGG@DF_SOCX_AGG(1.0),Social expenditure aggregates,I,USA,United States,A,Annual,SOCX,Social expenditure,USD_PPP_PS,"US dollars per person, PPP converted",ES10,Public,C,In cash spending,TP31,Incapacity related,V,Current prices,1999,,305.143,,A,Normal value,0,Units,1,One,_Z,Not applicable,,
DATAFLOW,OECD.ELS.SPD:DSD_SOCX_AGG@DF_SOCX_AGG(1.0),Social expenditure aggregates,I,USA,United States,A,Annual,SOCX,Social expenditure,USD_PPP_PS,"US dollars per person, PPP converted",ES10,Public,C,In cash spending,TP31,Incapacity related,V,Current prices,2000,,318.087,,A,Normal value,0,Units,1,One,_Z,Not applicable,,
DATAFLOW,OECD.ELS.SPD:DSD_SOCX_AGG@DF_SOCX_AGG(1.0),Social expenditure aggregates,I,USA,United States,A,Annual,SOCX,Social expenditure,USD_PPP_PS,"US dollars per person, PPP converted",ES10,Public,C,In cash spending,TP31,Incapacity related,V,Current prices,2001,,338.398,,A,Normal value,0,Units,1,One,_Z,Not applicable,,
DATAFLOW,OECD.ELS.SPD:DSD_SOCX_AGG@DF_SOCX_AGG(1.0),Social expenditure aggregates,I,USA,United States,A,Annual,SOCX,Social expenditure,USD_PPP_PS,"US dollars per person, PPP converted",ES10,Public,C,In cash spending,TP31,Incapacity related,V,Current prices,2002,,364.65,,A,Normal value,0,Units,1,One,_Z,Not applicable,,
DATAFLOW,OECD.ELS.SPD:DSD_SOCX_AGG@DF_SOCX_AGG(1.0),Social expenditure aggregates,I,USA,United States,A,Annual,SOCX,Social expenditure,USD_PPP_PS,"US dollars per person, PPP converted",ES10,Public,C,In cash spending,TP31,Incapacity related,V,Current prices,2003,,385.195,,A,Normal value,0,Units,1,One,_Z,Not applicable,,
DATAFLOW,OECD.ELS.SPD:DSD_SOCX_AGG@DF_SOCX_AGG(1.0),Social expenditure aggregates,I,USA,United States,A,Annual,SOCX,Social expenditure,USD_PPP_PS,"US dollars per person, PPP converted",ES10,Public,C,In cash spending,TP31,Incapacity related,V,Current prices,2004,,413.64,,A,Normal value,0,Units,1,One,_Z,Not applicable,,
DATAFLOW,OECD.ELS.SPD:DSD_SOCX_AGG@DF_SOCX_AGG(1.0),Social expenditure aggregates,I,USA,United States,A,Annual,SOCX,Social expenditure,USD_PPP_PS,"US dollars per person, PPP converted",ES10,Public,C,In cash spending,TP31,Incapacity related,V,Current prices,2005,,437.788,,A,Normal value,0,Units,1,One,_Z,Not applicable,,
DATAFLOW,OECD.ELS.SPD:DSD_SOCX_AGG@DF_SOCX_AGG(1.0),Social expenditure aggregates,I,USA,United States,A,Annual,SOCX,Social expenditure,USD_PPP_PS,"US dollars per person, PPP converted",ES10,Public,C,In cash spending,TP31,Incapacity related,V,Current prices,2006,,463.187,,A,Normal value,0,Units,1,One,_Z,Not applicable,,
DATAFLOW,OECD.ELS.SPD:DSD_SOCX_AGG@DF_SOCX_AGG(1.0),Social expenditure aggregates,I,USA,United States,A,Annual,SOCX,Social expenditure,USD_PPP_PS,"US dollars per person, PPP converted",ES10,Public,C,In cash spending,TP31,Incapacity related,V,Current prices,2007,,486.481,,A,Normal value,0,Units,1,One,_Z,Not applicable,,
DATAFLOW,OECD.ELS.SPD:DSD_SOCX_AGG@DF_SOCX_AGG(1.0),Social expenditure aggregates,I,USA,United States,A,Annual,SOCX,Social expenditure,USD_PPP_PS,"US dollars per person, PPP converted",ES10,Public,C,In cash spending,TP31,Incapacity related,V,Current prices,2008,,513.132,,A,Normal value,0,Units,1,One,_Z,Not applicable,,
DATAFLOW,OECD.ELS.SPD:DSD_SOCX_AGG@DF_SOCX_AGG(1.0),Social expenditure aggregates,I,USA,United States,A,Annual,SOCX,Social expenditure,USD_PPP_PS,"US dollars per person, PPP converted",ES10,Public,C,In cash spending,TP31,Incapacity related,V,Current prices,2009,,559.531,,A,Normal value,0,Units,1,One,_Z,Not applicable,,
DATAFLOW,OECD.ELS.SPD:DSD_SOCX_AGG@DF_SOCX_AGG(1.0),Social expenditure aggregates,I,USA,United States,A,Annual,SOCX,Social expenditure,USD_PPP_PS,"US dollars per person, PPP converted",ES10,Public,C,In cash spending,TP31,Incapacity related,V,Current prices,2010,,579.553,,A,Normal value,0,Units,1,One,_Z,Not applicable,,
DATAFLOW,OECD.ELS.SPD:DSD_SOCX_AGG@DF_SOCX_AGG(1.0),Social expenditure aggregates,I,USA,United States,A,Annual,SOCX,Social expenditure,USD_PPP_PS,"US dollars per person, PPP converted",ES10,Public,C,In cash spending,TP31,Incapacity related,V,Current prices,2011,,596.139,,A,Normal value,0,Units,1,One,_Z,Not applicable,,
DATAFLOW,OECD.ELS.SPD:DSD_SOCX_AGG@DF_SOCX_AGG(1.0),Social expenditure aggregates,I,USA,United States,A,Annual,SOCX,Social expenditure,USD_PPP_PS,"US dollars per person, PPP converted",ES10,Public,C,In cash spending,TP31,Incapacity related,V,Current prices,2012,,625.748,,A,Normal value,0,Units,1,One,_Z,Not applicable,,
DATAFLOW,OECD.ELS.SPD:DSD_SOCX_AGG@DF_SOCX_AGG(1.0),Social expenditure aggregates,I,USA,United States,A,Annual,SOCX,Social expenditure,USD_PPP_PS,"US dollars per person, PPP converted",ES10,Public,C,In cash spending,TP31,Incapacity related,V,Current prices,2013,,636.512,,A,Normal value,0,Units,1,One,_Z,Not applicable,,
DATAFLOW,OECD.ELS.SPD:DSD_SOCX_AGG@DF_SOCX_AGG(1.0),Social expenditure aggregates,I,USA,United States,A,Annual,SOCX,Social expenditure,USD_PPP_PS,"US dollars per person, PPP converted",ES10,Public,C,In cash spending,TP31,Incapacity related,V,Current prices,2014,,638.526,,A,Normal value,0,Units,1,One,_Z,Not applicable,,
DATAFLOW,OECD.ELS.SPD:DSD_SOCX_AGG@DF_SOCX_AGG(1.0),Social expenditure aggregates,I,USA,United States,A,Annual,SOCX,Social expenditure,USD_PPP_PS,"US dollars per person, PPP converted",ES10,Public,C,In cash spending,TP31,Incapacity related,V,Current prices,2015,,639.524,,A,Normal value,0,Units,1,One,_Z,Not applicable,,
DATAFLOW,OECD.ELS.SPD:DSD_SOCX_AGG@DF_SOCX_AGG(1.0),Social expenditure aggregates,I,USA,United States,A,Annual,SOCX,Social expenditure,USD_PPP_PS,"US dollars per person, PPP converted",ES10,Public,C,In cash spending,TP31,Incapacity related,V,Current prices,2016,,632.003,,A,Normal value,0,Units,1,One,_Z,Not applicable,,
DATAFLOW,OECD.ELS.SPD:DSD_SOCX_AGG@DF_SOCX_AGG(1.0),Social expenditure aggregates,I,USA,United States,A,Annual,SOCX,Social expenditure,USD_PPP_PS,"US dollars per person, PPP converted",ES10,Public,C,In cash spending,TP31,Incapacity related,V,Current prices,2017,,626.255,,A,Normal value,0,Units,1,One,_Z,Not applicable,,
DATAFLOW,OECD.ELS.SPD:DSD_SOCX_AGG@DF_SOCX_AGG(1.0),Social expenditure aggregates,I,USA,United States,A,Annual,SOCX,Social expenditure,USD_PPP_PS,"US dollars per person, PPP converted",ES10,Public,C,In cash spending,TP31,Incapacity related,V,Current prices,2018,,625.957,,A,Normal value,0,Units,1,One,_Z,Not applicable,,
DATAFLOW,OECD.ELS.SPD:DSD_SOCX_AGG@DF_SOCX_AGG(1.0),Social expenditure aggregates,I,USA,United States,A,Annual,SOCX,Social expenditure,USD_PPP_PS,"US dollars per person, PPP converted",ES10,Public,C,In cash spending,TP31,Incapacity related,V,Current prices,2019,,630.11,,A,Normal value,0,Units,1,One,_Z,Not applicable,,
DATAFLOW,OECD.ELS.SPD:DSD_SOCX_AGG@DF_SOCX_AGG(1.0),Social expenditure aggregates,I,USA,United States,A,Annual,SOCX,Social expenditure,USD_PPP_PS,"US dollars per person, PPP converted",ES10,Public,C,In cash spending,TP31,Incapacity related,V,Current prices,2020,,623.267,,A,Normal value,0,Units,1,One,_Z,Not applicable,,
DATAFLOW,OECD.ELS.SPD:DSD_SOCX_AGG@DF_SOCX_AGG(1.0),Social expenditure aggregates,I,USA,United States,A,Annual,SOCX,Social expenditure,USD_PPP_PS,"US dollars per person, PPP converted",ES10,Public,C,In cash spending,TP31,Incapacity related,V,Current prices,2021,,609.079,,A,Normal value,0,Units,1,One,_Z,Not applicable,,
DATAFLOW,OECD.ELS.SPD:DSD_SOCX_AGG@DF_SOCX_AGG(1.0),Social expenditure aggregates,I,USA,United States,A,Annual,SOCX,Social expenditure,USD_PPP_PS,"US dollars per person, PPP converted",ES10,Public,C,In cash spending,TP31,Incapacity related,V,Current prices,2022,,622.944,,A,Normal value,0,Units,1,One,_Z,Not applicable,,
DATAFLOW,OECD.ELS.SPD:DSD_SOCX_AGG@DF_SOCX_AGG(1.0),Social expenditure aggregates,I,USA,United States,A,Annual,SOCX,Social expenditure,USD_PPP_PS,"US dollars per person, PPP converted",ES10,Public,C,In cash spending,TP31,Incapacity related,V,Current prices,2023,,655.81,,A,Normal value,0,Units,1,One,_Z,Not applicable,,
DATAFLOW,OECD.ELS.SPD:DSD_SOCX_AGG@DF_SOCX_AGG(1.0),Social expenditure aggregates,I,USA,United States,A,Annual,SOCX,Social expenditure,USD_PPP_PS,"US dollars per person, PPP converted",ES10,Public,_T,Total,TP31,Incapacity related,Q,Constant prices,1990,,378.801,,A,Normal value,0,Units,1,One,_Z,Not applicable,,
DATAFLOW,OECD.ELS.SPD:DSD_SOCX_AGG@DF_SOCX_AGG(1.0),Social expenditure aggregates,I,USA,United States,A,Annual,SOCX,Social expenditure,USD_PPP_PS,"US dollars per person, PPP converted",ES10,Public,_T,Total,TP31,Incapacity related,Q,Constant prices,1991,,402.257,,A,Normal value,0,Units,1,One,_Z,Not applicable,,
DATAFLOW,OECD.ELS.SPD:DSD_SOCX_AGG@DF_SOCX_AGG(1.0),Social expenditure aggregates,I,USA,United States,A,Annual,SOCX,Social expenditure,USD_PPP_PS,"US dollars per person, PPP converted",ES10,Public,_T,Total,TP31,Incapacity related,Q,Constant prices,1992,,437.297,,A,Normal value,0,Units,1,One,_Z,Not applicable,,
DATAFLOW,OECD.ELS.SPD:DSD_SOCX_AGG@DF_SOCX_AGG(1.0),Social expenditure aggregates,I,USA,United States,A,Annual,SOCX,Social expenditure,USD_PPP_PS,"US dollars per person, PPP converted",ES10,Public,_T,Total,TP31,Incapacity related,Q,Constant prices,1993,,455.781,,A,Normal value,0,Units,1,One,_Z,Not applicable,,
DATAFLOW,OECD.ELS.SPD:DSD_SOCX_AGG@DF_SOCX_AGG(1.0),Social expenditure aggregates,I,USA,United States,A,Annual,SOCX,Social expenditure,USD_PPP_PS,"US dollars per person, PPP converted",ES10,Public,_T,Total,TP31,Incapacity related,Q,Constant prices,1994,,467.919,,A,Normal value,0,Units,1,One,_Z,Not applicable,,
DATAFLOW,OECD.ELS.SPD:DSD_SOCX_AGG@DF_SOCX_AGG(1.0),Social expenditure aggregates,I,USA,United States,A,Annual,SOCX,Social expenditure,USD_PPP_PS,"US dollars per person, PPP converted",ES10,Public,_T,Total,TP31,Incapacity related,Q,Constant prices,1995,,401.009,,A,Normal value,0,Units,1,One,_Z,Not applicable,,
DATAFLOW,OECD.ELS.SPD:DSD_SOCX_AGG@DF_SOCX_AGG(1.0),Social expenditure aggregates,I,USA,United States,A,Annual,SOCX,Social expenditure,USD_PPP_PS,"US dollars per person, PPP converted",ES10,Public,_T,Total,TP31,Incapacity related,Q,Constant prices,1996,,410.462,,A,Normal value,0,Units,1,One,_Z,Not applicable,,
DATAFLOW,OECD.ELS.SPD:DSD_SOCX_AGG@DF_SOCX_AGG(1.0),Social expenditure aggregates,I,USA,United States,A,Annual,SOCX,Social expenditure,USD_PPP_PS,"US dollars per person, PPP converted",ES10,Public,_T,Total,TP31,Incapacity related,Q,Constant prices,1997,,404.172,,A,Normal value,0,Units,1,One,_Z,Not applicable,,
DATAFLOW,OECD.ELS.SPD:DSD_SOCX_AGG@DF_SOCX_AGG(1.0),Social expenditure aggregates,I,USA,United States,A,Annual,SOCX,Social expenditure,USD_PPP_PS,"US dollars per person, PPP converted",ES10,Public,_T,Total,TP31,Incapacity related,Q,Constant prices,1998,,413.602,,A,Normal value,0,Units,1,One,_Z,Not applicable,,
DATAFLOW,OECD.ELS.SPD:DSD_SOCX_AGG@DF_SOCX_AGG(1.0),Social expenditure aggregates,I,USA,United States,A,Annual,SOCX,Social expenditure,USD_PPP_PS,"US dollars per person, PPP converted",ES10,Public,_T,Total,TP31,Incapacity related,Q,Constant prices,1999,,419.05,,A,Normal value,0,Units,1,One,_Z,Not applicable,,
DATAFLOW,OECD.ELS.SPD:DSD_SOCX_AGG@DF_SOCX_AGG(1.0),Social expenditure aggregates,I,USA,United States,A,Annual,SOCX,Social expenditure,USD_PPP_PS,"US dollars per person, PPP converted",ES10,Public,_T,Total,TP31,Incapacity related,Q,Constant prices,2000,,428.03,,A,Normal value,0,Units,1,One,_Z,Not applicable,,
DATAFLOW,OECD.ELS.SPD:DSD_SOCX_AGG@DF_SOCX_AGG(1.0),Social expenditure aggregates,I,USA,United States,A,Annual,SOCX,Social expenditure,USD_PPP_PS,"US dollars per person, PPP converted",ES10,Public,_T,Total,TP31,Incapacity related,Q,Constant prices,2001,,445.319,,A,Normal value,0,Units,1,One,_Z,Not applicable,,
DATAFLOW,OECD.ELS.SPD:DSD_SOCX_AGG@DF_SOCX_AGG(1.0),Social expenditure aggregates,I,USA,United States,A,Annual,SOCX,Social expenditure,USD_PPP_PS,"US dollars per person, PPP converted",ES10,Public,_T,Total,TP31,Incapacity related,Q,Constant prices,2002,,471.726,,A,Normal value,0,Units,1,One,_Z,Not applicable,,
DATAFLOW,OECD.ELS.SPD:DSD_SOCX_AGG@DF_SOCX_AGG(1.0),Social expenditure aggregates,I,USA,United States,A,Annual,SOCX,Social expenditure,USD_PPP_PS,"US dollars per person, PPP converted",ES10,Public,_T,Total,TP31,Incapacity related,Q,Constant prices,2003,,489.154,,A,Normal value,0,Units,1,One,_Z,Not applicable,,
DATAFLOW,OECD.ELS.SPD:DSD_SOCX_AGG@DF_SOCX_AGG(1.0),Social expenditure aggregates,I,USA,United States,A,Annual,SOCX,Social expenditure,USD_PPP_PS,"US dollars per person, PPP converted",ES10,Public,_T,Total,TP31,Incapacity related,Q,Constant prices,2004,,512.4,,A,Normal value,0,Units,1,One,_Z,Not applicable,,
DATAFLOW,OECD.ELS.SPD:DSD_SOCX_AGG@DF_SOCX_AGG(1.0),Social expenditure aggregates,I,USA,United States,A,Annual,SOCX,Social expenditure,USD_PPP_PS,"US dollars per person, PPP converted",ES10,Public,_T,Total,TP31,Incapacity related,Q,Constant prices,2005,,526.384,,A,Normal value,0,Units,1,One,_Z,Not applicable,,
DATAFLOW,OECD.ELS.SPD:DSD_SOCX_AGG@DF_SOCX_AGG(1.0),Social expenditure aggregates,I,USA,United States,A,Annual,SOCX,Social expenditure,USD_PPP_PS,"US dollars per person, PPP converted",ES10,Public,_T,Total,TP31,Incapacity related,Q,Constant prices,2006,,540.197,,A,Normal value,0,Units,1,One,_Z,Not applicable,,
DATAFLOW,OECD.ELS.SPD:DSD_SOCX_AGG@DF_SOCX_AGG(1.0),Social expenditure aggregates,I,USA,United States,A,Annual,SOCX,Social expenditure,USD_PPP_PS,"US dollars per person, PPP converted",ES10,Public,_T,Total,TP31,Incapacity related,Q,Constant prices,2007,,551.906,,A,Normal value,0,Units,1,One,_Z,Not applicable,,
DATAFLOW,OECD.ELS.SPD:DSD_SOCX_AGG@DF_SOCX_AGG(1.0),Social expenditure aggregates,I,USA,United States,A,Annual,SOCX,Social expenditure,USD_PPP_PS,"US dollars per person, PPP converted",ES10,Public,_T,Total,TP31,Incapacity related,Q,Constant prices,2008,,570.064,,A,Normal value,0,Units,1,One,_Z,Not applicable,,
DATAFLOW,OECD.ELS.SPD:DSD_SOCX_AGG@DF_SOCX_AGG(1.0),Social expenditure aggregates,I,USA,United States,A,Annual,SOCX,Social expenditure,USD_PPP_PS,"US dollars per person, PPP converted",ES10,Public,_T,Total,TP31,Incapacity related,Q,Constant prices,2009,,615.826,,A,Normal value,0,Units,1,One,_Z,Not applicable,,
DATAFLOW,OECD.ELS.SPD:DSD_SOCX_AGG@DF_SOCX_AGG(1.0),Social expenditure aggregates,I,USA,United States,A,Annual,SOCX,Social expenditure,USD_PPP_PS,"US dollars per person, PPP converted",ES10,Public,_T,Total,TP31,Incapacity related,Q,Constant prices,2010,,631.131,,A,Normal value,0,Units,1,One,_Z,Not applicable,,
DATAFLOW,OECD.ELS.SPD:DSD_SOCX_AGG@DF_SOCX_AGG(1.0),Social expenditure aggregates,I,USA,United States,A,Annual,SOCX,Social expenditure,USD_PPP_PS,"US dollars per person, PPP converted",ES10,Public,_T,Total,TP31,Incapacity related,Q,Constant prices,2011,,637.383,,A,Normal value,0,Units,1,One,_Z,Not applicable,,
DATAFLOW,OECD.ELS.SPD:DSD_SOCX_AGG@DF_SOCX_AGG(1.0),Social expenditure aggregates,I,USA,United States,A,Annual,SOCX,Social expenditure,USD_PPP_PS,"US dollars per person, PPP converted",ES10,Public,_T,Total,TP31,Incapacity related,Q,Constant prices,2012,,656.49,,A,Normal value,0,Units,1,One,_Z,Not applicable,,
DATAFLOW,OECD.ELS.SPD:DSD_SOCX_AGG@DF_SOCX_AGG(1.0),Social expenditure aggregates,I,USA,United States,A,Annual,SOCX,Social expenditure,USD_PPP_PS,"US dollars per person, PPP converted",ES10,Public,_T,Total,TP31,Incapacity related,Q,Constant prices,2013,,656.353,,A,Normal value,0,Units,1,One,_Z,Not applicable,,
DATAFLOW,OECD.ELS.SPD:DSD_SOCX_AGG@DF_SOCX_AGG(1.0),Social expenditure aggregates,I,USA,United States,A,Annual,SOCX,Social expenditure,USD_PPP_PS,"US dollars per person, PPP converted",ES10,Public,_T,Total,TP31,Incapacity related,Q,Constant prices,2014,,647.222,,A,Normal value,0,Units,1,One,_Z,Not applicable,,
DATAFLOW,OECD.ELS.SPD:DSD_SOCX_AGG@DF_SOCX_AGG(1.0),Social expenditure aggregates,I,USA,United States,A,Annual,SOCX,Social expenditure,USD_PPP_PS,"US dollars per person, PPP converted",ES10,Public,_T,Total,TP31,Incapacity related,Q,Constant prices,2015,,640.998,,A,Normal value,0,Units,1,One,_Z,Not applicable,,
DATAFLOW,OECD.ELS.SPD:DSD_SOCX_AGG@DF_SOCX_AGG(1.0),Social expenditure aggregates,I,USA,United States,A,Annual,SOCX,Social expenditure,USD_PPP_PS,"US dollars per person, PPP converted",ES10,Public,_T,Total,TP31,Incapacity related,Q,Constant prices,2016,,627.531,,A,Normal value,0,Units,1,One,_Z,Not applicable,,
DATAFLOW,OECD.ELS.SPD:DSD_SOCX_AGG@DF_SOCX_AGG(1.0),Social expenditure aggregates,I,USA,United States,A,Annual,SOCX,Social expenditure,USD_PPP_PS,"US dollars per person, PPP converted",ES10,Public,_T,Total,TP31,Incapacity related,Q,Constant prices,2017,,612.138,,A,Normal value,0,Units,1,One,_Z,Not applicable,,
DATAFLOW,OECD.ELS.SPD:DSD_SOCX_AGG@DF_SOCX_AGG(1.0),Social expenditure aggregates,I,USA,United States,A,Annual,SOCX,Social expenditure,USD_PPP_PS,"US dollars per person, PPP converted",ES10,Public,_T,Total,TP31,Incapacity related,Q,Constant prices,2018,,598.866,,A,Normal value,0,Units,1,One,_Z,Not applicable,,
DATAFLOW,OECD.ELS.SPD:DSD_SOCX_AGG@DF_SOCX_AGG(1.0),Social expenditure aggregates,I,USA,United States,A,Annual,SOCX,Social expenditure,USD_PPP_PS,"US dollars per person, PPP converted",ES10,Public,_T,Total,TP31,Incapacity related,Q,Constant prices,2019,,592.012,,A,Normal value,0,Units,1,One,_Z,Not applicable,,
DATAFLOW,OECD.ELS.SPD:DSD_SOCX_AGG@DF_SOCX_AGG(1.0),Social expenditure aggregates,I,USA,United States,A,Annual,SOCX,Social expenditure,USD_PPP_PS,"US dollars per person, PPP converted",ES10,Public,_T,Total,TP31,Incapacity related,Q,Constant prices,2020,,577.446,,A,Normal value,0,Units,1,One,_Z,Not applicable,,
DATAFLOW,OECD.ELS.SPD:DSD_SOCX_AGG@DF_SOCX_AGG(1.0),Social expenditure aggregates,I,USA,United States,A,Annual,SOCX,Social expenditure,USD_PPP_PS,"US dollars per person, PPP converted",ES10,Public,_T,Total,TP31,Incapacity related,Q,Constant prices,2021,,543.765,,A,Normal value,0,Units,1,One,_Z,Not applicable,,
DATAFLOW,OECD.ELS.SPD:DSD_SOCX_AGG@DF_SOCX_AGG(1.0),Social expenditure aggregates,I,USA,United States,A,Annual,SOCX,Social expenditure,USD_PPP_PS,"US dollars per person, PPP converted",ES10,Public,_T,Total,TP31,Incapacity related,Q,Constant prices,2022,,522.458,,A,Normal value,0,Units,1,One,_Z,Not applicable,,
DATAFLOW,OECD.ELS.SPD:DSD_SOCX_AGG@DF_SOCX_AGG(1.0),Social expenditure aggregates,I,USA,United States,A,Annual,SOCX,Social expenditure,USD_PPP_PS,"US dollars per person, PPP converted",ES10,Public,_T,Total,TP31,Incapacity related,Q,Constant prices,2023,,526.762,,A,Normal value,0,Units,1,One,_Z,Not applicable,,
DATAFLOW,OECD.ELS.SPD:DSD_SOCX_AGG@DF_SOCX_AGG(1.0),Social expenditure aggregates,I,USA,United States,A,Annual,SOCX,Social expenditure,USD_PPP_PS,"US dollars per person, PPP converted",ES10,Public,C,In cash spending,TP31,Incapacity related,Q,Constant prices,1990,,378.801,,A,Normal value,0,Units,1,One,_Z,Not applicable,,
DATAFLOW,OECD.ELS.SPD:DSD_SOCX_AGG@DF_SOCX_AGG(1.0),Social expenditure aggregates,I,USA,United States,A,Annual,SOCX,Social expenditure,USD_PPP_PS,"US dollars per person, PPP converted",ES10,Public,C,In cash spending,TP31,Incapacity related,Q,Constant prices,1991,,402.257,,A,Normal value,0,Units,1,One,_Z,Not applicable,,
DATAFLOW,OECD.ELS.SPD:DSD_SOCX_AGG@DF_SOCX_AGG(1.0),Social expenditure aggregates,I,USA,United States,A,Annual,SOCX,Social expenditure,USD_PPP_PS,"US dollars per person, PPP converted",ES10,Public,C,In cash spending,TP31,Incapacity related,Q,Constant prices,1992,,437.297,,A,Normal value,0,Units,1,One,_Z,Not applicable,,
DATAFLOW,OECD.ELS.SPD:DSD_SOCX_AGG@DF_SOCX_AGG(1.0),Social expenditure aggregates,I,USA,United States,A,Annual,SOCX,Social expenditure,USD_PPP_PS,"US dollars per person, PPP converted",ES10,Public,C,In cash spending,TP31,Incapacity related,Q,Constant prices,1993,,455.781,,A,Normal value,0,Units,1,One,_Z,Not applicable,,
DATAFLOW,OECD.ELS.SPD:DSD_SOCX_AGG@DF_SOCX_AGG(1.0),Social expenditure aggregates,I,USA,United States,A,Annual,SOCX,Social expenditure,USD_PPP_PS,"US dollars per person, PPP converted",ES10,Public,C,In cash spending,TP31,Incapacity related,Q,Constant prices,1994,,467.919,,A,Normal value,0,Units,1,One,_Z,Not applicable,,
DATAFLOW,OECD.ELS.SPD:DSD_SOCX_AGG@DF_SOCX_AGG(1.0),Social expenditure aggregates,I,USA,United States,A,Annual,SOCX,Social expenditure,USD_PPP_PS,"US dollars per person, PPP converted",ES10,Public,C,In cash spending,TP31,Incapacity related,Q,Constant prices,1995,,401.009,,A,Normal value,0,Units,1,One,_Z,Not applicable,,
DATAFLOW,OECD.ELS.SPD:DSD_SOCX_AGG@DF_SOCX_AGG(1.0),Social expenditure aggregates,I,USA,United States,A,Annual,SOCX,Social expenditure,USD_PPP_PS,"US dollars per person, PPP converted",ES10,Public,C,In cash spending,TP31,Incapacity related,Q,Constant prices,1996,,410.462,,A,Normal value,0,Units,1,One,_Z,Not applicable,,
DATAFLOW,OECD.ELS.SPD:DSD_SOCX_AGG@DF_SOCX_AGG(1.0),Social expenditure aggregates,I,USA,United States,A,Annual,SOCX,Social expenditure,USD_PPP_PS,"US dollars per person, PPP converted",ES10,Public,C,In cash spending,TP31,Incapacity related,Q,Constant prices,1997,,404.172,,A,Normal value,0,Units,1,One,_Z,Not applicable,,
DATAFLOW,OECD.ELS.SPD:DSD_SOCX_AGG@DF_SOCX_AGG(1.0),Social expenditure aggregates,I,USA,United States,A,Annual,SOCX,Social expenditure,USD_PPP_PS,"US dollars per person, PPP converted",ES10,Public,C,In cash spending,TP31,Incapacity related,Q,Constant prices,1998,,413.602,,A,Normal value,0,Units,1,One,_Z,Not applicable,,
DATAFLOW,OECD.ELS.SPD:DSD_SOCX_AGG@DF_SOCX_AGG(1.0),Social expenditure aggregates,I,USA,United States,A,Annual,SOCX,Social expenditure,USD_PPP_PS,"US dollars per person, PPP converted",ES10,Public,C,In cash spending,TP31,Incapacity related,Q,Constant prices,1999,,419.05,,A,Normal value,0,Units,1,One,_Z,Not applicable,,
DATAFLOW,OECD.ELS.SPD:DSD_SOCX_AGG@DF_SOCX_AGG(1.0),Social expenditure aggregates,I,USA,United States,A,Annual,SOCX,Social expenditure,USD_PPP_PS,"US dollars per person, PPP converted",ES10,Public,C,In cash spending,TP31,Incapacity related,Q,Constant prices,2000,,428.03,,A,Normal value,0,Units,1,One,_Z,Not applicable,,
DATAFLOW,OECD.ELS.SPD:DSD_SOCX_AGG@DF_SOCX_AGG(1.0),Social expenditure aggregates,I,USA,United States,A,Annual,SOCX,Social expenditure,USD_PPP_PS,"US dollars per person, PPP converted",ES10,Public,C,In cash spending,TP31,Incapacity related,Q,Constant prices,2001,,445.319,,A,Normal value,0,Units,1,One,_Z,Not applicable,,
DATAFLOW,OECD.ELS.SPD:DSD_SOCX_AGG@DF_SOCX_AGG(1.0),Social expenditure aggregates,I,USA,United States,A,Annual,SOCX,Social expenditure,USD_PPP_PS,"US dollars per person, PPP converted",ES10,Public,C,In cash spending,TP31,Incapacity related,Q,Constant prices,2002,,471.726,,A,Normal value,0,Units,1,One,_Z,Not applicable,,
DATAFLOW,OECD.ELS.SPD:DSD_SOCX_AGG@DF_SOCX_AGG(1.0),Social expenditure aggregates,I,USA,United States,A,Annual,SOCX,Social expenditure,USD_PPP_PS,"US dollars per person, PPP converted",ES10,Public,C,In cash spending,TP31,Incapacity related,Q,Constant prices,2003,,489.154,,A,Normal value,0,Units,1,One,_Z,Not applicable,,
DATAFLOW,OECD.ELS.SPD:DSD_SOCX_AGG@DF_SOCX_AGG(1.0),Social expenditure aggregates,I,USA,United States,A,Annual,SOCX,Social expenditure,USD_PPP_PS,"US dollars per person, PPP converted",ES10,Public,C,In cash spending,TP31,Incapacity related,Q,Constant prices,2004,,512.4,,A,Normal value,0,Units,1,One,_Z,Not applicable,,
DATAFLOW,OECD.ELS.SPD:DSD_SOCX_AGG@DF_SOCX_AGG(1.0),Social expenditure aggregates,I,USA,United States,A,Annual,SOCX,Social expenditure,USD_PPP_PS,"US dollars per person, PPP converted",ES10,Public,C,In cash spending,TP31,Incapacity related,Q,Constant prices,2005,,526.384,,A,Normal value,0,Units,1,One,_Z,Not applicable,,
DATAFLOW,OECD.ELS.SPD:DSD_SOCX_AGG@DF_SOCX_AGG(1.0),Social expenditure aggregates,I,USA,United States,A,Annual,SOCX,Social expenditure,USD_PPP_PS,"US dollars per person, PPP converted",ES10,Public,C,In cash spending,TP31,Incapacity related,Q,Constant prices,2006,,540.197,,A,Normal value,0,Units,1,One,_Z,Not applicable,,
DATAFLOW,OECD.ELS.SPD:DSD_SOCX_AGG@DF_SOCX_AGG(1.0),Social expenditure aggregates,I,USA,United States,A,Annual,SOCX,Social expenditure,USD_PPP_PS,"US dollars per person, PPP converted",ES10,Public,C,In cash spending,TP31,Incapacity related,Q,Constant prices,2007,,551.906,,A,Normal value,0,Units,1,One,_Z,Not applicable,,
DATAFLOW,OECD.ELS.SPD:DSD_SOCX_AGG@DF_SOCX_AGG(1.0),Social expenditure aggregates,I,USA,United States,A,Annual,SOCX,Social expenditure,USD_PPP_PS,"US dollars per person, PPP converted",ES10,Public,C,In cash spending,TP31,Incapacity related,Q,Constant prices,2008,,570.064,,A,Normal value,0,Units,1,One,_Z,Not applicable,,
DATAFLOW,OECD.ELS.SPD:DSD_SOCX_AGG@DF_SOCX_AGG(1.0),Social expenditure aggregates,I,USA,United States,A,Annual,SOCX,Social expenditure,USD_PPP_PS,"US dollars per person, PPP converted",ES10,Public,C,In cash spending,TP31,Incapacity related,Q,Constant prices,2009,,615.826,,A,Normal value,0,Units,1,One,_Z,Not applicable,,
DATAFLOW,OECD.ELS.SPD:DSD_SOCX_AGG@DF_SOCX_AGG(1.0),Social expenditure aggregates,I,USA,United States,A,Annual,SOCX,Social expenditure,USD_PPP_PS,"US dollars per person, PPP converted",ES10,Public,C,In cash spending,TP31,Incapacity related,Q,Constant prices,2010,,631.131,,A,Normal value,0,Units,1,One,_Z,Not applicable,,
DATAFLOW,OECD.ELS.SPD:DSD_SOCX_AGG@DF_SOCX_AGG(1.0),Social expenditure aggregates,I,USA,United States,A,Annual,SOCX,Social expenditure,USD_PPP_PS,"US dollars per person, PPP converted",ES10,Public,C,In cash spending,TP31,Incapacity related,Q,Constant prices,2011,,637.383,,A,Normal value,0,Units,1,One,_Z,Not applicable,,
DATAFLOW,OECD.ELS.SPD:DSD_SOCX_AGG@DF_SOCX_AGG(1.0),Social expenditure aggregates,I,USA,United States,A,Annual,SOCX,Social expenditure,USD_PPP_PS,"US dollars per person, PPP converted",ES10,Public,C,In cash spending,TP31,Incapacity related,Q,Constant prices,2012,,656.49,,A,Normal value,0,Units,1,One,_Z,Not applicable,,
DATAFLOW,OECD.ELS.SPD:DSD_SOCX_AGG@DF_SOCX_AGG(1.0),Social expenditure aggregates,I,USA,United States,A,Annual,SOCX,Social expenditure,USD_PPP_PS,"US dollars per person, PPP converted",ES10,Public,C,In cash spending,TP31,Incapacity related,Q,Constant prices,2013,,656.353,,A,Normal value,0,Units,1,One,_Z,Not applicable,,
DATAFLOW,OECD.ELS.SPD:DSD_SOCX_AGG@DF_SOCX_AGG(1.0),Social expenditure aggregates,I,USA,United States,A,Annual,SOCX,Social expenditure,USD_PPP_PS,"US dollars per person, PPP converted",ES10,Public,C,In cash spending,TP31,Incapacity related,Q,Constant prices,2014,,647.222,,A,Normal value,0,Units,1,One,_Z,Not applicable,,
DATAFLOW,OECD.ELS.SPD:DSD_SOCX_AGG@DF_SOCX_AGG(1.0),Social expenditure aggregates,I,USA,United States,A,Annual,SOCX,Social expenditure,USD_PPP_PS,"US dollars per person, PPP converted",ES10,Public,C,In cash spending,TP31,Incapacity related,Q,Constant prices,2015,,640.998,,A,Normal value,0,Units,1,One,_Z,Not applicable,,
DATAFLOW,OECD.ELS.SPD:DSD_SOCX_AGG@DF_SOCX_AGG(1.0),Social expenditure aggregates,I,USA,United States,A,Annual,SOCX,Social expenditure,USD_PPP_PS,"US dollars per person, PPP converted",ES10,Public,C,In cash spending,TP31,Incapacity related,Q,Constant prices,2016,,627.531,,A,Normal value,0,Units,1,One,_Z,Not applicable,,
DATAFLOW,OECD.ELS.SPD:DSD_SOCX_AGG@DF_SOCX_AGG(1.0),Social expenditure aggregates,I,USA,United States,A,Annual,SOCX,Social expenditure,USD_PPP_PS,"US dollars per person, PPP converted",ES10,Public,C,In cash spending,TP31,Incapacity related,Q,Constant prices,2017,,612.138,,A,Normal value,0,Units,1,One,_Z,Not applicable,,
DATAFLOW,OECD.ELS.SPD:DSD_SOCX_AGG@DF_SOCX_AGG(1.0),Social expenditure aggregates,I,USA,United States,A,Annual,SOCX,Social expenditure,USD_PPP_PS,"US dollars per person, PPP converted",ES10,Public,C,In cash spending,TP31,Incapacity related,Q,Constant prices,2018,,598.866,,A,Normal value,0,Units,1,One,_Z,Not applicable,,
DATAFLOW,OECD.ELS.SPD:DSD_SOCX_AGG@DF_SOCX_AGG(1.0),Social expenditure aggregates,I,USA,United States,A,Annual,SOCX,Social expenditure,USD_PPP_PS,"US dollars per person, PPP converted",ES10,Public,C,In cash spending,TP31,Incapacity related,Q,Constant prices,2019,,592.012,,A,Normal value,0,Units,1,One,_Z,Not applicable,,
DATAFLOW,OECD.ELS.SPD:DSD_SOCX_AGG@DF_SOCX_AGG(1.0),Social expenditure aggregates,I,USA,United States,A,Annual,SOCX,Social expenditure,USD_PPP_PS,"US dollars per person, PPP converted",ES10,Public,C,In cash spending,TP31,Incapacity related,Q,Constant prices,2020,,577.446,,A,Normal value,0,Units,1,One,_Z,Not applicable,,
DATAFLOW,OECD.ELS.SPD:DSD_SOCX_AGG@DF_SOCX_AGG(1.0),Social expenditure aggregates,I,USA,United States,A,Annual,SOCX,Social expenditure,USD_PPP_PS,"US dollars per person, PPP converted",ES10,Public,C,In cash spending,TP31,Incapacity related,Q,Constant prices,2021,,543.765,,A,Normal value,0,Units,1,One,_Z,Not applicable,,
DATAFLOW,OECD.ELS.SPD:DSD_SOCX_AGG@DF_SOCX_AGG(1.0),Social expenditure aggregates,I,USA,United States,A,Annual,SOCX,Social expenditure,USD_PPP_PS,"US dollars per person, PPP converted",ES10,Public,C,In cash spending,TP31,Incapacity related,Q,Constant prices,2022,,522.458,,A,Normal value,0,Units,1,One,_Z,Not applicable,,
DATAFLOW,OECD.ELS.SPD:DSD_SOCX_AGG@DF_SOCX_AGG(1.0),Social expenditure aggregates,I,USA,United States,A,Annual,SOCX,Social expenditure,USD_PPP_PS,"US dollars per person, PPP converted",ES10,Public,C,In cash spending,TP31,Incapacity related,Q,Constant prices,2023,,526.762,,A,Normal value,0,Units,1,One,_Z,Not applicable,,
DATAFLOW,OECD.ELS.SPD:DSD_SOCX_AGG@DF_SOCX_AGG(1.0),Social expenditure aggregates,I,IRL,Ireland,A,Annual,SOCX,Social expenditure,USD_PPP_PS,"US dollars per person, PPP converted",ES10,Public,C,In cash spending,TP31,Incapacity related,V,Current prices,1990,,230.999,,A,Normal value,0,Units,1,One,_Z,Not applicable,,
DATAFLOW,OECD.ELS.SPD:DSD_SOCX_AGG@DF_SOCX_AGG(1.0),Social expenditure aggregates,I,IRL,Ireland,A,Annual,SOCX,Social expenditure,USD_PPP_PS,"US dollars per person, PPP converted",ES10,Public,C,In cash spending,TP31,Incapacity related,V,Current prices,1991,,248.573,,A,Normal value,0,Units,1,One,_Z,Not applicable,,
DATAFLOW,OECD.ELS.SPD:DSD_SOCX_AGG@DF_SOCX_AGG(1.0),Social expenditure aggregates,I,IRL,Ireland,A,Annual,SOCX,Social expenditure,USD_PPP_PS,"US dollars per person, PPP converted",ES10,Public,C,In cash spending,TP31,Incapacity related,V,Current prices,1992,,261.952,,A,Normal value,0,Units,1,One,_Z,Not applicable,,
DATAFLOW,OECD.ELS.SPD:DSD_SOCX_AGG@DF_SOCX_AGG(1.0),Social expenditure aggregates,I,IRL,Ireland,A,Annual,SOCX,Social expenditure,USD_PPP_PS,"US dollars per person, PPP converted",ES10,Public,C,In cash spending,TP31,Incapacity related,V,Current prices,1993,,266.581,,A,Normal value,0,Units,1,One,_Z,Not applicable,,
DATAFLOW,OECD.ELS.SPD:DSD_SOCX_AGG@DF_SOCX_AGG(1.0),Social expenditure aggregates,I,IRL,Ireland,A,Annual,SOCX,Social expenditure,USD_PPP_PS,"US dollars per person, PPP converted",ES10,Public,C,In cash spending,TP31,Incapacity related,V,Current prices,1994,,272.4,,A,Normal value,0,Units,1,One,_Z,Not applicable,,
DATAFLOW,OECD.ELS.SPD:DSD_SOCX_AGG@DF_SOCX_AGG(1.0),Social expenditure aggregates,I,IRL,Ireland,A,Annual,SOCX,Social expenditure,USD_PPP_PS,"US dollars per person, PPP converted",ES10,Public,C,In cash spending,TP31,Incapacity related,V,Current prices,1995,,347.639,,A,Normal value,0,Units,1,One,_Z,Not applicable,,
DATAFLOW,OECD.ELS.SPD:DSD_SOCX_AGG@DF_SOCX_AGG(1.0),Social expenditure aggregates,I,IRL,Ireland,A,Annual,SOCX,Social expenditure,USD_PPP_PS,"US dollars per person, PPP converted",ES10,Public,C,In cash spending,TP31,Incapacity related,V,Current prices,1996,,315.859,,A,Normal value,0,Units,1,One,_Z,Not applicable,,
DATAFLOW,OECD.ELS.SPD:DSD_SOCX_AGG@DF_SOCX_AGG(1.0),Social expenditure aggregates,I,IRL,Ireland,A,Annual,SOCX,Social expenditure,USD_PPP_PS,"US dollars per person, PPP converted",ES10,Public,C,In cash spending,TP31,Incapacity related,V,Current prices,1997,,313.661,,A,Normal value,0,Units,1,One,_Z,Not applicable,,
DATAFLOW,OECD.ELS.SPD:DSD_SOCX_AGG@DF_SOCX_AGG(1.0),Social expenditure aggregates,I,IRL,Ireland,A,Annual,SOCX,Social expenditure,USD_PPP_PS,"US dollars per person, PPP converted",ES10,Public,C,In cash spending,TP31,Incapacity related,V,Current prices,1998,,329.02,,A,Normal value,0,Units,1,One,_Z,Not applicable,,
DATAFLOW,OECD.ELS.SPD:DSD_SOCX_AGG@DF_SOCX_AGG(1.0),Social expenditure aggregates,I,IRL,Ireland,A,Annual,SOCX,Social expenditure,USD_PPP_PS,"US dollars per person, PPP converted",ES10,Public,C,In cash spending,TP31,Incapacity related,V,Current prices,1999,,329.821,,A,Normal value,0,Units,1,One,_Z,Not applicable,,
DATAFLOW,OECD.ELS.SPD:DSD_SOCX_AGG@DF_SOCX_AGG(1.0),Social expenditure aggregates,I,IRL,Ireland,A,Annual,SOCX,Social expenditure,USD_PPP_PS,"US dollars per person, PPP converted",ES10,Public,C,In cash spending,TP31,Incapacity related,V,Current prices,2000,,339.378,,A,Normal value,0,Units,1,One,_Z,Not applicable,,
DATAFLOW,OECD.ELS.SPD:DSD_SOCX_AGG@DF_SOCX_AGG(1.0),Social expenditure aggregates,I,IRL,Ireland,A,Annual,SOCX,Social expenditure,USD_PPP_PS,"US dollars per person, PPP converted",ES10,Public,C,In cash spending,TP31,Incapacity related,V,Current prices,2001,,382.505,,A,Normal value,0,Units,1,One,_Z,Not applicable,,
DATAFLOW,OECD.ELS.SPD:DSD_SOCX_AGG@DF_SOCX_AGG(1.0),Social expenditure aggregates,I,IRL,Ireland,A,Annual,SOCX,Social expenditure,USD_PPP_PS,"US dollars per person, PPP converted",ES10,Public,C,In cash spending,TP31,Incapacity related,V,Current prices,2002,,437.064,,A,Normal value,0,Units,1,One,_Z,Not applicable,,
DATAFLOW,OECD.ELS.SPD:DSD_SOCX_AGG@DF_SOCX_AGG(1.0),Social expenditure aggregates,I,IRL,Ireland,A,Annual,SOCX,Social expenditure,USD_PPP_PS,"US dollars per person, PPP converted",ES10,Public,C,In cash spending,TP31,Incapacity related,V,Current prices,2003,,469.577,,A,Normal value,0,Units,1,One,_Z,Not applicable,,
DATAFLOW,OECD.ELS.SPD:DSD_SOCX_AGG@DF_SOCX_AGG(1.0),Social expenditure aggregates,I,IRL,Ireland,A,Annual,SOCX,Social expenditure,USD_PPP_PS,"US dollars per person, PPP converted",ES10,Public,C,In cash spending,TP31,Incapacity related,V,Current prices,2004,,526.695,,A,Normal value,0,Units,1,One,_Z,Not applicable,,
DATAFLOW,OECD.ELS.SPD:DSD_SOCX_AGG@DF_SOCX_AGG(1.0),Social expenditure aggregates,I,IRL,Ireland,A,Annual,SOCX,Social expenditure,USD_PPP_PS,"US dollars per person, PPP converted",ES10,Public,C,In cash spending,TP31,Incapacity related,V,Current prices,2005,,571.156,,A,Normal value,0,Units,1,One,_Z,Not applicable,,
DATAFLOW,OECD.ELS.SPD:DSD_SOCX_AGG@DF_SOCX_AGG(1.0),Social expenditure aggregates,I,IRL,Ireland,A,Annual,SOCX,Social expenditure,USD_PPP_PS,"US dollars per person, PPP converted",ES10,Public,C,In cash spending,TP31,Incapacity related,V,Current prices,2006,,661.049,,A,Normal value,0,Units,1,One,_Z,Not applicable,,
DATAFLOW,OECD.ELS.SPD:DSD_SOCX_AGG@DF_SOCX_AGG(1.0),Social expenditure aggregates,I,IRL,Ireland,A,Annual,SOCX,Social expenditure,USD_PPP_PS,"US dollars per person, PPP converted",ES10,Public,C,In cash spending,TP31,Incapacity related,V,Current prices,2007,,757.926,,A,Normal value,0,Units,1,One,_Z,Not applicable,,
DATAFLOW,OECD.ELS.SPD:DSD_SOCX_AGG@DF_SOCX_AGG(1.0),Social expenditure aggregates,I,IRL,Ireland,A,Annual,SOCX,Social expenditure,USD_PPP_PS,"US dollars per person, PPP converted",ES10,Public,C,In cash spending,TP31,Incapacity related,V,Current prices,2008,,852.388,,A,Normal value,0,Units,1,One,_Z,Not applicable,,
DATAFLOW,OECD.ELS.SPD:DSD_SOCX_AGG@DF_SOCX_AGG(1.0),Social expenditure aggregates,I,IRL,Ireland,A,Annual,SOCX,Social expenditure,USD_PPP_PS,"US dollars per person, PPP converted",ES10,Public,C,In cash spending,TP31,Incapacity related,V,Current prices,2009,,931.023,,A,Normal value,0,Units,1,One,_Z,Not applicable,,
DATAFLOW,OECD.ELS.SPD:DSD_SOCX_AGG@DF_SOCX_AGG(1.0),Social expenditure aggregates,I,IRL,Ireland,A,Annual,SOCX,Social expenditure,USD_PPP_PS,"US dollars per person, PPP converted",ES10,Public,C,In cash spending,TP31,Incapacity related,V,Current prices,2010,,992.867,,A,Normal value,0,Units,1,One,_Z,Not applicable,,
DATAFLOW,OECD.ELS.SPD:DSD_SOCX_AGG@DF_SOCX_AGG(1.0),Social expenditure aggregates,I,IRL,Ireland,A,Annual,SOCX,Social expenditure,USD_PPP_PS,"US dollars per person, PPP converted",ES10,Public,C,In cash spending,TP31,Incapacity related,V,Current prices,2011,,969.57,,A,Normal value,0,Units,1,One,_Z,Not applicable,,
DATAFLOW,OECD.ELS.SPD:DSD_SOCX_AGG@DF_SOCX_AGG(1.0),Social expenditure aggregates,I,IRL,Ireland,A,Annual,SOCX,Social expenditure,USD_PPP_PS,"US dollars per person, PPP converted",ES10,Public,C,In cash spending,TP31,Incapacity related,V,Current prices,2012,,950.763,,A,Normal value,0,Units,1,One,_Z,Not applicable,,
DATAFLOW,OECD.ELS.SPD:DSD_SOCX_AGG@DF_SOCX_AGG(1.0),Social expenditure aggregates,I,IRL,Ireland,A,Annual,SOCX,Social expenditure,USD_PPP_PS,"US dollars per person, PPP converted",ES10,Public,C,In cash spending,TP31,Incapacity related,V,Current prices,2013,,979.058,,A,Normal value,0,Units,1,One,_Z,Not applicable,,
DATAFLOW,OECD.ELS.SPD:DSD_SOCX_AGG@DF_SOCX_AGG(1.0),Social expenditure aggregates,I,IRL,Ireland,A,Annual,SOCX,Social expenditure,USD_PPP_PS,"US dollars per person, PPP converted",ES10,Public,C,In cash spending,TP31,Incapacity related,V,Current prices,2014,,955.444,,A,Normal value,0,Units,1,One,_Z,Not applicable,,
DATAFLOW,OECD.ELS.SPD:DSD_SOCX_AGG@DF_SOCX_AGG(1.0),Social expenditure aggregates,I,IRL,Ireland,A,Annual,SOCX,Social expenditure,USD_PPP_PS,"US dollars per person, PPP converted",ES10,Public,C,In cash spending,TP31,Incapacity related,V,Current prices,2015,,992.05,,A,Normal value,0,Units,1,One,_Z,Not applicable,,
DATAFLOW,OECD.ELS.SPD:DSD_SOCX_AGG@DF_SOCX_AGG(1.0),Social expenditure aggregates,I,IRL,Ireland,A,Annual,SOCX,Social expenditure,USD_PPP_PS,"US dollars per person, PPP converted",ES10,Public,C,In cash spending,TP31,Incapacity related,V,Current prices,2016,,1033.242,,A,Normal value,0,Units,1,One,_Z,Not applicable,,
DATAFLOW,OECD.ELS.SPD:DSD_SOCX_AGG@DF_SOCX_AGG(1.0),Social expenditure aggregates,I,IRL,Ireland,A,Annual,SOCX,Social expenditure,USD_PPP_PS,"US dollars per person, PPP converted",ES10,Public,C,In cash spending,TP31,Incapacity related,V,Current prices,2017,,1083.15,,A,Normal value,0,Units,1,One,_Z,Not applicable,,
DATAFLOW,OECD.ELS.SPD:DSD_SOCX_AGG@DF_SOCX_AGG(1.0),Social expenditure aggregates,I,IRL,Ireland,A,Annual,SOCX,Social expenditure,USD_PPP_PS,"US dollars per person, PPP converted",ES10,Public,C,In cash spending,TP31,Incapacity related,V,Current prices,2018,,1141.787,,A,Normal value,0,Units,1,One,_Z,Not applicable,,
DATAFLOW,OECD.ELS.SPD:DSD_SOCX_AGG@DF_SOCX_AGG(1.0),Social expenditure aggregates,I,IRL,Ireland,A,Annual,SOCX,Social expenditure,USD_PPP_PS,"US dollars per person, PPP converted",ES10,Public,C,In cash spending,TP31,Incapacity related,V,Current prices,2019,,1178.847,,A,Normal value,0,Units,1,One,_Z,Not applicable,,
DATAFLOW,OECD.ELS.SPD:DSD_SOCX_AGG@DF_SOCX_AGG(1.0),Social expenditure aggregates,I,IRL,Ireland,A,Annual,SOCX,Social expenditure,USD_PPP_PS,"US dollars per person, PPP converted",ES10,Public,C,In cash spending,TP31,Incapacity related,V,Current prices,2020,,1294.052,,A,Normal value,0,Units,1,One,_Z,Not applicable,,
DATAFLOW,OECD.ELS.SPD:DSD_SOCX_AGG@DF_SOCX_AGG(1.0),Social expenditure aggregates,I,IRL,Ireland,A,Annual,SOCX,Social expenditure,USD_PPP_PS,"US dollars per person, PPP converted",ES10,Public,C,In cash spending,TP31,Incapacity related,V,Current prices,2021,,1319.798,,A,Normal value,0,Units,1,One,_Z,Not applicable,,
DATAFLOW,OECD.ELS.SPD:DSD_SOCX_AGG@DF_SOCX_AGG(1.0),Social expenditure aggregates,I,IRL,Ireland,A,Annual,SOCX,Social expenditure,USD_PPP_PS,"US dollars per person, PPP converted",ES10,Public,K,In kind spending,TP31,Incapacity related,V,Current prices,1990,,5.739,,A,Normal value,0,Units,1,One,_Z,Not applicable,,
DATAFLOW,OECD.ELS.SPD:DSD_SOCX_AGG@DF_SOCX_AGG(1.0),Social expenditure aggregates,I,IRL,Ireland,A,Annual,SOCX,Social expenditure,USD_PPP_PS,"US dollars per person, PPP converted",ES10,Public,K,In kind spending,TP31,Incapacity related,V,Current prices,1991,,6.472,,A,Normal value,0,Units,1,One,_Z,Not applicable,,
DATAFLOW,OECD.ELS.SPD:DSD_SOCX_AGG@DF_SOCX_AGG(1.0),Social expenditure aggregates,I,IRL,Ireland,A,Annual,SOCX,Social expenditure,USD_PPP_PS,"US dollars per person, PPP converted",ES10,Public,K,In kind spending,TP31,Incapacity related,V,Current prices,1992,,6.584,,A,Normal value,0,Units,1,One,_Z,Not applicable,,
DATAFLOW,OECD.ELS.SPD:DSD_SOCX_AGG@DF_SOCX_AGG(1.0),Social expenditure aggregates,I,IRL,Ireland,A,Annual,SOCX,Social expenditure,USD_PPP_PS,"US dollars per person, PPP converted",ES10,Public,K,In kind spending,TP31,Incapacity related,V,Current prices,1993,,6.512,,A,Normal value,0,Units,1,One,_Z,Not applicable,,
DATAFLOW,OECD.ELS.SPD:DSD_SOCX_AGG@DF_SOCX_AGG(1.0),Social expenditure aggregates,I,IRL,Ireland,A,Annual,SOCX,Social expenditure,USD_PPP_PS,"US dollars per person, PPP converted",ES10,Public,K,In kind spending,TP31,Incapacity related,V,Current prices,1994,,6.593,,A,Normal value,0,Units,1,One,_Z,Not applicable,,
DATAFLOW,OECD.ELS.SPD:DSD_SOCX_AGG@DF_SOCX_AGG(1.0),Social expenditure aggregates,I,IRL,Ireland,A,Annual,SOCX,Social expenditure,USD_PPP_PS,"US dollars per person, PPP converted",ES10,Public,K,In kind spending,TP31,Incapacity related,V,Current prices,1995,,11.588,,A,Normal value,0,Units,1,One,_Z,Not applicable,,
DATAFLOW,OECD.ELS.SPD:DSD_SOCX_AGG@DF_SOCX_AGG(1.0),Social expenditure aggregates,I,IRL,Ireland,A,Annual,SOCX,Social expenditure,USD_PPP_PS,"US dollars per person, PPP converted",ES10,Public,K,In kind spending,TP31,Incapacity related,V,Current prices,1996,,12.039,,A,Normal value,0,Units,1,One,_Z,Not applicable,,
DATAFLOW,OECD.ELS.SPD:DSD_SOCX_AGG@DF_SOCX_AGG(1.0),Social expenditure aggregates,I,IRL,Ireland,A,Annual,SOCX,Social expenditure,USD_PPP_PS,"US dollars per person, PPP converted",ES10,Public,K,In kind spending,TP31,Incapacity related,V,Current prices,1997,,12.291,,A,Normal value,0,Units,1,One,_Z,Not applicable,,
DATAFLOW,OECD.ELS.SPD:DSD_SOCX_AGG@DF_SOCX_AGG(1.0),Social expenditure aggregates,I,IRL,Ireland,A,Annual,SOCX,Social expenditure,USD_PPP_PS,"US dollars per person, PPP converted",ES10,Public,K,In kind spending,TP31,Incapacity related,V,Current prices,1998,,12.348,,A,Normal value,0,Units,1,One,_Z,Not applicable,,
DATAFLOW,OECD.ELS.SPD:DSD_SOCX_AGG@DF_SOCX_AGG(1.0),Social expenditure aggregates,I,IRL,Ireland,A,Annual,SOCX,Social expenditure,USD_PPP_PS,"US dollars per person, PPP converted",ES10,Public,K,In kind spending,TP31,Incapacity related,V,Current prices,1999,,14.863,,A,Normal value,0,Units,1,One,_Z,Not applicable,,
DATAFLOW,OECD.ELS.SPD:DSD_SOCX_AGG@DF_SOCX_AGG(1.0),Social expenditure aggregates,I,IRL,Ireland,A,Annual,SOCX,Social expenditure,USD_PPP_PS,"US dollars per person, PPP converted",ES10,Public,K,In kind spending,TP31,Incapacity related,V,Current prices,2000,,8.52,,A,Normal value,0,Units,1,One,_Z,Not applicable,,
DATAFLOW,OECD.ELS.SPD:DSD_SOCX_AGG@DF_SOCX_AGG(1.0),Social expenditure aggregates,I,IRL,Ireland,A,Annual,SOCX,Social expenditure,USD_PPP_PS,"US dollars per person, PPP converted",ES10,Public,K,In kind spending,TP31,Incapacity related,V,Current prices,2001,,8.507,,A,Normal value,0,Units,1,One,_Z,Not applicable,,
DATAFLOW,OECD.ELS.SPD:DSD_SOCX_AGG@DF_SOCX_AGG(1.0),Social expenditure aggregates,I,IRL,Ireland,A,Annual,SOCX,Social expenditure,USD_PPP_PS,"US dollars per person, PPP converted",ES10,Public,K,In kind spending,TP31,Incapacity related,V,Current prices,2002,,12.841,,A,Normal value,0,Units,1,One,_Z,Not applicable,,
DATAFLOW,OECD.ELS.SPD:DSD_SOCX_AGG@DF_SOCX_AGG(1.0),Social expenditure aggregates,I,IRL,Ireland,A,Annual,SOCX,Social expenditure,USD_PPP_PS,"US dollars per person, PPP converted",ES10,Public,K,In kind spending,TP31,Incapacity related,V,Current prices,2003,,14.126,,A,Normal value,0,Units,1,One,_Z,Not applicable,,
DATAFLOW,OECD.ELS.SPD:DSD_SOCX_AGG@DF_SOCX_AGG(1.0),Social expenditure aggregates,I,IRL,Ireland,A,Annual,SOCX,Social expenditure,USD_PPP_PS,"US dollars per person, PPP converted",ES10,Public,K,In kind spending,TP31,Incapacity related,V,Current prices,2004,,14.963,,A,Normal value,0,Units,1,One,_Z,Not applicable,,
DATAFLOW,OECD.ELS.SPD:DSD_SOCX_AGG@DF_SOCX_AGG(1.0),Social expenditure aggregates,I,IRL,Ireland,A,Annual,SOCX,Social expenditure,USD_PPP_PS,"US dollars per person, PPP converted",ES10,Public,K,In kind spending,TP31,Incapacity related,V,Current prices,2005,,15.045,,A,Normal value,0,Units,1,One,_Z,Not applicable,,
DATAFLOW,OECD.ELS.SPD:DSD_SOCX_AGG@DF_SOCX_AGG(1.0),Social expenditure aggregates,I,IRL,Ireland,A,Annual,SOCX,Social expenditure,USD_PPP_PS,"US dollars per person, PPP converted",ES10,Public,K,In kind spending,TP31,Incapacity related,V,Current prices,2006,,17.712,,A,Normal value,0,Units,1,One,_Z,Not applicable,,
DATAFLOW,OECD.ELS.SPD:DSD_SOCX_AGG@DF_SOCX_AGG(1.0),Social expenditure aggregates,I,IRL,Ireland,A,Annual,SOCX,Social expenditure,USD_PPP_PS,"US dollars per person, PPP converted",ES10,Public,K,In kind spending,TP31,Incapacity related,V,Current prices,2007,,21.13,,A,Normal value,0,Units,1,One,_Z,Not applicable,,
DATAFLOW,OECD.ELS.SPD:DSD_SOCX_AGG@DF_SOCX_AGG(1.0),Social expenditure aggregates,I,IRL,Ireland,A,Annual,SOCX,Social expenditure,USD_PPP_PS,"US dollars per person, PPP converted",ES10,Public,K,In kind spending,TP31,Incapacity related,V,Current prices,2008,,23.268,,A,Normal value,0,Units,1,One,_Z,Not applicable,,
DATAFLOW,OECD.ELS.SPD:DSD_SOCX_AGG@DF_SOCX_AGG(1.0),Social expenditure aggregates,I,IRL,Ireland,A,Annual,SOCX,Social expenditure,USD_PPP_PS,"US dollars per person, PPP converted",ES10,Public,K,In kind spending,TP31,Incapacity related,V,Current prices,2009,,26.205,,A,Normal value,0,Units,1,One,_Z,Not applicable,,
DATAFLOW,OECD.ELS.SPD:DSD_SOCX_AGG@DF_SOCX_AGG(1.0),Social expenditure aggregates,I,IRL,Ireland,A,Annual,SOCX,Social expenditure,USD_PPP_PS,"US dollars per person, PPP converted",ES10,Public,K,In kind spending,TP31,Incapacity related,V,Current prices,2010,,29.619,,A,Normal value,0,Units,1,One,_Z,Not applicable,,
DATAFLOW,OECD.ELS.SPD:DSD_SOCX_AGG@DF_SOCX_AGG(1.0),Social expenditure aggregates,I,IRL,Ireland,A,Annual,SOCX,Social expenditure,USD_PPP_PS,"US dollars per person, PPP converted",ES10,Public,K,In kind spending,TP31,Incapacity related,V,Current prices,2011,,30.388,,A,Normal value,0,Units,1,One,_Z,Not applicable,,
DATAFLOW,OECD.ELS.SPD:DSD_SOCX_AGG@DF_SOCX_AGG(1.0),Social expenditure aggregates,I,IRL,Ireland,A,Annual,SOCX,Social expenditure,USD_PPP_PS,"US dollars per person, PPP converted",ES10,Public,K,In kind spending,TP31,Incapacity related,V,Current prices,2012,,27.613,,A,Normal value,0,Units,1,One,_Z,Not applicable,,
DATAFLOW,OECD.ELS.SPD:DSD_SOCX_AGG@DF_SOCX_AGG(1.0),Social expenditure aggregates,I,IRL,Ireland,A,Annual,SOCX,Social expenditure,USD_PPP_PS,"US dollars per person, PPP converted",ES10,Public,K,In kind spending,TP31,Incapacity related,V,Current prices,2013,,26.564,,A,Normal value,0,Units,1,One,_Z,Not applicable,,
DATAFLOW,OECD.ELS.SPD:DSD_SOCX_AGG@DF_SOCX_AGG(1.0),Social expenditure aggregates,I,IRL,Ireland,A,Annual,SOCX,Social expenditure,USD_PPP_PS,"US dollars per person, PPP converted",ES10,Public,K,In kind spending,TP31,Incapacity related,V,Current prices,2014,,24.101,,A,Normal value,0,Units,1,One,_Z,Not applicable,,
DATAFLOW,OECD.ELS.SPD:DSD_SOCX_AGG@DF_SOCX_AGG(1.0),Social expenditure aggregates,I,IRL,Ireland,A,Annual,SOCX,Social expenditure,USD_PPP_PS,"US dollars per person, PPP converted",ES10,Public,K,In kind spending,TP31,Incapacity related,V,Current prices,2015,,23.711,,A,Normal value,0,Units,1,One,_Z,Not applicable,,
DATAFLOW,OECD.ELS.SPD:DSD_SOCX_AGG@DF_SOCX_AGG(1.0),Social expenditure aggregates,I,IRL,Ireland,A,Annual,SOCX,Social expenditure,USD_PPP_PS,"US dollars per person, PPP converted",ES10,Public,K,In kind spending,TP31,Incapacity related,V,Current prices,2016,,25.908,,A,Normal value,0,Units,1,One,_Z,Not applicable,,
DATAFLOW,OECD.ELS.SPD:DSD_SOCX_AGG@DF_SOCX_AGG(1.0),Social expenditure aggregates,I,IRL,Ireland,A,Annual,SOCX,Social expenditure,USD_PPP_PS,"US dollars per person, PPP converted",ES10,Public,K,In kind spending,TP31,Incapacity related,V,Current prices,2017,,26.708,,A,Normal value,0,Units,1,One,_Z,Not applicable,,
DATAFLOW,OECD.ELS.SPD:DSD_SOCX_AGG@DF_SOCX_AGG(1.0),Social expenditure aggregates,I,IRL,Ireland,A,Annual,SOCX,Social expenditure,USD_PPP_PS,"US dollars per person, PPP converted",ES10,Public,K,In kind spending,TP31,Incapacity related,V,Current prices,2018,,28.307,,A,Normal value,0,Units,1,One,_Z,Not applicable,,
DATAFLOW,OECD.ELS.SPD:DSD_SOCX_AGG@DF_SOCX_AGG(1.0),Social expenditure aggregates,I,IRL,Ireland,A,Annual,SOCX,Social expenditure,USD_PPP_PS,"US dollars per person, PPP converted",ES10,Public,K,In kind spending,TP31,Incapacity related,V,Current prices,2019,,30.369,,A,Normal value,0,Units,1,One,_Z,Not applicable,,
DATAFLOW,OECD.ELS.SPD:DSD_SOCX_AGG@DF_SOCX_AGG(1.0),Social expenditure aggregates,I,IRL,Ireland,A,Annual,SOCX,Social expenditure,USD_PPP_PS,"US dollars per person, PPP converted",ES10,Public,K,In kind spending,TP31,Incapacity related,V,Current prices,2020,,35.823,,A,Normal value,0,Units,1,One,_Z,Not applicable,,
DATAFLOW,OECD.ELS.SPD:DSD_SOCX_AGG@DF_SOCX_AGG(1.0),Social expenditure aggregates,I,IRL,Ireland,A,Annual,SOCX,Social expenditure,USD_PPP_PS,"US dollars per person, PPP converted",ES10,Public,K,In kind spending,TP31,Incapacity related,V,Current prices,2021,,38.31,,A,Normal value,0,Units,1,One,_Z,Not applicable,,
DATAFLOW,OECD.ELS.SPD:DSD_SOCX_AGG@DF_SOCX_AGG(1.0),Social expenditure aggregates,I,IRL,Ireland,A,Annual,SOCX,Social expenditure,USD_PPP_PS,"US dollars per person, PPP converted",ES10,Public,_T,Total,TP31,Incapacity related,V,Current prices,1990,,236.738,,A,Normal value,0,Units,1,One,_Z,Not applicable,,
DATAFLOW,OECD.ELS.SPD:DSD_SOCX_AGG@DF_SOCX_AGG(1.0),Social expenditure aggregates,I,IRL,Ireland,A,Annual,SOCX,Social expenditure,USD_PPP_PS,"US dollars per person, PPP converted",ES10,Public,_T,Total,TP31,Incapacity related,V,Current prices,1991,,255.045,,A,Normal value,0,Units,1,One,_Z,Not applicable,,
DATAFLOW,OECD.ELS.SPD:DSD_SOCX_AGG@DF_SOCX_AGG(1.0),Social expenditure aggregates,I,IRL,Ireland,A,Annual,SOCX,Social expenditure,USD_PPP_PS,"US dollars per person, PPP converted",ES10,Public,_T,Total,TP31,Incapacity related,V,Current prices,1992,,268.537,,A,Normal value,0,Units,1,One,_Z,Not applicable,,
DATAFLOW,OECD.ELS.SPD:DSD_SOCX_AGG@DF_SOCX_AGG(1.0),Social expenditure aggregates,I,IRL,Ireland,A,Annual,SOCX,Social expenditure,USD_PPP_PS,"US dollars per person, PPP converted",ES10,Public,_T,Total,TP31,Incapacity related,V,Current prices,1993,,273.093,,A,Normal value,0,Units,1,One,_Z,Not applicable,,
DATAFLOW,OECD.ELS.SPD:DSD_SOCX_AGG@DF_SOCX_AGG(1.0),Social expenditure aggregates,I,IRL,Ireland,A,Annual,SOCX,Social expenditure,USD_PPP_PS,"US dollars per person, PPP converted",ES10,Public,_T,Total,TP31,Incapacity related,V,Current prices,1994,,278.993,,A,Normal value,0,Units,1,One,_Z,Not applicable,,
DATAFLOW,OECD.ELS.SPD:DSD_SOCX_AGG@DF_SOCX_AGG(1.0),Social expenditure aggregates,I,IRL,Ireland,A,Annual,SOCX,Social expenditure,USD_PPP_PS,"US dollars per person, PPP converted",ES10,Public,_T,Total,TP31,Incapacity related,V,Current prices,1995,,359.227,,A,Normal value,0,Units,1,One,_Z,Not applicable,,
DATAFLOW,OECD.ELS.SPD:DSD_SOCX_AGG@DF_SOCX_AGG(1.0),Social expenditure aggregates,I,IRL,Ireland,A,Annual,SOCX,Social expenditure,USD_PPP_PS,"US dollars per person, PPP converted",ES10,Public,_T,Total,TP31,Incapacity related,V,Current prices,1996,,327.898,,A,Normal value,0,Units,1,One,_Z,Not applicable,,
DATAFLOW,OECD.ELS.SPD:DSD_SOCX_AGG@DF_SOCX_AGG(1.0),Social expenditure aggregates,I,IRL,Ireland,A,Annual,SOCX,Social expenditure,USD_PPP_PS,"US dollars per person, PPP converted",ES10,Public,_T,Total,TP31,Incapacity related,V,Current prices,1997,,325.952,,A,Normal value,0,Units,1,One,_Z,Not applicable,,
DATAFLOW,OECD.ELS.SPD:DSD_SOCX_AGG@DF_SOCX_AGG(1.0),Social expenditure aggregates,I,IRL,Ireland,A,Annual,SOCX,Social expenditure,USD_PPP_PS,"US dollars per person, PPP converted",ES10,Public,_T,Total,TP31,Incapacity related,V,Current prices,1998,,341.368,,A,Normal value,0,Units,1,One,_Z,Not applicable,,
DATAFLOW,OECD.ELS.SPD:DSD_SOCX_AGG@DF_SOCX_AGG(1.0),Social expenditure aggregates,I,IRL,Ireland,A,Annual,SOCX,Social expenditure,USD_PPP_PS,"US dollars per person, PPP converted",ES10,Public,_T,Total,TP31,Incapacity related,V,Current prices,1999,,344.683,,A,Normal value,0,Units,1,One,_Z,Not applicable,,
DATAFLOW,OECD.ELS.SPD:DSD_SOCX_AGG@DF_SOCX_AGG(1.0),Social expenditure aggregates,I,IRL,Ireland,A,Annual,SOCX,Social expenditure,USD_PPP_PS,"US dollars per person, PPP converted",ES10,Public,_T,Total,TP31,Incapacity related,V,Current prices,2000,,347.897,,A,Normal value,0,Units,1,One,_Z,Not applicable,,
DATAFLOW,OECD.ELS.SPD:DSD_SOCX_AGG@DF_SOCX_AGG(1.0),Social expenditure aggregates,I,IRL,Ireland,A,Annual,SOCX,Social expenditure,USD_PPP_PS,"US dollars per person, PPP converted",ES10,Public,_T,Total,TP31,Incapacity related,V,Current prices,2001,,391.011,,A,Normal value,0,Units,1,One,_Z,Not applicable,,
DATAFLOW,OECD.ELS.SPD:DSD_SOCX_AGG@DF_SOCX_AGG(1.0),Social expenditure aggregates,I,IRL,Ireland,A,Annual,SOCX,Social expenditure,USD_PPP_PS,"US dollars per person, PPP converted",ES10,Public,_T,Total,TP31,Incapacity related,V,Current prices,2002,,449.905,,A,Normal value,0,Units,1,One,_Z,Not applicable,,
DATAFLOW,OECD.ELS.SPD:DSD_SOCX_AGG@DF_SOCX_AGG(1.0),Social expenditure aggregates,I,IRL,Ireland,A,Annual,SOCX,Social expenditure,USD_PPP_PS,"US dollars per person, PPP converted",ES10,Public,_T,Total,TP31,Incapacity related,V,Current prices,2003,,483.703,,A,Normal value,0,Units,1,One,_Z,Not applicable,,
DATAFLOW,OECD.ELS.SPD:DSD_SOCX_AGG@DF_SOCX_AGG(1.0),Social expenditure aggregates,I,IRL,Ireland,A,Annual,SOCX,Social expenditure,USD_PPP_PS,"US dollars per person, PPP converted",ES10,Public,_T,Total,TP31,Incapacity related,V,Current prices,2004,,541.659,,A,Normal value,0,Units,1,One,_Z,Not applicable,,
DATAFLOW,OECD.ELS.SPD:DSD_SOCX_AGG@DF_SOCX_AGG(1.0),Social expenditure aggregates,I,IRL,Ireland,A,Annual,SOCX,Social expenditure,USD_PPP_PS,"US dollars per person, PPP converted",ES10,Public,_T,Total,TP31,Incapacity related,V,Current prices,2005,,586.201,,A,Normal value,0,Units,1,One,_Z,Not applicable,,
DATAFLOW,OECD.ELS.SPD:DSD_SOCX_AGG@DF_SOCX_AGG(1.0),Social expenditure aggregates,I,IRL,Ireland,A,Annual,SOCX,Social expenditure,USD_PPP_PS,"US dollars per person, PPP converted",ES10,Public,_T,Total,TP31,Incapacity related,V,Current prices,2006,,678.761,,A,Normal value,0,Units,1,One,_Z,Not applicable,,
DATAFLOW,OECD.ELS.SPD:DSD_SOCX_AGG@DF_SOCX_AGG(1.0),Social expenditure aggregates,I,IRL,Ireland,A,Annual,SOCX,Social expenditure,USD_PPP_PS,"US dollars per person, PPP converted",ES10,Public,_T,Total,TP31,Incapacity related,V,Current prices,2007,,779.055,,A,Normal value,0,Units,1,One,_Z,Not applicable,,
DATAFLOW,OECD.ELS.SPD:DSD_SOCX_AGG@DF_SOCX_AGG(1.0),Social expenditure aggregates,I,IRL,Ireland,A,Annual,SOCX,Social expenditure,USD_PPP_PS,"US dollars per person, PPP converted",ES10,Public,_T,Total,TP31,Incapacity related,V,Current prices,2008,,875.656,,A,Normal value,0,Units,1,One,_Z,Not applicable,,
DATAFLOW,OECD.ELS.SPD:DSD_SOCX_AGG@DF_SOCX_AGG(1.0),Social expenditure aggregates,I,IRL,Ireland,A,Annual,SOCX,Social expenditure,USD_PPP_PS,"US dollars per person, PPP converted",ES10,Public,_T,Total,TP31,Incapacity related,V,Current prices,2009,,957.228,,A,Normal value,0,Units,1,One,_Z,Not applicable,,
DATAFLOW,OECD.ELS.SPD:DSD_SOCX_AGG@DF_SOCX_AGG(1.0),Social expenditure aggregates,I,IRL,Ireland,A,Annual,SOCX,Social expenditure,USD_PPP_PS,"US dollars per person, PPP converted",ES10,Public,_T,Total,TP31,Incapacity related,V,Current prices,2010,,1022.486,,A,Normal value,0,Units,1,One,_Z,Not applicable,,
DATAFLOW,OECD.ELS.SPD:DSD_SOCX_AGG@DF_SOCX_AGG(1.0),Social expenditure aggregates,I,IRL,Ireland,A,Annual,SOCX,Social expenditure,USD_PPP_PS,"US dollars per person, PPP converted",ES10,Public,_T,Total,TP31,Incapacity related,V,Current prices,2011,,999.958,,A,Normal value,0,Units,1,One,_Z,Not applicable,,
DATAFLOW,OECD.ELS.SPD:DSD_SOCX_AGG@DF_SOCX_AGG(1.0),Social expenditure aggregates,I,IRL,Ireland,A,Annual,SOCX,Social expenditure,USD_PPP_PS,"US dollars per person, PPP converted",ES10,Public,_T,Total,TP31,Incapacity related,V,Current prices,2012,,978.377,,A,Normal value,0,Units,1,One,_Z,Not applicable,,
DATAFLOW,OECD.ELS.SPD:DSD_SOCX_AGG@DF_SOCX_AGG(1.0),Social expenditure aggregates,I,IRL,Ireland,A,Annual,SOCX,Social expenditure,USD_PPP_PS,"US dollars per person, PPP converted",ES10,Public,_T,Total,TP31,Incapacity related,V,Current prices,2013,,1005.622,,A,Normal value,0,Units,1,One,_Z,Not applicable,,
DATAFLOW,OECD.ELS.SPD:DSD_SOCX_AGG@DF_SOCX_AGG(1.0),Social expenditure aggregates,I,IRL,Ireland,A,Annual,SOCX,Social expenditure,USD_PPP_PS,"US dollars per person, PPP converted",ES10,Public,_T,Total,TP31,Incapacity related,V,Current prices,2014,,979.546,,A,Normal value,0,Units,1,One,_Z,Not applicable,,
DATAFLOW,OECD.ELS.SPD:DSD_SOCX_AGG@DF_SOCX_AGG(1.0),Social expenditure aggregates,I,IRL,Ireland,A,Annual,SOCX,Social expenditure,USD_PPP_PS,"US dollars per person, PPP converted",ES10,Public,_T,Total,TP31,Incapacity related,V,Current prices,2015,,1015.76,,A,Normal value,0,Units,1,One,_Z,Not applicable,,
DATAFLOW,OECD.ELS.SPD:DSD_SOCX_AGG@DF_SOCX_AGG(1.0),Social expenditure aggregates,I,IRL,Ireland,A,Annual,SOCX,Social expenditure,USD_PPP_PS,"US dollars per person, PPP converted",ES10,Public,_T,Total,TP31,Incapacity related,V,Current prices,2016,,1059.15,,A,Normal value,0,Units,1,One,_Z,Not applicable,,
DATAFLOW,OECD.ELS.SPD:DSD_SOCX_AGG@DF_SOCX_AGG(1.0),Social expenditure aggregates,I,IRL,Ireland,A,Annual,SOCX,Social expenditure,USD_PPP_PS,"US dollars per person, PPP converted",ES10,Public,_T,Total,TP31,Incapacity related,V,Current prices,2017,,1109.858,,A,Normal value,0,Units,1,One,_Z,Not applicable,,
DATAFLOW,OECD.ELS.SPD:DSD_SOCX_AGG@DF_SOCX_AGG(1.0),Social expenditure aggregates,I,IRL,Ireland,A,Annual,SOCX,Social expenditure,USD_PPP_PS,"US dollars per person, PPP converted",ES10,Public,_T,Total,TP31,Incapacity related,V,Current prices,2018,,1170.094,,A,Normal value,0,Units,1,One,_Z,Not applicable,,
DATAFLOW,OECD.ELS.SPD:DSD_SOCX_AGG@DF_SOCX_AGG(1.0),Social expenditure aggregates,I,IRL,Ireland,A,Annual,SOCX,Social expenditure,USD_PPP_PS,"US dollars per person, PPP converted",ES10,Public,_T,Total,TP31,Incapacity related,V,Current prices,2019,,1209.216,,A,Normal value,0,Units,1,One,_Z,Not applicable,,
DATAFLOW,OECD.ELS.SPD:DSD_SOCX_AGG@DF_SOCX_AGG(1.0),Social expenditure aggregates,I,IRL,Ireland,A,Annual,SOCX,Social expenditure,USD_PPP_PS,"US dollars per person, PPP converted",ES10,Public,_T,Total,TP31,Incapacity related,V,Current prices,2020,,1329.875,,A,Normal value,0,Units,1,One,_Z,Not applicable,,
DATAFLOW,OECD.ELS.SPD:DSD_SOCX_AGG@DF_SOCX_AGG(1.0),Social expenditure aggregates,I,IRL,Ireland,A,Annual,SOCX,Social expenditure,USD_PPP_PS,"US dollars per person, PPP converted",ES10,Public,_T,Total,TP31,Incapacity related,V,Current prices,2021,,1358.108,,A,Normal value,0,Units,1,One,_Z,Not applicable,,
DATAFLOW,OECD.ELS.SPD:DSD_SOCX_AGG@DF_SOCX_AGG(1.0),Social expenditure aggregates,I,NZL,New Zealand,A,Annual,SOCX,Social expenditure,USD_PPP_PS,"US dollars per person, PPP converted",ES10,Public,_T,Total,TP31,Incapacity related,V,Current prices,1990,,409.464,,A,Normal value,0,Units,1,One,_Z,Not applicable,,
DATAFLOW,OECD.ELS.SPD:DSD_SOCX_AGG@DF_SOCX_AGG(1.0),Social expenditure aggregates,I,NZL,New Zealand,A,Annual,SOCX,Social expenditure,USD_PPP_PS,"US dollars per person, PPP converted",ES10,Public,_T,Total,TP31,Incapacity related,V,Current prices,1991,,414.237,,A,Normal value,0,Units,1,One,_Z,Not applicable,,
DATAFLOW,OECD.ELS.SPD:DSD_SOCX_AGG@DF_SOCX_AGG(1.0),Social expenditure aggregates,I,NZL,New Zealand,A,Annual,SOCX,Social expenditure,USD_PPP_PS,"US dollars per person, PPP converted",ES10,Public,_T,Total,TP31,Incapacity related,V,Current prices,1992,,450.648,,A,Normal value,0,Units,1,One,_Z,Not applicable,,
DATAFLOW,OECD.ELS.SPD:DSD_SOCX_AGG@DF_SOCX_AGG(1.0),Social expenditure aggregates,I,NZL,New Zealand,A,Annual,SOCX,Social expenditure,USD_PPP_PS,"US dollars per person, PPP converted",ES10,Public,_T,Total,TP31,Incapacity related,V,Current prices,1993,,452.049,,A,Normal value,0,Units,1,One,_Z,Not applicable,,
DATAFLOW,OECD.ELS.SPD:DSD_SOCX_AGG@DF_SOCX_AGG(1.0),Social expenditure aggregates,I,NZL,New Zealand,A,Annual,SOCX,Social expenditure,USD_PPP_PS,"US dollars per person, PPP converted",ES10,Public,_T,Total,TP31,Incapacity related,V,Current prices,1994,,458.362,,A,Normal value,0,Units,1,One,_Z,Not applicable,,
DATAFLOW,OECD.ELS.SPD:DSD_SOCX_AGG@DF_SOCX_AGG(1.0),Social expenditure aggregates,I,NZL,New Zealand,A,Annual,SOCX,Social expenditure,USD_PPP_PS,"US dollars per person, PPP converted",ES10,Public,_T,Total,TP31,Incapacity related,V,Current prices,1995,,463.472,,A,Normal value,0,Units,1,One,_Z,Not applicable,,
DATAFLOW,OECD.ELS.SPD:DSD_SOCX_AGG@DF_SOCX_AGG(1.0),Social expenditure aggregates,I,NZL,New Zealand,A,Annual,SOCX,Social expenditure,USD_PPP_PS,"US dollars per person, PPP converted",ES10,Public,_T,Total,TP31,Incapacity related,V,Current prices,1996,,484.46,,A,Normal value,0,Units,1,One,_Z,Not applicable,,
DATAFLOW,OECD.ELS.SPD:DSD_SOCX_AGG@DF_SOCX_AGG(1.0),Social expenditure aggregates,I,NZL,New Zealand,A,Annual,SOCX,Social expenditure,USD_PPP_PS,"US dollars per person, PPP converted",ES10,Public,_T,Total,TP31,Incapacity related,V,Current prices,1997,,536.297,,A,Normal value,0,Units,1,One,_Z,Not applicable,,
DATAFLOW,OECD.ELS.SPD:DSD_SOCX_AGG@DF_SOCX_AGG(1.0),Social expenditure aggregates,I,NZL,New Zealand,A,Annual,SOCX,Social expenditure,USD_PPP_PS,"US dollars per person, PPP converted",ES10,Public,_T,Total,TP31,Incapacity related,V,Current prices,1998,,522.579,,A,Normal value,0,Units,1,One,_Z,Not applicable,,
DATAFLOW,OECD.ELS.SPD:DSD_SOCX_AGG@DF_SOCX_AGG(1.0),Social expenditure aggregates,I,NZL,New Zealand,A,Annual,SOCX,Social expenditure,USD_PPP_PS,"US dollars per person, PPP converted",ES10,Public,_T,Total,TP31,Incapacity related,V,Current prices,1999,,526.39,,A,Normal value,0,Units,1,One,_Z,Not applicable,,
DATAFLOW,OECD.ELS.SPD:DSD_SOCX_AGG@DF_SOCX_AGG(1.0),Social expenditure aggregates,I,NZL,New Zealand,A,Annual,SOCX,Social expenditure,USD_PPP_PS,"US dollars per person, PPP converted",ES10,Public,_T,Total,TP31,Incapacity related,V,Current prices,2000,,559.963,,A,Normal value,0,Units,1,One,_Z,Not applicable,,
DATAFLOW,OECD.ELS.SPD:DSD_SOCX_AGG@DF_SOCX_AGG(1.0),Social expenditure aggregates,I,NZL,New Zealand,A,Annual,SOCX,Social expenditure,USD_PPP_PS,"US dollars per person, PPP converted",ES10,Public,_T,Total,TP31,Incapacity related,V,Current prices,2001,,589.061,,A,Normal value,0,Units,1,One,_Z,Not applicable,,
DATAFLOW,OECD.ELS.SPD:DSD_SOCX_AGG@DF_SOCX_AGG(1.0),Social expenditure aggregates,I,NZL,New Zealand,A,Annual,SOCX,Social expenditure,USD_PPP_PS,"US dollars per person, PPP converted",ES10,Public,_T,Total,TP31,Incapacity related,V,Current prices,2002,,622.409,,A,Normal value,0,Units,1,One,_Z,Not applicable,,
DATAFLOW,OECD.ELS.SPD:DSD_SOCX_AGG@DF_SOCX_AGG(1.0),Social expenditure aggregates,I,NZL,New Zealand,A,Annual,SOCX,Social expenditure,USD_PPP_PS,"US dollars per person, PPP converted",ES10,Public,_T,Total,TP31,Incapacity related,V,Current prices,2003,,648.263,,A,Normal value,0,Units,1,One,_Z,Not applicable,,
DATAFLOW,OECD.ELS.SPD:DSD_SOCX_AGG@DF_SOCX_AGG(1.0),Social expenditure aggregates,I,NZL,New Zealand,A,Annual,SOCX,Social expenditure,USD_PPP_PS,"US dollars per person, PPP converted",ES10,Public,_T,Total,TP31,Incapacity related,V,Current prices,2004,,679.478,,A,Normal value,0,Units,1,One,_Z,Not applicable,,
DATAFLOW,OECD.ELS.SPD:DSD_SOCX_AGG@DF_SOCX_AGG(1.0),Social expenditure aggregates,I,NZL,New Zealand,A,Annual,SOCX,Social expenditure,USD_PPP_PS,"US dollars per person, PPP converted",ES10,Public,_T,Total,TP31,Incapacity related,V,Current prices,2005,,709.286,,A,Normal value,0,Units,1,One,_Z,Not applicable,,
DATAFLOW,OECD.ELS.SPD:DSD_SOCX_AGG@DF_SOCX_AGG(1.0),Social expenditure aggregates,I,NZL,New Zealand,A,Annual,SOCX,Social expenditure,USD_PPP_PS,"US dollars per person, PPP converted",ES10,Public,_T,Total,TP31,Incapacity related,V,Current prices,2006,,678.847,,A,Normal value,0,Units,1,One,_Z,Not applicable,,
DATAFLOW,OECD.ELS.SPD:DSD_SOCX_AGG@DF_SOCX_AGG(1.0),Social expenditure aggregates,I,NZL,New Zealand,A,Annual,SOCX,Social expenditure,USD_PPP_PS,"US dollars per person, PPP converted",ES10,Public,_T,Total,TP31,Incapacity related,V,Current prices,2007,,829.569,,A,Normal value,0,Units,1,One,_Z,Not applicable,,
DATAFLOW,OECD.ELS.SPD:DSD_SOCX_AGG@DF_SOCX_AGG(1.0),Social expenditure aggregates,I,NZL,New Zealand,A,Annual,SOCX,Social expenditure,USD_PPP_PS,"US dollars per person, PPP converted",ES10,Public,_T,Total,TP31,Incapacity related,V,Current prices,2008,,875.573,,A,Normal value,0,Units,1,One,_Z,Not applicable,,
DATAFLOW,OECD.ELS.SPD:DSD_SOCX_AGG@DF_SOCX_AGG(1.0),Social expenditure aggregates,I,NZL,New Zealand,A,Annual,SOCX,Social expenditure,USD_PPP_PS,"US dollars per person, PPP converted",ES10,Public,_T,Total,TP31,Incapacity related,V,Current prices,2009,,843.542,,A,Normal value,0,Units,1,One,_Z,Not applicable,,
DATAFLOW,OECD.ELS.SPD:DSD_SOCX_AGG@DF_SOCX_AGG(1.0),Social expenditure aggregates,I,NZL,New Zealand,A,Annual,SOCX,Social expenditure,USD_PPP_PS,"US dollars per person, PPP converted",ES10,Public,_T,Total,TP31,Incapacity related,V,Current prices,2010,,784.792,,A,Normal value,0,Units,1,One,_Z,Not applicable,,
DATAFLOW,OECD.ELS.SPD:DSD_SOCX_AGG@DF_SOCX_AGG(1.0),Social expenditure aggregates,I,NZL,New Zealand,A,Annual,SOCX,Social expenditure,USD_PPP_PS,"US dollars per person, PPP converted",ES10,Public,_T,Total,TP31,Incapacity related,V,Current prices,2011,,791.138,,A,Normal value,0,Units,1,One,_Z,Not applicable,,
DATAFLOW,OECD.ELS.SPD:DSD_SOCX_AGG@DF_SOCX_AGG(1.0),Social expenditure aggregates,I,NZL,New Zealand,A,Annual,SOCX,Social expenditure,USD_PPP_PS,"US dollars per person, PPP converted",ES10,Public,_T,Total,TP31,Incapacity related,V,Current prices,2012,,789.255,,A,Normal value,0,Units,1,One,_Z,Not applicable,,
DATAFLOW,OECD.ELS.SPD:DSD_SOCX_AGG@DF_SOCX_AGG(1.0),Social expenditure aggregates,I,NZL,New Zealand,A,Annual,SOCX,Social expenditure,USD_PPP_PS,"US dollars per person, PPP converted",ES10,Public,_T,Total,TP31,Incapacity related,V,Current prices,2013,,905.534,,A,Normal value,0,Units,1,One,_Z,Not applicable,,
DATAFLOW,OECD.ELS.SPD:DSD_SOCX_AGG@DF_SOCX_AGG(1.0),Social expenditure aggregates,I,NZL,New Zealand,A,Annual,SOCX,Social expenditure,USD_PPP_PS,"US dollars per person, PPP converted",ES10,Public,_T,Total,TP31,Incapacity related,V,Current prices,2014,,922.307,,A,Normal value,0,Units,1,One,_Z,Not applicable,,
DATAFLOW,OECD.ELS.SPD:DSD_SOCX_AGG@DF_SOCX_AGG(1.0),Social expenditure aggregates,I,NZL,New Zealand,A,Annual,SOCX,Social expenditure,USD_PPP_PS,"US dollars per person, PPP converted",ES10,Public,_T,Total,TP31,Incapacity related,V,Current prices,2015,,902.679,,A,Normal value,0,Units,1,One,_Z,Not applicable,,
DATAFLOW,OECD.ELS.SPD:DSD_SOCX_AGG@DF_SOCX_AGG(1.0),Social expenditure aggregates,I,NZL,New Zealand,A,Annual,SOCX,Social expenditure,USD_PPP_PS,"US dollars per person, PPP converted",ES10,Public,_T,Total,TP31,Incapacity related,V,Current prices,2016,,939.992,,A,Normal value,0,Units,1,One,_Z,Not applicable,,
DATAFLOW,OECD.ELS.SPD:DSD_SOCX_AGG@DF_SOCX_AGG(1.0),Social expenditure aggregates,I,NZL,New Zealand,A,Annual,SOCX,Social expenditure,USD_PPP_PS,"US dollars per person, PPP converted",ES10,Public,_T,Total,TP31,Incapacity related,V,Current prices,2017,,977.56,,A,Normal value,0,Units,1,One,_Z,Not applicable,,
DATAFLOW,OECD.ELS.SPD:DSD_SOCX_AGG@DF_SOCX_AGG(1.0),Social expenditure aggregates,I,NZL,New Zealand,A,Annual,SOCX,Social expenditure,USD_PPP_PS,"US dollars per person, PPP converted",ES10,Public,_T,Total,TP31,Incapacity related,V,Current prices,2018,,994.553,,A,Normal value,0,Units,1,One,_Z,Not applicable,,
DATAFLOW,OECD.ELS.SPD:DSD_SOCX_AGG@DF_SOCX_AGG(1.0),Social expenditure aggregates,I,NZL,New Zealand,A,Annual,SOCX,Social expenditure,USD_PPP_PS,"US dollars per person, PPP converted",ES10,Public,_T,Total,TP31,Incapacity related,V,Current prices,2019,,1062.628,,A,Normal value,0,Units,1,One,_Z,Not applicable,,
DATAFLOW,OECD.ELS.SPD:DSD_SOCX_AGG@DF_SOCX_AGG(1.0),Social expenditure aggregates,I,NZL,New Zealand,A,Annual,SOCX,Social expenditure,USD_PPP_PS,"US dollars per person, PPP converted",ES10,Public,_T,Total,TP31,Incapacity related,V,Current prices,2020,,1193.682,,A,Normal value,0,Units,1,One,_Z,Not applicable,,
DATAFLOW,OECD.ELS.SPD:DSD_SOCX_AGG@DF_SOCX_AGG(1.0),Social expenditure aggregates,I,NZL,New Zealand,A,Annual,SOCX,Social expenditure,USD_PPP_PS,"US dollars per person, PPP converted",ES10,Public,_T,Total,TP31,Incapacity related,V,Current prices,2021,,1246.058,,A,Normal value,0,Units,1,One,_Z,Not applicable,,
DATAFLOW,OECD.ELS.SPD:DSD_SOCX_AGG@DF_SOCX_AGG(1.0),Social expenditure aggregates,I,NZL,New Zealand,A,Annual,SOCX,Social expenditure,USD_PPP_PS,"US dollars per person, PPP converted",ES10,Public,_T,Total,TP31,Incapacity related,V,Current prices,2022,,1663.034,,A,Normal value,0,Units,1,One,_Z,Not applicable,,
DATAFLOW,OECD.ELS.SPD:DSD_SOCX_AGG@DF_SOCX_AGG(1.0),Social expenditure aggregates,I,NZL,New Zealand,A,Annual,SOCX,Social expenditure,USD_PPP_PS,"US dollars per person, PPP converted",ES10,Public,C,In cash spending,TP31,Incapacity related,V,Current prices,1990,,397.15,,A,Normal value,0,Units,1,One,_Z,Not applicable,,
DATAFLOW,OECD.ELS.SPD:DSD_SOCX_AGG@DF_SOCX_AGG(1.0),Social expenditure aggregates,I,NZL,New Zealand,A,Annual,SOCX,Social expenditure,USD_PPP_PS,"US dollars per person, PPP converted",ES10,Public,C,In cash spending,TP31,Incapacity related,V,Current prices,1991,,401.275,,A,Normal value,0,Units,1,One,_Z,Not applicable,,
DATAFLOW,OECD.ELS.SPD:DSD_SOCX_AGG@DF_SOCX_AGG(1.0),Social expenditure aggregates,I,NZL,New Zealand,A,Annual,SOCX,Social expenditure,USD_PPP_PS,"US dollars per person, PPP converted",ES10,Public,C,In cash spending,TP31,Incapacity related,V,Current prices,1992,,437.571,,A,Normal value,0,Units,1,One,_Z,Not applicable,,
DATAFLOW,OECD.ELS.SPD:DSD_SOCX_AGG@DF_SOCX_AGG(1.0),Social expenditure aggregates,I,NZL,New Zealand,A,Annual,SOCX,Social expenditure,USD_PPP_PS,"US dollars per person, PPP converted",ES10,Public,C,In cash spending,TP31,Incapacity related,V,Current prices,1993,,447.902,,A,Normal value,0,Units,1,One,_Z,Not applicable,,
DATAFLOW,OECD.ELS.SPD:DSD_SOCX_AGG@DF_SOCX_AGG(1.0),Social expenditure aggregates,I,NZL,New Zealand,A,Annual,SOCX,Social expenditure,USD_PPP_PS,"US dollars per person, PPP converted",ES10,Public,C,In cash spending,TP31,Incapacity related,V,Current prices,1994,,454.321,,A,Normal value,0,Units,1,One,_Z,Not applicable,,
DATAFLOW,OECD.ELS.SPD:DSD_SOCX_AGG@DF_SOCX_AGG(1.0),Social expenditure aggregates,I,NZL,New Zealand,A,Annual,SOCX,Social expenditure,USD_PPP_PS,"US dollars per person, PPP converted",ES10,Public,C,In cash spending,TP31,Incapacity related,V,Current prices,1995,,463.223,,A,Normal value,0,Units,1,One,_Z,Not applicable,,
DATAFLOW,OECD.ELS.SPD:DSD_SOCX_AGG@DF_SOCX_AGG(1.0),Social expenditure aggregates,I,NZL,New Zealand,A,Annual,SOCX,Social expenditure,USD_PPP_PS,"US dollars per person, PPP converted",ES10,Public,C,In cash spending,TP31,Incapacity related,V,Current prices,1996,,484.268,,A,Normal value,0,Units,1,One,_Z,Not applicable,,
DATAFLOW,OECD.ELS.SPD:DSD_SOCX_AGG@DF_SOCX_AGG(1.0),Social expenditure aggregates,I,NZL,New Zealand,A,Annual,SOCX,Social expenditure,USD_PPP_PS,"US dollars per person, PPP converted",ES10,Public,C,In cash spending,TP31,Incapacity related,V,Current prices,1997,,535.968,,A,Normal value,0,Units,1,One,_Z,Not applicable,,
DATAFLOW,OECD.ELS.SPD:DSD_SOCX_AGG@DF_SOCX_AGG(1.0),Social expenditure aggregates,I,NZL,New Zealand,A,Annual,SOCX,Social expenditure,USD_PPP_PS,"US dollars per person, PPP converted",ES10,Public,C,In cash spending,TP31,Incapacity related,V,Current prices,1998,,522.566,,A,Normal value,0,Units,1,One,_Z,Not applicable,,
DATAFLOW,OECD.ELS.SPD:DSD_SOCX_AGG@DF_SOCX_AGG(1.0),Social expenditure aggregates,I,NZL,New Zealand,A,Annual,SOCX,Social expenditure,USD_PPP_PS,"US dollars per person, PPP converted",ES10,Public,C,In cash spending,TP31,Incapacity related,V,Current prices,1999,,526.371,,A,Normal value,0,Units,1,One,_Z,Not applicable,,
DATAFLOW,OECD.ELS.SPD:DSD_SOCX_AGG@DF_SOCX_AGG(1.0),Social expenditure aggregates,I,NZL,New Zealand,A,Annual,SOCX,Social expenditure,USD_PPP_PS,"US dollars per person, PPP converted",ES10,Public,C,In cash spending,TP31,Incapacity related,V,Current prices,2000,,559.947,,A,Normal value,0,Units,1,One,_Z,Not applicable,,
DATAFLOW,OECD.ELS.SPD:DSD_SOCX_AGG@DF_SOCX_AGG(1.0),Social expenditure aggregates,I,NZL,New Zealand,A,Annual,SOCX,Social expenditure,USD_PPP_PS,"US dollars per person, PPP converted",ES10,Public,C,In cash spending,TP31,Incapacity related,V,Current prices,2001,,589.044,,A,Normal value,0,Units,1,One,_Z,Not applicable,,
DATAFLOW,OECD.ELS.SPD:DSD_SOCX_AGG@DF_SOCX_AGG(1.0),Social expenditure aggregates,I,NZL,New Zealand,A,Annual,SOCX,Social expenditure,USD_PPP_PS,"US dollars per person, PPP converted",ES10,Public,C,In cash spending,TP31,Incapacity related,V,Current prices,2002,,622.392,,A,Normal value,0,Units,1,One,_Z,Not applicable,,
DATAFLOW,OECD.ELS.SPD:DSD_SOCX_AGG@DF_SOCX_AGG(1.0),Social expenditure aggregates,I,NZL,New Zealand,A,Annual,SOCX,Social expenditure,USD_PPP_PS,"US dollars per person, PPP converted",ES10,Public,C,In cash spending,TP31,Incapacity related,V,Current prices,2003,,648.052,,A,Normal value,0,Units,1,One,_Z,Not applicable,,
DATAFLOW,OECD.ELS.SPD:DSD_SOCX_AGG@DF_SOCX_AGG(1.0),Social expenditure aggregates,I,NZL,New Zealand,A,Annual,SOCX,Social expenditure,USD_PPP_PS,"US dollars per person, PPP converted",ES10,Public,C,In cash spending,TP31,Incapacity related,V,Current prices,2004,,679.25,,A,Normal value,0,Units,1,One,_Z,Not applicable,,
DATAFLOW,OECD.ELS.SPD:DSD_SOCX_AGG@DF_SOCX_AGG(1.0),Social expenditure aggregates,I,NZL,New Zealand,A,Annual,SOCX,Social expenditure,USD_PPP_PS,"US dollars per person, PPP converted",ES10,Public,C,In cash spending,TP31,Incapacity related,V,Current prices,2005,,706.702,,A,Normal value,0,Units,1,One,_Z,Not applicable,,
DATAFLOW,OECD.ELS.SPD:DSD_SOCX_AGG@DF_SOCX_AGG(1.0),Social expenditure aggregates,I,NZL,New Zealand,A,Annual,SOCX,Social expenditure,USD_PPP_PS,"US dollars per person, PPP converted",ES10,Public,C,In cash spending,TP31,Incapacity related,V,Current prices,2006,,675.564,,A,Normal value,0,Units,1,One,_Z,Not applicable,,
DATAFLOW,OECD.ELS.SPD:DSD_SOCX_AGG@DF_SOCX_AGG(1.0),Social expenditure aggregates,I,NZL,New Zealand,A,Annual,SOCX,Social expenditure,USD_PPP_PS,"US dollars per person, PPP converted",ES10,Public,C,In cash spending,TP31,Incapacity related,V,Current prices,2007,,826.35,,A,Normal value,0,Units,1,One,_Z,Not applicable,,
DATAFLOW,OECD.ELS.SPD:DSD_SOCX_AGG@DF_SOCX_AGG(1.0),Social expenditure aggregates,I,NZL,New Zealand,A,Annual,SOCX,Social expenditure,USD_PPP_PS,"US dollars per person, PPP converted",ES10,Public,C,In cash spending,TP31,Incapacity related,V,Current prices,2008,,871.937,,A,Normal value,0,Units,1,One,_Z,Not applicable,,
DATAFLOW,OECD.ELS.SPD:DSD_SOCX_AGG@DF_SOCX_AGG(1.0),Social expenditure aggregates,I,NZL,New Zealand,A,Annual,SOCX,Social expenditure,USD_PPP_PS,"US dollars per person, PPP converted",ES10,Public,C,In cash spending,TP31,Incapacity related,V,Current prices,2009,,826.334,,A,Normal value,0,Units,1,One,_Z,Not applicable,,
DATAFLOW,OECD.ELS.SPD:DSD_SOCX_AGG@DF_SOCX_AGG(1.0),Social expenditure aggregates,I,NZL,New Zealand,A,Annual,SOCX,Social expenditure,USD_PPP_PS,"US dollars per person, PPP converted",ES10,Public,C,In cash spending,TP31,Incapacity related,V,Current prices,2010,,768.14,,A,Normal value,0,Units,1,One,_Z,Not applicable,,
DATAFLOW,OECD.ELS.SPD:DSD_SOCX_AGG@DF_SOCX_AGG(1.0),Social expenditure aggregates,I,NZL,New Zealand,A,Annual,SOCX,Social expenditure,USD_PPP_PS,"US dollars per person, PPP converted",ES10,Public,C,In cash spending,TP31,Incapacity related,V,Current prices,2011,,774.319,,A,Normal value,0,Units,1,One,_Z,Not applicable,,
DATAFLOW,OECD.ELS.SPD:DSD_SOCX_AGG@DF_SOCX_AGG(1.0),Social expenditure aggregates,I,NZL,New Zealand,A,Annual,SOCX,Social expenditure,USD_PPP_PS,"US dollars per person, PPP converted",ES10,Public,C,In cash spending,TP31,Incapacity related,V,Current prices,2012,,772.784,,A,Normal value,0,Units,1,One,_Z,Not applicable,,
DATAFLOW,OECD.ELS.SPD:DSD_SOCX_AGG@DF_SOCX_AGG(1.0),Social expenditure aggregates,I,NZL,New Zealand,A,Annual,SOCX,Social expenditure,USD_PPP_PS,"US dollars per person, PPP converted",ES10,Public,C,In cash spending,TP31,Incapacity related,V,Current prices,2013,,888.479,,A,Normal value,0,Units,1,One,_Z,Not applicable,,
DATAFLOW,OECD.ELS.SPD:DSD_SOCX_AGG@DF_SOCX_AGG(1.0),Social expenditure aggregates,I,NZL,New Zealand,A,Annual,SOCX,Social expenditure,USD_PPP_PS,"US dollars per person, PPP converted",ES10,Public,C,In cash spending,TP31,Incapacity related,V,Current prices,2014,,909.092,,A,Normal value,0,Units,1,One,_Z,Not applicable,,
DATAFLOW,OECD.ELS.SPD:DSD_SOCX_AGG@DF_SOCX_AGG(1.0),Social expenditure aggregates,I,NZL,New Zealand,A,Annual,SOCX,Social expenditure,USD_PPP_PS,"US dollars per person, PPP converted",ES10,Public,C,In cash spending,TP31,Incapacity related,V,Current prices,2015,,901.834,,A,Normal value,0,Units,1,One,_Z,Not applicable,,
DATAFLOW,OECD.ELS.SPD:DSD_SOCX_AGG@DF_SOCX_AGG(1.0),Social expenditure aggregates,I,NZL,New Zealand,A,Annual,SOCX,Social expenditure,USD_PPP_PS,"US dollars per person, PPP converted",ES10,Public,C,In cash spending,TP31,Incapacity related,V,Current prices,2016,,939.391,,A,Normal value,0,Units,1,One,_Z,Not applicable,,
DATAFLOW,OECD.ELS.SPD:DSD_SOCX_AGG@DF_SOCX_AGG(1.0),Social expenditure aggregates,I,NZL,New Zealand,A,Annual,SOCX,Social expenditure,USD_PPP_PS,"US dollars per person, PPP converted",ES10,Public,C,In cash spending,TP31,Incapacity related,V,Current prices,2017,,976.15,,A,Normal value,0,Units,1,One,_Z,Not applicable,,
DATAFLOW,OECD.ELS.SPD:DSD_SOCX_AGG@DF_SOCX_AGG(1.0),Social expenditure aggregates,I,NZL,New Zealand,A,Annual,SOCX,Social expenditure,USD_PPP_PS,"US dollars per person, PPP converted",ES10,Public,C,In cash spending,TP31,Incapacity related,V,Current prices,2018,,993.181,,A,Normal value,0,Units,1,One,_Z,Not applicable,,
DATAFLOW,OECD.ELS.SPD:DSD_SOCX_AGG@DF_SOCX_AGG(1.0),Social expenditure aggregates,I,NZL,New Zealand,A,Annual,SOCX,Social expenditure,USD_PPP_PS,"US dollars per person, PPP converted",ES10,Public,C,In cash spending,TP31,Incapacity related,V,Current prices,2019,,1061.085,,A,Normal value,0,Units,1,One,_Z,Not applicable,,
DATAFLOW,OECD.ELS.SPD:DSD_SOCX_AGG@DF_SOCX_AGG(1.0),Social expenditure aggregates,I,NZL,New Zealand,A,Annual,SOCX,Social expenditure,USD_PPP_PS,"US dollars per person, PPP converted",ES10,Public,C,In cash spending,TP31,Incapacity related,V,Current prices,2020,,1191.558,,A,Normal value,0,Units,1,One,_Z,Not applicable,,
DATAFLOW,OECD.ELS.SPD:DSD_SOCX_AGG@DF_SOCX_AGG(1.0),Social expenditure aggregates,I,NZL,New Zealand,A,Annual,SOCX,Social expenditure,USD_PPP_PS,"US dollars per person, PPP converted",ES10,Public,C,In cash spending,TP31,Incapacity related,V,Current prices,2021,,1243.79,,A,Normal value,0,Units,1,One,_Z,Not applicable,,
DATAFLOW,OECD.ELS.SPD:DSD_SOCX_AGG@DF_SOCX_AGG(1.0),Social expenditure aggregates,I,NZL,New Zealand,A,Annual,SOCX,Social expenditure,USD_PPP_PS,"US dollars per person, PPP converted",ES10,Public,C,In cash spending,TP31,Incapacity related,V,Current prices,2022,,1391.638,,A,Normal value,0,Units,1,One,_Z,Not applicable,,
DATAFLOW,OECD.ELS.SPD:DSD_SOCX_AGG@DF_SOCX_AGG(1.0),Social expenditure aggregates,I,NZL,New Zealand,A,Annual,SOCX,Social expenditure,USD_PPP_PS,"US dollars per person, PPP converted",ES10,Public,K,In kind spending,TP31,Incapacity related,V,Current prices,1990,,12.314,,A,Normal value,0,Units,1,One,_Z,Not applicable,,
DATAFLOW,OECD.ELS.SPD:DSD_SOCX_AGG@DF_SOCX_AGG(1.0),Social expenditure aggregates,I,NZL,New Zealand,A,Annual,SOCX,Social expenditure,USD_PPP_PS,"US dollars per person, PPP converted",ES10,Public,K,In kind spending,TP31,Incapacity related,V,Current prices,1991,,12.962,,A,Normal value,0,Units,1,One,_Z,Not applicable,,
DATAFLOW,OECD.ELS.SPD:DSD_SOCX_AGG@DF_SOCX_AGG(1.0),Social expenditure aggregates,I,NZL,New Zealand,A,Annual,SOCX,Social expenditure,USD_PPP_PS,"US dollars per person, PPP converted",ES10,Public,K,In kind spending,TP31,Incapacity related,V,Current prices,1992,,13.078,,A,Normal value,0,Units,1,One,_Z,Not applicable,,
DATAFLOW,OECD.ELS.SPD:DSD_SOCX_AGG@DF_SOCX_AGG(1.0),Social expenditure aggregates,I,NZL,New Zealand,A,Annual,SOCX,Social expenditure,USD_PPP_PS,"US dollars per person, PPP converted",ES10,Public,K,In kind spending,TP31,Incapacity related,V,Current prices,1993,,4.147,,A,Normal value,0,Units,1,One,_Z,Not applicable,,
DATAFLOW,OECD.ELS.SPD:DSD_SOCX_AGG@DF_SOCX_AGG(1.0),Social expenditure aggregates,I,NZL,New Zealand,A,Annual,SOCX,Social expenditure,USD_PPP_PS,"US dollars per person, PPP converted",ES10,Public,K,In kind spending,TP31,Incapacity related,V,Current prices,1994,,4.041,,A,Normal value,0,Units,1,One,_Z,Not applicable,,
DATAFLOW,OECD.ELS.SPD:DSD_SOCX_AGG@DF_SOCX_AGG(1.0),Social expenditure aggregates,I,NZL,New Zealand,A,Annual,SOCX,Social expenditure,USD_PPP_PS,"US dollars per person, PPP converted",ES10,Public,K,In kind spending,TP31,Incapacity related,V,Current prices,1995,,0.248,,A,Normal value,0,Units,1,One,_Z,Not applicable,,
DATAFLOW,OECD.ELS.SPD:DSD_SOCX_AGG@DF_SOCX_AGG(1.0),Social expenditure aggregates,I,NZL,New Zealand,A,Annual,SOCX,Social expenditure,USD_PPP_PS,"US dollars per person, PPP converted",ES10,Public,K,In kind spending,TP31,Incapacity related,V,Current prices,1996,,0.192,,A,Normal value,0,Units,1,One,_Z,Not applicable,,
DATAFLOW,OECD.ELS.SPD:DSD_SOCX_AGG@DF_SOCX_AGG(1.0),Social expenditure aggregates,I,NZL,New Zealand,A,Annual,SOCX,Social expenditure,USD_PPP_PS,"US dollars per person, PPP converted",ES10,Public,K,In kind spending,TP31,Incapacity related,V,Current prices,1997,,0.33,,A,Normal value,0,Units,1,One,_Z,Not applicable,,
DATAFLOW,OECD.ELS.SPD:DSD_SOCX_AGG@DF_SOCX_AGG(1.0),Social expenditure aggregates,I,NZL,New Zealand,A,Annual,SOCX,Social expenditure,USD_PPP_PS,"US dollars per person, PPP converted",ES10,Public,K,In kind spending,TP31,Incapacity related,V,Current prices,1998,,0.013,,A,Normal value,0,Units,1,One,_Z,Not applicable,,
DATAFLOW,OECD.ELS.SPD:DSD_SOCX_AGG@DF_SOCX_AGG(1.0),Social expenditure aggregates,I,NZL,New Zealand,A,Annual,SOCX,Social expenditure,USD_PPP_PS,"US dollars per person, PPP converted",ES10,Public,K,In kind spending,TP31,Incapacity related,V,Current prices,1999,,0.019,,A,Normal value,0,Units,1,One,_Z,Not applicable,,
DATAFLOW,OECD.ELS.SPD:DSD_SOCX_AGG@DF_SOCX_AGG(1.0),Social expenditure aggregates,I,NZL,New Zealand,A,Annual,SOCX,Social expenditure,USD_PPP_PS,"US dollars per person, PPP converted",ES10,Public,K,In kind spending,TP31,Incapacity related,V,Current prices,2000,,0.016,,A,Normal value,0,Units,1,One,_Z,Not applicable,,
DATAFLOW,OECD.ELS.SPD:DSD_SOCX_AGG@DF_SOCX_AGG(1.0),Social expenditure aggregates,I,NZL,New Zealand,A,Annual,SOCX,Social expenditure,USD_PPP_PS,"US dollars per person, PPP converted",ES10,Public,K,In kind spending,TP31,Incapacity related,V,Current prices,2001,,0.017,,A,Normal value,0,Units,1,One,_Z,Not applicable,,
DATAFLOW,OECD.ELS.SPD:DSD_SOCX_AGG@DF_SOCX_AGG(1.0),Social expenditure aggregates,I,NZL,New Zealand,A,Annual,SOCX,Social expenditure,USD_PPP_PS,"US dollars per person, PPP converted",ES10,Public,K,In kind spending,TP31,Incapacity related,V,Current prices,2002,,0.017,,A,Normal value,0,Units,1,One,_Z,Not applicable,,
DATAFLOW,OECD.ELS.SPD:DSD_SOCX_AGG@DF_SOCX_AGG(1.0),Social expenditure aggregates,I,NZL,New Zealand,A,Annual,SOCX,Social expenditure,USD_PPP_PS,"US dollars per person, PPP converted",ES10,Public,K,In kind spending,TP31,Incapacity related,V,Current prices,2003,,0.211,,A,Normal value,0,Units,1,One,_Z,Not applicable,,
DATAFLOW,OECD.ELS.SPD:DSD_SOCX_AGG@DF_SOCX_AGG(1.0),Social expenditure aggregates,I,NZL,New Zealand,A,Annual,SOCX,Social expenditure,USD_PPP_PS,"US dollars per person, PPP converted",ES10,Public,K,In kind spending,TP31,Incapacity related,V,Current prices,2004,,0.228,,A,Normal value,0,Units,1,One,_Z,Not applicable,,
DATAFLOW,OECD.ELS.SPD:DSD_SOCX_AGG@DF_SOCX_AGG(1.0),Social expenditure aggregates,I,NZL,New Zealand,A,Annual,SOCX,Social expenditure,USD_PPP_PS,"US dollars per person, PPP converted",ES10,Public,K,In kind spending,TP31,Incapacity related,V,Current prices,2005,,2.584,,A,Normal value,0,Units,1,One,_Z,Not applicable,,
DATAFLOW,OECD.ELS.SPD:DSD_SOCX_AGG@DF_SOCX_AGG(1.0),Social expenditure aggregates,I,NZL,New Zealand,A,Annual,SOCX,Social expenditure,USD_PPP_PS,"US dollars per person, PPP converted",ES10,Public,K,In kind spending,TP31,Incapacity related,V,Current prices,2006,,3.283,,A,Normal value,0,Units,1,One,_Z,Not applicable,,
DATAFLOW,OECD.ELS.SPD:DSD_SOCX_AGG@DF_SOCX_AGG(1.0),Social expenditure aggregates,I,NZL,New Zealand,A,Annual,SOCX,Social expenditure,USD_PPP_PS,"US dollars per person, PPP converted",ES10,Public,K,In kind spending,TP31,Incapacity related,V,Current prices,2007,,3.219,,A,Normal value,0,Units,1,One,_Z,Not applicable,,
DATAFLOW,OECD.ELS.SPD:DSD_SOCX_AGG@DF_SOCX_AGG(1.0),Social expenditure aggregates,I,NZL,New Zealand,A,Annual,SOCX,Social expenditure,USD_PPP_PS,"US dollars per person, PPP converted",ES10,Public,K,In kind spending,TP31,Incapacity related,V,Current prices,2008,,3.635,,A,Normal value,0,Units,1,One,_Z,Not applicable,,
DATAFLOW,OECD.ELS.SPD:DSD_SOCX_AGG@DF_SOCX_AGG(1.0),Social expenditure aggregates,I,NZL,New Zealand,A,Annual,SOCX,Social expenditure,USD_PPP_PS,"US dollars per person, PPP converted",ES10,Public,K,In kind spending,TP31,Incapacity related,V,Current prices,2009,,17.208,,A,Normal value,0,Units,1,One,_Z,Not applicable,,
DATAFLOW,OECD.ELS.SPD:DSD_SOCX_AGG@DF_SOCX_AGG(1.0),Social expenditure aggregates,I,NZL,New Zealand,A,Annual,SOCX,Social expenditure,USD_PPP_PS,"US dollars per person, PPP converted",ES10,Public,K,In kind spending,TP31,Incapacity related,V,Current prices,2010,,16.652,,A,Normal value,0,Units,1,One,_Z,Not applicable,,
DATAFLOW,OECD.ELS.SPD:DSD_SOCX_AGG@DF_SOCX_AGG(1.0),Social expenditure aggregates,I,NZL,New Zealand,A,Annual,SOCX,Social expenditure,USD_PPP_PS,"US dollars per person, PPP converted",ES10,Public,K,In kind spending,TP31,Incapacity related,V,Current prices,2011,,16.818,,A,Normal value,0,Units,1,One,_Z,Not applicable,,
DATAFLOW,OECD.ELS.SPD:DSD_SOCX_AGG@DF_SOCX_AGG(1.0),Social expenditure aggregates,I,NZL,New Zealand,A,Annual,SOCX,Social expenditure,USD_PPP_PS,"US dollars per person, PPP converted",ES10,Public,K,In kind spending,TP31,Incapacity related,V,Current prices,2012,,16.471,,A,Normal value,0,Units,1,One,_Z,Not applicable,,
DATAFLOW,OECD.ELS.SPD:DSD_SOCX_AGG@DF_SOCX_AGG(1.0),Social expenditure aggregates,I,NZL,New Zealand,A,Annual,SOCX,Social expenditure,USD_PPP_PS,"US dollars per person, PPP converted",ES10,Public,K,In kind spending,TP31,Incapacity related,V,Current prices,2013,,17.055,,A,Normal value,0,Units,1,One,_Z,Not applicable,,
DATAFLOW,OECD.ELS.SPD:DSD_SOCX_AGG@DF_SOCX_AGG(1.0),Social expenditure aggregates,I,NZL,New Zealand,A,Annual,SOCX,Social expenditure,USD_PPP_PS,"US dollars per person, PPP converted",ES10,Public,K,In kind spending,TP31,Incapacity related,V,Current prices,2014,,13.215,,A,Normal value,0,Units,1,One,_Z,Not applicable,,
DATAFLOW,OECD.ELS.SPD:DSD_SOCX_AGG@DF_SOCX_AGG(1.0),Social expenditure aggregates,I,NZL,New Zealand,A,Annual,SOCX,Social expenditure,USD_PPP_PS,"US dollars per person, PPP converted",ES10,Public,K,In kind spending,TP31,Incapacity related,V,Current prices,2015,,0.845,,A,Normal value,0,Units,1,One,_Z,Not applicable,,
DATAFLOW,OECD.ELS.SPD:DSD_SOCX_AGG@DF_SOCX_AGG(1.0),Social expenditure aggregates,I,NZL,New Zealand,A,Annual,SOCX,Social expenditure,USD_PPP_PS,"US dollars per person, PPP converted",ES10,Public,K,In kind spending,TP31,Incapacity related,V,Current prices,2016,,0.6,,A,Normal value,0,Units,1,One,_Z,Not applicable,,
DATAFLOW,OECD.ELS.SPD:DSD_SOCX_AGG@DF_SOCX_AGG(1.0),Social expenditure aggregates,I,NZL,New Zealand,A,Annual,SOCX,Social expenditure,USD_PPP_PS,"US dollars per person, PPP converted",ES10,Public,K,In kind spending,TP31,Incapacity related,V,Current prices,2017,,1.41,,A,Normal value,0,Units,1,One,_Z,Not applicable,,
DATAFLOW,OECD.ELS.SPD:DSD_SOCX_AGG@DF_SOCX_AGG(1.0),Social expenditure aggregates,I,NZL,New Zealand,A,Annual,SOCX,Social expenditure,USD_PPP_PS,"US dollars per person, PPP converted",ES10,Public,K,In kind spending,TP31,Incapacity related,V,Current prices,2018,,1.372,,A,Normal value,0,Units,1,One,_Z,Not applicable,,
DATAFLOW,OECD.ELS.SPD:DSD_SOCX_AGG@DF_SOCX_AGG(1.0),Social expenditure aggregates,I,NZL,New Zealand,A,Annual,SOCX,Social expenditure,USD_PPP_PS,"US dollars per person, PPP converted",ES10,Public,K,In kind spending,TP31,Incapacity related,V,Current prices,2019,,1.543,,A,Normal value,0,Units,1,One,_Z,Not applicable,,
DATAFLOW,OECD.ELS.SPD:DSD_SOCX_AGG@DF_SOCX_AGG(1.0),Social expenditure aggregates,I,NZL,New Zealand,A,Annual,SOCX,Social expenditure,USD_PPP_PS,"US dollars per person, PPP converted",ES10,Public,K,In kind spending,TP31,Incapacity related,V,Current prices,2020,,2.124,,A,Normal value,0,Units,1,One,_Z,Not applicable,,
DATAFLOW,OECD.ELS.SPD:DSD_SOCX_AGG@DF_SOCX_AGG(1.0),Social expenditure aggregates,I,NZL,New Zealand,A,Annual,SOCX,Social expenditure,USD_PPP_PS,"US dollars per person, PPP converted",ES10,Public,K,In kind spending,TP31,Incapacity related,V,Current prices,2021,,2.268,,A,Normal value,0,Units,1,One,_Z,Not applicable,,
DATAFLOW,OECD.ELS.SPD:DSD_SOCX_AGG@DF_SOCX_AGG(1.0),Social expenditure aggregates,I,NZL,New Zealand,A,Annual,SOCX,Social expenditure,USD_PPP_PS,"US dollars per person, PPP converted",ES10,Public,K,In kind spending,TP31,Incapacity related,V,Current prices,2022,,271.396,,A,Normal value,0,Units,1,One,_Z,Not applicable,,
DATAFLOW,OECD.ELS.SPD:DSD_SOCX_AGG@DF_SOCX_AGG(1.0),Social expenditure aggregates,I,NOR,Norway,A,Annual,SOCX,Social expenditure,USD_PPP_PS,"US dollars per person, PPP converted",ES10,Public,C,In cash spending,TP31,Incapacity related,V,Current prices,1990,,724.138,,A,Normal value,0,Units,1,One,_Z,Not applicable,,
DATAFLOW,OECD.ELS.SPD:DSD_SOCX_AGG@DF_SOCX_AGG(1.0),Social expenditure aggregates,I,NOR,Norway,A,Annual,SOCX,Social expenditure,USD_PPP_PS,"US dollars per person, PPP converted",ES10,Public,C,In cash spending,TP31,Incapacity related,V,Current prices,1991,,797.188,,A,Normal value,0,Units,1,One,_Z,Not applicable,,
DATAFLOW,OECD.ELS.SPD:DSD_SOCX_AGG@DF_SOCX_AGG(1.0),Social expenditure aggregates,I,NOR,Norway,A,Annual,SOCX,Social expenditure,USD_PPP_PS,"US dollars per person, PPP converted",ES10,Public,C,In cash spending,TP31,Incapacity related,V,Current prices,1992,,822.959,,A,Normal value,0,Units,1,One,_Z,Not applicable,,
DATAFLOW,OECD.ELS.SPD:DSD_SOCX_AGG@DF_SOCX_AGG(1.0),Social expenditure aggregates,I,NOR,Norway,A,Annual,SOCX,Social expenditure,USD_PPP_PS,"US dollars per person, PPP converted",ES10,Public,C,In cash spending,TP31,Incapacity related,V,Current prices,1993,,817.202,,A,Normal value,0,Units,1,One,_Z,Not applicable,,
DATAFLOW,OECD.ELS.SPD:DSD_SOCX_AGG@DF_SOCX_AGG(1.0),Social expenditure aggregates,I,NOR,Norway,A,Annual,SOCX,Social expenditure,USD_PPP_PS,"US dollars per person, PPP converted",ES10,Public,C,In cash spending,TP31,Incapacity related,V,Current prices,1994,,823.828,,A,Normal value,0,Units,1,One,_Z,Not applicable,,
DATAFLOW,OECD.ELS.SPD:DSD_SOCX_AGG@DF_SOCX_AGG(1.0),Social expenditure aggregates,I,NOR,Norway,A,Annual,SOCX,Social expenditure,USD_PPP_PS,"US dollars per person, PPP converted",ES10,Public,C,In cash spending,TP31,Incapacity related,V,Current prices,1995,,863.88,,A,Normal value,0,Units,1,One,_Z,Not applicable,,
DATAFLOW,OECD.ELS.SPD:DSD_SOCX_AGG@DF_SOCX_AGG(1.0),Social expenditure aggregates,I,NOR,Norway,A,Annual,SOCX,Social expenditure,USD_PPP_PS,"US dollars per person, PPP converted",ES10,Public,C,In cash spending,TP31,Incapacity related,V,Current prices,1996,,960.756,,A,Normal value,0,Units,1,One,_Z,Not applicable,,
DATAFLOW,OECD.ELS.SPD:DSD_SOCX_AGG@DF_SOCX_AGG(1.0),Social expenditure aggregates,I,NOR,Norway,A,Annual,SOCX,Social expenditure,USD_PPP_PS,"US dollars per person, PPP converted",ES10,Public,C,In cash spending,TP31,Incapacity related,V,Current prices,1997,,1028.498,,A,Normal value,0,Units,1,One,_Z,Not applicable,,
DATAFLOW,OECD.ELS.SPD:DSD_SOCX_AGG@DF_SOCX_AGG(1.0),Social expenditure aggregates,I,NOR,Norway,A,Annual,SOCX,Social expenditure,USD_PPP_PS,"US dollars per person, PPP converted",ES10,Public,C,In cash spending,TP31,Incapacity related,V,Current prices,1998,,1113.971,,A,Normal value,0,Units,1,One,_Z,Not applicable,,
DATAFLOW,OECD.ELS.SPD:DSD_SOCX_AGG@DF_SOCX_AGG(1.0),Social expenditure aggregates,I,NOR,Norway,A,Annual,SOCX,Social expenditure,USD_PPP_PS,"US dollars per person, PPP converted",ES10,Public,C,In cash spending,TP31,Incapacity related,V,Current prices,1999,,1220.308,,A,Normal value,0,Units,1,One,_Z,Not applicable,,
DATAFLOW,OECD.ELS.SPD:DSD_SOCX_AGG@DF_SOCX_AGG(1.0),Social expenditure aggregates,I,NOR,Norway,A,Annual,SOCX,Social expenditure,USD_PPP_PS,"US dollars per person, PPP converted",ES10,Public,C,In cash spending,TP31,Incapacity related,V,Current prices,2000,,1371.955,,A,Normal value,0,Units,1,One,_Z,Not applicable,,
DATAFLOW,OECD.ELS.SPD:DSD_SOCX_AGG@DF_SOCX_AGG(1.0),Social expenditure aggregates,I,NOR,Norway,A,Annual,SOCX,Social expenditure,USD_PPP_PS,"US dollars per person, PPP converted",ES10,Public,C,In cash spending,TP31,Incapacity related,V,Current prices,2001,,1452.475,,A,Normal value,0,Units,1,One,_Z,Not applicable,,
DATAFLOW,OECD.ELS.SPD:DSD_SOCX_AGG@DF_SOCX_AGG(1.0),Social expenditure aggregates,I,NOR,Norway,A,Annual,SOCX,Social expenditure,USD_PPP_PS,"US dollars per person, PPP converted",ES10,Public,C,In cash spending,TP31,Incapacity related,V,Current prices,2002,,1594.961,,A,Normal value,0,Units,1,One,_Z,Not applicable,,
DATAFLOW,OECD.ELS.SPD:DSD_SOCX_AGG@DF_SOCX_AGG(1.0),Social expenditure aggregates,I,NOR,Norway,A,Annual,SOCX,Social expenditure,USD_PPP_PS,"US dollars per person, PPP converted",ES10,Public,C,In cash spending,TP31,Incapacity related,V,Current prices,2003,,1714.073,,A,Normal value,0,Units,1,One,_Z,Not applicable,,
DATAFLOW,OECD.ELS.SPD:DSD_SOCX_AGG@DF_SOCX_AGG(1.0),Social expenditure aggregates,I,NOR,Norway,A,Annual,SOCX,Social expenditure,USD_PPP_PS,"US dollars per person, PPP converted",ES10,Public,C,In cash spending,TP31,Incapacity related,V,Current prices,2004,,1648.013,,A,Normal value,0,Units,1,One,_Z,Not applicable,,
DATAFLOW,OECD.ELS.SPD:DSD_SOCX_AGG@DF_SOCX_AGG(1.0),Social expenditure aggregates,I,NOR,Norway,A,Annual,SOCX,Social expenditure,USD_PPP_PS,"US dollars per person, PPP converted",ES10,Public,C,In cash spending,TP31,Incapacity related,V,Current prices,2005,,1692.246,,A,Normal value,0,Units,1,One,_Z,Not applicable,,
DATAFLOW,OECD.ELS.SPD:DSD_SOCX_AGG@DF_SOCX_AGG(1.0),Social expenditure aggregates,I,NOR,Norway,A,Annual,SOCX,Social expenditure,USD_PPP_PS,"US dollars per person, PPP converted",ES10,Public,K,In kind spending,TP31,Incapacity related,V,Current prices,1990,,129.443,,A,Normal value,0,Units,1,One,_Z,Not applicable,,
DATAFLOW,OECD.ELS.SPD:DSD_SOCX_AGG@DF_SOCX_AGG(1.0),Social expenditure aggregates,I,NOR,Norway,A,Annual,SOCX,Social expenditure,USD_PPP_PS,"US dollars per person, PPP converted",ES10,Public,K,In kind spending,TP31,Incapacity related,V,Current prices,1991,,166.349,,A,Normal value,0,Units,1,One,_Z,Not applicable,,
DATAFLOW,OECD.ELS.SPD:DSD_SOCX_AGG@DF_SOCX_AGG(1.0),Social expenditure aggregates,I,NOR,Norway,A,Annual,SOCX,Social expenditure,USD_PPP_PS,"US dollars per person, PPP converted",ES10,Public,K,In kind spending,TP31,Incapacity related,V,Current prices,1992,,178.704,,A,Normal value,0,Units,1,One,_Z,Not applicable,,
DATAFLOW,OECD.ELS.SPD:DSD_SOCX_AGG@DF_SOCX_AGG(1.0),Social expenditure aggregates,I,NOR,Norway,A,Annual,SOCX,Social expenditure,USD_PPP_PS,"US dollars per person, PPP converted",ES10,Public,K,In kind spending,TP31,Incapacity related,V,Current prices,1993,,206.04,,A,Normal value,0,Units,1,One,_Z,Not applicable,,
DATAFLOW,OECD.ELS.SPD:DSD_SOCX_AGG@DF_SOCX_AGG(1.0),Social expenditure aggregates,I,NOR,Norway,A,Annual,SOCX,Social expenditure,USD_PPP_PS,"US dollars per person, PPP converted",ES10,Public,K,In kind spending,TP31,Incapacity related,V,Current prices,1994,,226.843,,A,Normal value,0,Units,1,One,_Z,Not applicable,,
DATAFLOW,OECD.ELS.SPD:DSD_SOCX_AGG@DF_SOCX_AGG(1.0),Social expenditure aggregates,I,NOR,Norway,A,Annual,SOCX,Social expenditure,USD_PPP_PS,"US dollars per person, PPP converted",ES10,Public,K,In kind spending,TP31,Incapacity related,V,Current prices,1995,,245.294,,A,Normal value,0,Units,1,One,_Z,Not applicable,,
DATAFLOW,OECD.ELS.SPD:DSD_SOCX_AGG@DF_SOCX_AGG(1.0),Social expenditure aggregates,I,NOR,Norway,A,Annual,SOCX,Social expenditure,USD_PPP_PS,"US dollars per person, PPP converted",ES10,Public,K,In kind spending,TP31,Incapacity related,V,Current prices,1996,,264.662,,A,Normal value,0,Units,1,One,_Z,Not applicable,,
DATAFLOW,OECD.ELS.SPD:DSD_SOCX_AGG@DF_SOCX_AGG(1.0),Social expenditure aggregates,I,NOR,Norway,A,Annual,SOCX,Social expenditure,USD_PPP_PS,"US dollars per person, PPP converted",ES10,Public,K,In kind spending,TP31,Incapacity related,V,Current prices,1997,,270.541,,A,Normal value,0,Units,1,One,_Z,Not applicable,,
DATAFLOW,OECD.ELS.SPD:DSD_SOCX_AGG@DF_SOCX_AGG(1.0),Social expenditure aggregates,I,NOR,Norway,A,Annual,SOCX,Social expenditure,USD_PPP_PS,"US dollars per person, PPP converted",ES10,Public,K,In kind spending,TP31,Incapacity related,V,Current prices,1998,,272.135,,A,Normal value,0,Units,1,One,_Z,Not applicable,,
DATAFLOW,OECD.ELS.SPD:DSD_SOCX_AGG@DF_SOCX_AGG(1.0),Social expenditure aggregates,I,NOR,Norway,A,Annual,SOCX,Social expenditure,USD_PPP_PS,"US dollars per person, PPP converted",ES10,Public,K,In kind spending,TP31,Incapacity related,V,Current prices,1999,,292.151,,A,Normal value,0,Units,1,One,_Z,Not applicable,,
DATAFLOW,OECD.ELS.SPD:DSD_SOCX_AGG@DF_SOCX_AGG(1.0),Social expenditure aggregates,I,NOR,Norway,A,Annual,SOCX,Social expenditure,USD_PPP_PS,"US dollars per person, PPP converted",ES10,Public,K,In kind spending,TP31,Incapacity related,V,Current prices,2000,,314.065,,A,Normal value,0,Units,1,One,_Z,Not applicable,,
DATAFLOW,OECD.ELS.SPD:DSD_SOCX_AGG@DF_SOCX_AGG(1.0),Social expenditure aggregates,I,NOR,Norway,A,Annual,SOCX,Social expenditure,USD_PPP_PS,"US dollars per person, PPP converted",ES10,Public,K,In kind spending,TP31,Incapacity related,V,Current prices,2001,,332.602,,A,Normal value,0,Units,1,One,_Z,Not applicable,,
DATAFLOW,OECD.ELS.SPD:DSD_SOCX_AGG@DF_SOCX_AGG(1.0),Social expenditure aggregates,I,NOR,Norway,A,Annual,SOCX,Social expenditure,USD_PPP_PS,"US dollars per person, PPP converted",ES10,Public,K,In kind spending,TP31,Incapacity related,V,Current prices,2002,,333.411,,A,Normal value,0,Units,1,One,_Z,Not applicable,,
DATAFLOW,OECD.ELS.SPD:DSD_SOCX_AGG@DF_SOCX_AGG(1.0),Social expenditure aggregates,I,NOR,Norway,A,Annual,SOCX,Social expenditure,USD_PPP_PS,"US dollars per person, PPP converted",ES10,Public,K,In kind spending,TP31,Incapacity related,V,Current prices,2003,,339.437,,A,Normal value,0,Units,1,One,_Z,Not applicable,,
DATAFLOW,OECD.ELS.SPD:DSD_SOCX_AGG@DF_SOCX_AGG(1.0),Social expenditure aggregates,I,NOR,Norway,A,Annual,SOCX,Social expenditure,USD_PPP_PS,"US dollars per person, PPP converted",ES10,Public,K,In kind spending,TP31,Incapacity related,V,Current prices,2004,,352.927,,A,Normal value,0,Units,1,One,_Z,Not applicable,,
DATAFLOW,OECD.ELS.SPD:DSD_SOCX_AGG@DF_SOCX_AGG(1.0),Social expenditure aggregates,I,NOR,Norway,A,Annual,SOCX,Social expenditure,USD_PPP_PS,"US dollars per person, PPP converted",ES10,Public,K,In kind spending,TP31,Incapacity related,V,Current prices,2005,,364.055,,A,Normal value,0,Units,1,One,_Z,Not applicable,,
DATAFLOW,OECD.ELS.SPD:DSD_SOCX_AGG@DF_SOCX_AGG(1.0),Social expenditure aggregates,I,NOR,Norway,A,Annual,SOCX,Social expenditure,USD_PPP_PS,"US dollars per person, PPP converted",ES10,Public,_T,Total,TP31,Incapacity related,V,Current prices,1990,,853.581,,A,Normal value,0,Units,1,One,_Z,Not applicable,,
DATAFLOW,OECD.ELS.SPD:DSD_SOCX_AGG@DF_SOCX_AGG(1.0),Social expenditure aggregates,I,NOR,Norway,A,Annual,SOCX,Social expenditure,USD_PPP_PS,"US dollars per person, PPP converted",ES10,Public,_T,Total,TP31,Incapacity related,V,Current prices,1991,,963.538,,A,Normal value,0,Units,1,One,_Z,Not applicable,,
DATAFLOW,OECD.ELS.SPD:DSD_SOCX_AGG@DF_SOCX_AGG(1.0),Social expenditure aggregates,I,NOR,Norway,A,Annual,SOCX,Social expenditure,USD_PPP_PS,"US dollars per person, PPP converted",ES10,Public,_T,Total,TP31,Incapacity related,V,Current prices,1992,,1001.663,,A,Normal value,0,Units,1,One,_Z,Not applicable,,
DATAFLOW,OECD.ELS.SPD:DSD_SOCX_AGG@DF_SOCX_AGG(1.0),Social expenditure aggregates,I,NOR,Norway,A,Annual,SOCX,Social expenditure,USD_PPP_PS,"US dollars per person, PPP converted",ES10,Public,_T,Total,TP31,Incapacity related,V,Current prices,1993,,1023.242,,A,Normal value,0,Units,1,One,_Z,Not applicable,,
DATAFLOW,OECD.ELS.SPD:DSD_SOCX_AGG@DF_SOCX_AGG(1.0),Social expenditure aggregates,I,NOR,Norway,A,Annual,SOCX,Social expenditure,USD_PPP_PS,"US dollars per person, PPP converted",ES10,Public,_T,Total,TP31,Incapacity related,V,Current prices,1994,,1050.671,,A,Normal value,0,Units,1,One,_Z,Not applicable,,
DATAFLOW,OECD.ELS.SPD:DSD_SOCX_AGG@DF_SOCX_AGG(1.0),Social expenditure aggregates,I,NOR,Norway,A,Annual,SOCX,Social expenditure,USD_PPP_PS,"US dollars per person, PPP converted",ES10,Public,_T,Total,TP31,Incapacity related,V,Current prices,1995,,1109.174,,A,Normal value,0,Units,1,One,_Z,Not applicable,,
DATAFLOW,OECD.ELS.SPD:DSD_SOCX_AGG@DF_SOCX_AGG(1.0),Social expenditure aggregates,I,NOR,Norway,A,Annual,SOCX,Social expenditure,USD_PPP_PS,"US dollars per person, PPP converted",ES10,Public,_T,Total,TP31,Incapacity related,V,Current prices,1996,,1225.418,,A,Normal value,0,Units,1,One,_Z,Not applicable,,
DATAFLOW,OECD.ELS.SPD:DSD_SOCX_AGG@DF_SOCX_AGG(1.0),Social expenditure aggregates,I,NOR,Norway,A,Annual,SOCX,Social expenditure,USD_PPP_PS,"US dollars per person, PPP converted",ES10,Public,_T,Total,TP31,Incapacity related,V,Current prices,1997,,1299.039,,A,Normal value,0,Units,1,One,_Z,Not applicable,,
DATAFLOW,OECD.ELS.SPD:DSD_SOCX_AGG@DF_SOCX_AGG(1.0),Social expenditure aggregates,I,NOR,Norway,A,Annual,SOCX,Social expenditure,USD_PPP_PS,"US dollars per person, PPP converted",ES10,Public,_T,Total,TP31,Incapacity related,V,Current prices,1998,,1386.106,,A,Normal value,0,Units,1,One,_Z,Not applicable,,
DATAFLOW,OECD.ELS.SPD:DSD_SOCX_AGG@DF_SOCX_AGG(1.0),Social expenditure aggregates,I,NOR,Norway,A,Annual,SOCX,Social expenditure,USD_PPP_PS,"US dollars per person, PPP converted",ES10,Public,_T,Total,TP31,Incapacity related,V,Current prices,1999,,1512.459,,A,Normal value,0,Units,1,One,_Z,Not applicable,,
DATAFLOW,OECD.ELS.SPD:DSD_SOCX_AGG@DF_SOCX_AGG(1.0),Social expenditure aggregates,I,NOR,Norway,A,Annual,SOCX,Social expenditure,USD_PPP_PS,"US dollars per person, PPP converted",ES10,Public,_T,Total,TP31,Incapacity related,V,Current prices,2000,,1686.019,,A,Normal value,0,Units,1,One,_Z,Not applicable,,
DATAFLOW,OECD.ELS.SPD:DSD_SOCX_AGG@DF_SOCX_AGG(1.0),Social expenditure aggregates,I,NOR,Norway,A,Annual,SOCX,Social expenditure,USD_PPP_PS,"US dollars per person, PPP converted",ES10,Public,_T,Total,TP31,Incapacity related,V,Current prices,2001,,1785.077,,A,Normal value,0,Units,1,One,_Z,Not applicable,,
DATAFLOW,OECD.ELS.SPD:DSD_SOCX_AGG@DF_SOCX_AGG(1.0),Social expenditure aggregates,I,NOR,Norway,A,Annual,SOCX,Social expenditure,USD_PPP_PS,"US dollars per person, PPP converted",ES10,Public,_T,Total,TP31,Incapacity related,V,Current prices,2002,,1928.372,,A,Normal value,0,Units,1,One,_Z,Not applicable,,
DATAFLOW,OECD.ELS.SPD:DSD_SOCX_AGG@DF_SOCX_AGG(1.0),Social expenditure aggregates,I,NOR,Norway,A,Annual,SOCX,Social expenditure,USD_PPP_PS,"US dollars per person, PPP converted",ES10,Public,_T,Total,TP31,Incapacity related,V,Current prices,2003,,2053.511,,A,Normal value,0,Units,1,One,_Z,Not applicable,,
DATAFLOW,OECD.ELS.SPD:DSD_SOCX_AGG@DF_SOCX_AGG(1.0),Social expenditure aggregates,I,NOR,Norway,A,Annual,SOCX,Social expenditure,USD_PPP_PS,"US dollars per person, PPP converted",ES10,Public,_T,Total,TP31,Incapacity related,V,Current prices,2004,,2000.94,,A,Normal value,0,Units,1,One,_Z,Not applicable,,
DATAFLOW,OECD.ELS.SPD:DSD_SOCX_AGG@DF_SOCX_AGG(1.0),Social expenditure aggregates,I,NOR,Norway,A,Annual,SOCX,Social expenditure,USD_PPP_PS,"US dollars per person, PPP converted",ES10,Public,_T,Total,TP31,Incapacity related,V,Current prices,2005,,2056.301,,A,Normal value,0,Units,1,One,_Z,Not applicable,,
DATAFLOW,OECD.ELS.SPD:DSD_SOCX_AGG@DF_SOCX_AGG(1.0),Social expenditure aggregates,I,AUS,Australia,A,Annual,SOCX,Social expenditure,USD_PPP_PS,"US dollars per person, PPP converted",ES10,Public,C,In cash spending,TP31,Incapacity related,V,Current prices,1993,,391.136,,A,Normal value,0,Units,1,One,_Z,Not applicable,,
DATAFLOW,OECD.ELS.SPD:DSD_SOCX_AGG@DF_SOCX_AGG(1.0),Social expenditure aggregates,I,AUS,Australia,A,Annual,SOCX,Social expenditure,USD_PPP_PS,"US dollars per person, PPP converted",ES10,Public,C,In cash spending,TP31,Incapacity related,V,Current prices,1994,,406.77,,A,Normal value,0,Units,1,One,_Z,Not applicable,,
DATAFLOW,OECD.ELS.SPD:DSD_SOCX_AGG@DF_SOCX_AGG(1.0),Social expenditure aggregates,I,AUS,Australia,A,Annual,SOCX,Social expenditure,USD_PPP_PS,"US dollars per person, PPP converted",ES10,Public,C,In cash spending,TP31,Incapacity related,V,Current prices,1995,,449.111,,A,Normal value,0,Units,1,One,_Z,Not applicable,,
DATAFLOW,OECD.ELS.SPD:DSD_SOCX_AGG@DF_SOCX_AGG(1.0),Social expenditure aggregates,I,AUS,Australia,A,Annual,SOCX,Social expenditure,USD_PPP_PS,"US dollars per person, PPP converted",ES10,Public,C,In cash spending,TP31,Incapacity related,V,Current prices,1996,,474.745,,A,Normal value,0,Units,1,One,_Z,Not applicable,,
DATAFLOW,OECD.ELS.SPD:DSD_SOCX_AGG@DF_SOCX_AGG(1.0),Social expenditure aggregates,I,AUS,Australia,A,Annual,SOCX,Social expenditure,USD_PPP_PS,"US dollars per person, PPP converted",ES10,Public,C,In cash spending,TP31,Incapacity related,V,Current prices,1997,,494.257,,A,Normal value,0,Units,1,One,_Z,Not applicable,,
DATAFLOW,OECD.ELS.SPD:DSD_SOCX_AGG@DF_SOCX_AGG(1.0),Social expenditure aggregates,I,AUS,Australia,A,Annual,SOCX,Social expenditure,USD_PPP_PS,"US dollars per person, PPP converted",ES10,Public,C,In cash spending,TP31,Incapacity related,V,Current prices,1998,,537.169,,A,Normal value,0,Units,1,One,_Z,Not applicable,,
DATAFLOW,OECD.ELS.SPD:DSD_SOCX_AGG@DF_SOCX_AGG(1.0),Social expenditure aggregates,I,AUS,Australia,A,Annual,SOCX,Social expenditure,USD_PPP_PS,"US dollars per person, PPP converted",ES10,Public,C,In cash spending,TP31,Incapacity related,V,Current prices,1999,,560.063,,A,Normal value,0,Units,1,One,_Z,Not applicable,,
DATAFLOW,OECD.ELS.SPD:DSD_SOCX_AGG@DF_SOCX_AGG(1.0),Social expenditure aggregates,I,AUS,Australia,A,Annual,SOCX,Social expenditure,USD_PPP_PS,"US dollars per person, PPP converted",ES10,Public,C,In cash spending,TP31,Incapacity related,V,Current prices,2000,,581.478,,A,Normal value,0,Units,1,One,_Z,Not applicable,,
DATAFLOW,OECD.ELS.SPD:DSD_SOCX_AGG@DF_SOCX_AGG(1.0),Social expenditure aggregates,I,AUS,Australia,A,Annual,SOCX,Social expenditure,USD_PPP_PS,"US dollars per person, PPP converted",ES10,Public,C,In cash spending,TP31,Incapacity related,V,Current prices,2001,,599.122,,A,Normal value,0,Units,1,One,_Z,Not applicable,,
DATAFLOW,OECD.ELS.SPD:DSD_SOCX_AGG@DF_SOCX_AGG(1.0),Social expenditure aggregates,I,AUS,Australia,A,Annual,SOCX,Social expenditure,USD_PPP_PS,"US dollars per person, PPP converted",ES10,Public,C,In cash spending,TP31,Incapacity related,V,Current prices,2002,,615.689,,A,Normal value,0,Units,1,One,_Z,Not applicable,,
DATAFLOW,OECD.ELS.SPD:DSD_SOCX_AGG@DF_SOCX_AGG(1.0),Social expenditure aggregates,I,AUS,Australia,A,Annual,SOCX,Social expenditure,USD_PPP_PS,"US dollars per person, PPP converted",ES10,Public,C,In cash spending,TP31,Incapacity related,V,Current prices,2003,,627.214,,A,Normal value,0,Units,1,One,_Z,Not applicable,,
DATAFLOW,OECD.ELS.SPD:DSD_SOCX_AGG@DF_SOCX_AGG(1.0),Social expenditure aggregates,I,AUS,Australia,A,Annual,SOCX,Social expenditure,USD_PPP_PS,"US dollars per person, PPP converted",ES10,Public,C,In cash spending,TP31,Incapacity related,V,Current prices,2004,,648.486,,A,Normal value,0,Units,1,One,_Z,Not applicable,,
DATAFLOW,OECD.ELS.SPD:DSD_SOCX_AGG@DF_SOCX_AGG(1.0),Social expenditure aggregates,I,AUS,Australia,A,Annual,SOCX,Social expenditure,USD_PPP_PS,"US dollars per person, PPP converted",ES10,Public,K,In kind spending,TP31,Incapacity related,V,Current prices,1993,,75.885,,A,Normal value,0,Units,1,One,_Z,Not applicable,,
DATAFLOW,OECD.ELS.SPD:DSD_SOCX_AGG@DF_SOCX_AGG(1.0),Social expenditure aggregates,I,AUS,Australia,A,Annual,SOCX,Social expenditure,USD_PPP_PS,"US dollars per person, PPP converted",ES10,Public,K,In kind spending,TP31,Incapacity related,V,Current prices,1994,,78.755,,A,Normal value,0,Units,1,One,_Z,Not applicable,,
DATAFLOW,OECD.ELS.SPD:DSD_SOCX_AGG@DF_SOCX_AGG(1.0),Social expenditure aggregates,I,AUS,Australia,A,Annual,SOCX,Social expenditure,USD_PPP_PS,"US dollars per person, PPP converted",ES10,Public,K,In kind spending,TP31,Incapacity related,V,Current prices,1995,,80.197,,A,Normal value,0,Units,1,One,_Z,Not applicable,,
DATAFLOW,OECD.ELS.SPD:DSD_SOCX_AGG@DF_SOCX_AGG(1.0),Social expenditure aggregates,I,AUS,Australia,A,Annual,SOCX,Social expenditure,USD_PPP_PS,"US dollars per person, PPP converted",ES10,Public,K,In kind spending,TP31,Incapacity related,V,Current prices,1996,,84.445,,A,Normal value,0,Units,1,One,_Z,Not applicable,,
DATAFLOW,OECD.ELS.SPD:DSD_SOCX_AGG@DF_SOCX_AGG(1.0),Social expenditure aggregates,I,AUS,Australia,A,Annual,SOCX,Social expenditure,USD_PPP_PS,"US dollars per person, PPP converted",ES10,Public,K,In kind spending,TP31,Incapacity related,V,Current prices,1997,,91.032,,A,Normal value,0,Units,1,One,_Z,Not applicable,,
DATAFLOW,OECD.ELS.SPD:DSD_SOCX_AGG@DF_SOCX_AGG(1.0),Social expenditure aggregates,I,AUS,Australia,A,Annual,SOCX,Social expenditure,USD_PPP_PS,"US dollars per person, PPP converted",ES10,Public,K,In kind spending,TP31,Incapacity related,V,Current prices,1998,,129.968,,A,Normal value,0,Units,1,One,_Z,Not applicable,,
DATAFLOW,OECD.ELS.SPD:DSD_SOCX_AGG@DF_SOCX_AGG(1.0),Social expenditure aggregates,I,AUS,Australia,A,Annual,SOCX,Social expenditure,USD_PPP_PS,"US dollars per person, PPP converted",ES10,Public,K,In kind spending,TP31,Incapacity related,V,Current prices,1999,,136.815,,A,Normal value,0,Units,1,One,_Z,Not applicable,,
DATAFLOW,OECD.ELS.SPD:DSD_SOCX_AGG@DF_SOCX_AGG(1.0),Social expenditure aggregates,I,AUS,Australia,A,Annual,SOCX,Social expenditure,USD_PPP_PS,"US dollars per person, PPP converted",ES10,Public,K,In kind spending,TP31,Incapacity related,V,Current prices,2000,,141.428,,A,Normal value,0,Units,1,One,_Z,Not applicable,,
DATAFLOW,OECD.ELS.SPD:DSD_SOCX_AGG@DF_SOCX_AGG(1.0),Social expenditure aggregates,I,AUS,Australia,A,Annual,SOCX,Social expenditure,USD_PPP_PS,"US dollars per person, PPP converted",ES10,Public,K,In kind spending,TP31,Incapacity related,V,Current prices,2001,,148.438,,A,Normal value,0,Units,1,One,_Z,Not applicable,,
DATAFLOW,OECD.ELS.SPD:DSD_SOCX_AGG@DF_SOCX_AGG(1.0),Social expenditure aggregates,I,AUS,Australia,A,Annual,SOCX,Social expenditure,USD_PPP_PS,"US dollars per person, PPP converted",ES10,Public,K,In kind spending,TP31,Incapacity related,V,Current prices,2002,,161.038,,A,Normal value,0,Units,1,One,_Z,Not applicable,,
DATAFLOW,OECD.ELS.SPD:DSD_SOCX_AGG@DF_SOCX_AGG(1.0),Social expenditure aggregates,I,AUS,Australia,A,Annual,SOCX,Social expenditure,USD_PPP_PS,"US dollars per person, PPP converted",ES10,Public,K,In kind spending,TP31,Incapacity related,V,Current prices,2003,,168.7,,A,Normal value,0,Units,1,One,_Z,Not applicable,,
DATAFLOW,OECD.ELS.SPD:DSD_SOCX_AGG@DF_SOCX_AGG(1.0),Social expenditure aggregates,I,AUS,Australia,A,Annual,SOCX,Social expenditure,USD_PPP_PS,"US dollars per person, PPP converted",ES10,Public,K,In kind spending,TP31,Incapacity related,V,Current prices,2004,,150.017,,A,Normal value,0,Units,1,One,_Z,Not applicable,,
DATAFLOW,OECD.ELS.SPD:DSD_SOCX_AGG@DF_SOCX_AGG(1.0),Social expenditure aggregates,I,AUS,Australia,A,Annual,SOCX,Social expenditure,USD_PPP_PS,"US dollars per person, PPP converted",ES10,Public,_T,Total,TP31,Incapacity related,V,Current prices,1993,,467.021,,A,Normal value,0,Units,1,One,_Z,Not applicable,,
DATAFLOW,OECD.ELS.SPD:DSD_SOCX_AGG@DF_SOCX_AGG(1.0),Social expenditure aggregates,I,AUS,Australia,A,Annual,SOCX,Social expenditure,USD_PPP_PS,"US dollars per person, PPP converted",ES10,Public,_T,Total,TP31,Incapacity related,V,Current prices,1994,,485.525,,A,Normal value,0,Units,1,One,_Z,Not applicable,,
DATAFLOW,OECD.ELS.SPD:DSD_SOCX_AGG@DF_SOCX_AGG(1.0),Social expenditure aggregates,I,AUS,Australia,A,Annual,SOCX,Social expenditure,USD_PPP_PS,"US dollars per person, PPP converted",ES10,Public,_T,Total,TP31,Incapacity related,V,Current prices,1995,,529.308,,A,Normal value,0,Units,1,One,_Z,Not applicable,,
DATAFLOW,OECD.ELS.SPD:DSD_SOCX_AGG@DF_SOCX_AGG(1.0),Social expenditure aggregates,I,AUS,Australia,A,Annual,SOCX,Social expenditure,USD_PPP_PS,"US dollars per person, PPP converted",ES10,Public,_T,Total,TP31,Incapacity related,V,Current prices,1996,,559.19,,A,Normal value,0,Units,1,One,_Z,Not applicable,,
DATAFLOW,OECD.ELS.SPD:DSD_SOCX_AGG@DF_SOCX_AGG(1.0),Social expenditure aggregates,I,AUS,Australia,A,Annual,SOCX,Social expenditure,USD_PPP_PS,"US dollars per person, PPP converted",ES10,Public,_T,Total,TP31,Incapacity related,V,Current prices,1997,,585.289,,A,Normal value,0,Units,1,One,_Z,Not applicable,,
DATAFLOW,OECD.ELS.SPD:DSD_SOCX_AGG@DF_SOCX_AGG(1.0),Social expenditure aggregates,I,AUS,Australia,A,Annual,SOCX,Social expenditure,USD_PPP_PS,"US dollars per person, PPP converted",ES10,Public,_T,Total,TP31,Incapacity related,V,Current prices,1998,,667.136,,A,Normal value,0,Units,1,One,_Z,Not applicable,,
DATAFLOW,OECD.ELS.SPD:DSD_SOCX_AGG@DF_SOCX_AGG(1.0),Social expenditure aggregates,I,AUS,Australia,A,Annual,SOCX,Social expenditure,USD_PPP_PS,"US dollars per person, PPP converted",ES10,Public,_T,Total,TP31,Incapacity related,V,Current prices,1999,,696.878,,A,Normal value,0,Units,1,One,_Z,Not applicable,,
DATAFLOW,OECD.ELS.SPD:DSD_SOCX_AGG@DF_SOCX_AGG(1.0),Social expenditure aggregates,I,AUS,Australia,A,Annual,SOCX,Social expenditure,USD_PPP_PS,"US dollars per person, PPP converted",ES10,Public,_T,Total,TP31,Incapacity related,V,Current prices,2000,,722.906,,A,Normal value,0,Units,1,One,_Z,Not applicable,,
DATAFLOW,OECD.ELS.SPD:DSD_SOCX_AGG@DF_SOCX_AGG(1.0),Social expenditure aggregates,I,AUS,Australia,A,Annual,SOCX,Social expenditure,USD_PPP_PS,"US dollars per person, PPP converted",ES10,Public,_T,Total,TP31,Incapacity related,V,Current prices,2001,,747.56,,A,Normal value,0,Units,1,One,_Z,Not applicable,,
DATAFLOW,OECD.ELS.SPD:DSD_SOCX_AGG@DF_SOCX_AGG(1.0),Social expenditure aggregates,I,AUS,Australia,A,Annual,SOCX,Social expenditure,USD_PPP_PS,"US dollars per person, PPP converted",ES10,Public,_T,Total,TP31,Incapacity related,V,Current prices,2002,,776.727,,A,Normal value,0,Units,1,One,_Z,Not applicable,,
DATAFLOW,OECD.ELS.SPD:DSD_SOCX_AGG@DF_SOCX_AGG(1.0),Social expenditure aggregates,I,AUS,Australia,A,Annual,SOCX,Social expenditure,USD_PPP_PS,"US dollars per person, PPP converted",ES10,Public,_T,Total,TP31,Incapacity related,V,Current prices,2003,,795.914,,A,Normal value,0,Units,1,One,_Z,Not applicable,,
DATAFLOW,OECD.ELS.SPD:DSD_SOCX_AGG@DF_SOCX_AGG(1.0),Social expenditure aggregates,I,AUS,Australia,A,Annual,SOCX,Social expenditure,USD_PPP_PS,"US dollars per person, PPP converted",ES10,Public,_T,Total,TP31,Incapacity related,V,Current prices,2004,,798.503,,A,Normal value,0,Units,1,One,_Z,Not applicable,,
DATAFLOW,OECD.ELS.SPD:DSD_SOCX_AGG@DF_SOCX_AGG(1.0),Social expenditure aggregates,I,SWE,Sweden,A,Annual,SOCX,Social expenditure,USD_PPP_PS,"US dollars per person, PPP converted",ES10,Public,_T,Total,TP31,Incapacity related,V,Current prices,1990,,1055.548,,A,Normal value,0,Units,1,One,_Z,Not applicable,,
DATAFLOW,OECD.ELS.SPD:DSD_SOCX_AGG@DF_SOCX_AGG(1.0),Social expenditure aggregates,I,SWE,Sweden,A,Annual,SOCX,Social expenditure,USD_PPP_PS,"US dollars per person, PPP converted",ES10,Public,_T,Total,TP31,Incapacity related,V,Current prices,1991,,1029.154,,A,Normal value,0,Units,1,One,_Z,Not applicable,,
DATAFLOW,OECD.ELS.SPD:DSD_SOCX_AGG@DF_SOCX_AGG(1.0),Social expenditure aggregates,I,SWE,Sweden,A,Annual,SOCX,Social expenditure,USD_PPP_PS,"US dollars per person, PPP converted",ES10,Public,_T,Total,TP31,Incapacity related,V,Current prices,1992,,916.46,,A,Normal value,0,Units,1,One,_Z,Not applicable,,
DATAFLOW,OECD.ELS.SPD:DSD_SOCX_AGG@DF_SOCX_AGG(1.0),Social expenditure aggregates,I,SWE,Sweden,A,Annual,SOCX,Social expenditure,USD_PPP_PS,"US dollars per person, PPP converted",ES10,Public,_T,Total,TP31,Incapacity related,V,Current prices,1993,,1051.198,,A,Normal value,0,Units,1,One,_Z,Not applicable,,
DATAFLOW,OECD.ELS.SPD:DSD_SOCX_AGG@DF_SOCX_AGG(1.0),Social expenditure aggregates,I,SWE,Sweden,A,Annual,SOCX,Social expenditure,USD_PPP_PS,"US dollars per person, PPP converted",ES10,Public,_T,Total,TP31,Incapacity related,V,Current prices,1994,,1057.918,,A,Normal value,0,Units,1,One,_Z,Not applicable,,
DATAFLOW,OECD.ELS.SPD:DSD_SOCX_AGG@DF_SOCX_AGG(1.0),Social expenditure aggregates,I,SWE,Sweden,A,Annual,SOCX,Social expenditure,USD_PPP_PS,"US dollars per person, PPP converted",ES10,Public,_T,Total,TP31,Incapacity related,V,Current prices,1995,,1080.835,,A,Normal value,0,Units,1,One,_Z,Not applicable,,
DATAFLOW,OECD.ELS.SPD:DSD_SOCX_AGG@DF_SOCX_AGG(1.0),Social expenditure aggregates,I,SWE,Sweden,A,Annual,SOCX,Social expenditure,USD_PPP_PS,"US dollars per person, PPP converted",ES10,Public,_T,Total,TP31,Incapacity related,V,Current prices,1996,,1063.18,,A,Normal value,0,Units,1,One,_Z,Not applicable,,
DATAFLOW,OECD.ELS.SPD:DSD_SOCX_AGG@DF_SOCX_AGG(1.0),Social expenditure aggregates,I,SWE,Sweden,A,Annual,SOCX,Social expenditure,USD_PPP_PS,"US dollars per person, PPP converted",ES10,Public,_T,Total,TP31,Incapacity related,V,Current prices,1997,,1051.742,,A,Normal value,0,Units,1,One,_Z,Not applicable,,
DATAFLOW,OECD.ELS.SPD:DSD_SOCX_AGG@DF_SOCX_AGG(1.0),Social expenditure aggregates,I,SWE,Sweden,A,Annual,SOCX,Social expenditure,USD_PPP_PS,"US dollars per person, PPP converted",ES10,Public,_T,Total,TP31,Incapacity related,V,Current prices,1998,,1129.817,,A,Normal value,0,Units,1,One,_Z,Not applicable,,
DATAFLOW,OECD.ELS.SPD:DSD_SOCX_AGG@DF_SOCX_AGG(1.0),Social expenditure aggregates,I,SWE,Sweden,A,Annual,SOCX,Social expenditure,USD_PPP_PS,"US dollars per person, PPP converted",ES10,Public,_T,Total,TP31,Incapacity related,V,Current prices,1999,,1253.125,,A,Normal value,0,Units,1,One,_Z,Not applicable,,
DATAFLOW,OECD.ELS.SPD:DSD_SOCX_AGG@DF_SOCX_AGG(1.0),Social expenditure aggregates,I,SWE,Sweden,A,Annual,SOCX,Social expenditure,USD_PPP_PS,"US dollars per person, PPP converted",ES10,Public,_T,Total,TP31,Incapacity related,V,Current prices,2000,,1460.252,,A,Normal value,0,Units,1,One,_Z,Not applicable,,
DATAFLOW,OECD.ELS.SPD:DSD_SOCX_AGG@DF_SOCX_AGG(1.0),Social expenditure aggregates,I,SWE,Sweden,A,Annual,SOCX,Social expenditure,USD_PPP_PS,"US dollars per person, PPP converted",ES10,Public,_T,Total,TP31,Incapacity related,V,Current prices,2001,,1556.079,,A,Normal value,0,Units,1,One,_Z,Not applicable,,
DATAFLOW,OECD.ELS.SPD:DSD_SOCX_AGG@DF_SOCX_AGG(1.0),Social expenditure aggregates,I,SWE,Sweden,A,Annual,SOCX,Social expenditure,USD_PPP_PS,"US dollars per person, PPP converted",ES10,Public,_T,Total,TP31,Incapacity related,V,Current prices,2002,,1684.415,,A,Normal value,0,Units,1,One,_Z,Not applicable,,
DATAFLOW,OECD.ELS.SPD:DSD_SOCX_AGG@DF_SOCX_AGG(1.0),Social expenditure aggregates,I,SWE,Sweden,A,Annual,SOCX,Social expenditure,USD_PPP_PS,"US dollars per person, PPP converted",ES10,Public,_T,Total,TP31,Incapacity related,V,Current prices,2003,,1763.056,,A,Normal value,0,Units,1,One,_Z,Not applicable,,
DATAFLOW,OECD.ELS.SPD:DSD_SOCX_AGG@DF_SOCX_AGG(1.0),Social expenditure aggregates,I,SWE,Sweden,A,Annual,SOCX,Social expenditure,USD_PPP_PS,"US dollars per person, PPP converted",ES10,Public,_T,Total,TP31,Incapacity related,V,Current prices,2004,,1814.157,,A,Normal value,0,Units,1,One,_Z,Not applicable,,
DATAFLOW,OECD.ELS.SPD:DSD_SOCX_AGG@DF_SOCX_AGG(1.0),Social expenditure aggregates,I,SWE,Sweden,A,Annual,SOCX,Social expenditure,USD_PPP_PS,"US dollars per person, PPP converted",ES10,Public,_T,Total,TP31,Incapacity related,V,Current prices,2005,,1789.234,,A,Normal value,0,Units,1,One,_Z,Not applicable,,
DATAFLOW,OECD.ELS.SPD:DSD_SOCX_AGG@DF_SOCX_AGG(1.0),Social expenditure aggregates,I,SWE,Sweden,A,Annual,SOCX,Social expenditure,USD_PPP_PS,"US dollars per person, PPP converted",ES10,Public,_T,Total,TP31,Incapacity related,V,Current prices,2006,,1871.76,,A,Normal value,0,Units,1,One,_Z,Not applicable,,
DATAFLOW,OECD.ELS.SPD:DSD_SOCX_AGG@DF_SOCX_AGG(1.0),Social expenditure aggregates,I,SWE,Sweden,A,Annual,SOCX,Social expenditure,USD_PPP_PS,"US dollars per person, PPP converted",ES10,Public,_T,Total,TP31,Incapacity related,V,Current prices,2007,,1907.777,,A,Normal value,0,Units,1,One,_Z,Not applicable,,
DATAFLOW,OECD.ELS.SPD:DSD_SOCX_AGG@DF_SOCX_AGG(1.0),Social expenditure aggregates,I,SWE,Sweden,A,Annual,SOCX,Social expenditure,USD_PPP_PS,"US dollars per person, PPP converted",ES10,Public,_T,Total,TP31,Incapacity related,V,Current prices,2008,,1887.253,,A,Normal value,0,Units,1,One,_Z,Not applicable,,
DATAFLOW,OECD.ELS.SPD:DSD_SOCX_AGG@DF_SOCX_AGG(1.0),Social expenditure aggregates,I,SWE,Sweden,A,Annual,SOCX,Social expenditure,USD_PPP_PS,"US dollars per person, PPP converted",ES10,Public,_T,Total,TP31,Incapacity related,V,Current prices,2009,,1819.71,,A,Normal value,0,Units,1,One,_Z,Not applicable,,
DATAFLOW,OECD.ELS.SPD:DSD_SOCX_AGG@DF_SOCX_AGG(1.0),Social expenditure aggregates,I,SWE,Sweden,A,Annual,SOCX,Social expenditure,USD_PPP_PS,"US dollars per person, PPP converted",ES10,Public,_T,Total,TP31,Incapacity related,V,Current prices,2010,,1722.974,,A,Normal value,0,Units,1,One,_Z,Not applicable,,
DATAFLOW,OECD.ELS.SPD:DSD_SOCX_AGG@DF_SOCX_AGG(1.0),Social expenditure aggregates,I,SWE,Sweden,A,Annual,SOCX,Social expenditure,USD_PPP_PS,"US dollars per person, PPP converted",ES10,Public,_T,Total,TP31,Incapacity related,V,Current prices,2011,,1771.579,,A,Normal value,0,Units,1,One,_Z,Not applicable,,
DATAFLOW,OECD.ELS.SPD:DSD_SOCX_AGG@DF_SOCX_AGG(1.0),Social expenditure aggregates,I,SWE,Sweden,A,Annual,SOCX,Social expenditure,USD_PPP_PS,"US dollars per person, PPP converted",ES10,Public,_T,Total,TP31,Incapacity related,V,Current prices,2012,,1744.151,,A,Normal value,0,Units,1,One,_Z,Not applicable,,
DATAFLOW,OECD.ELS.SPD:DSD_SOCX_AGG@DF_SOCX_AGG(1.0),Social expenditure aggregates,I,SWE,Sweden,A,Annual,SOCX,Social expenditure,USD_PPP_PS,"US dollars per person, PPP converted",ES10,Public,_T,Total,TP31,Incapacity related,V,Current prices,2013,,1822.275,,A,Normal value,0,Units,1,One,_Z,Not applicable,,
DATAFLOW,OECD.ELS.SPD:DSD_SOCX_AGG@DF_SOCX_AGG(1.0),Social expenditure aggregates,I,SWE,Sweden,A,Annual,SOCX,Social expenditure,USD_PPP_PS,"US dollars per person, PPP converted",ES10,Public,_T,Total,TP31,Incapacity related,V,Current prices,2014,,1825.843,,A,Normal value,0,Units,1,One,_Z,Not applicable,,
DATAFLOW,OECD.ELS.SPD:DSD_SOCX_AGG@DF_SOCX_AGG(1.0),Social expenditure aggregates,I,SWE,Sweden,A,Annual,SOCX,Social expenditure,USD_PPP_PS,"US dollars per person, PPP converted",ES10,Public,_T,Total,TP31,Incapacity related,V,Current prices,2015,,1868.087,,A,Normal value,0,Units,1,One,_Z,Not applicable,,
DATAFLOW,OECD.ELS.SPD:DSD_SOCX_AGG@DF_SOCX_AGG(1.0),Social expenditure aggregates,I,SWE,Sweden,A,Annual,SOCX,Social expenditure,USD_PPP_PS,"US dollars per person, PPP converted",ES10,Public,_T,Total,TP31,Incapacity related,V,Current prices,2016,,1863.859,,A,Normal value,0,Units,1,One,_Z,Not applicable,,
DATAFLOW,OECD.ELS.SPD:DSD_SOCX_AGG@DF_SOCX_AGG(1.0),Social expenditure aggregates,I,SWE,Sweden,A,Annual,SOCX,Social expenditure,USD_PPP_PS,"US dollars per person, PPP converted",ES10,Public,_T,Total,TP31,Incapacity related,V,Current prices,2017,,1853.016,,A,Normal value,0,Units,1,One,_Z,Not applicable,,
DATAFLOW,OECD.ELS.SPD:DSD_SOCX_AGG@DF_SOCX_AGG(1.0),Social expenditure aggregates,I,SWE,Sweden,A,Annual,SOCX,Social expenditure,USD_PPP_PS,"US dollars per person, PPP converted",ES10,Public,_T,Total,TP31,Incapacity related,V,Current prices,2018,,1880.776,,A,Normal value,0,Units,1,One,_Z,Not applicable,,
DATAFLOW,OECD.ELS.SPD:DSD_SOCX_AGG@DF_SOCX_AGG(1.0),Social expenditure aggregates,I,SWE,Sweden,A,Annual,SOCX,Social expenditure,USD_PPP_PS,"US dollars per person, PPP converted",ES10,Public,_T,Total,TP31,Incapacity related,V,Current prices,2019,,1926.763,,A,Normal value,0,Units,1,One,_Z,Not applicable,,
DATAFLOW,OECD.ELS.SPD:DSD_SOCX_AGG@DF_SOCX_AGG(1.0),Social expenditure aggregates,I,SWE,Sweden,A,Annual,SOCX,Social expenditure,USD_PPP_PS,"US dollars per person, PPP converted",ES10,Public,_T,Total,TP31,Incapacity related,V,Current prices,2020,,2252.43,,A,Normal value,0,Units,1,One,_Z,Not applicable,,
DATAFLOW,OECD.ELS.SPD:DSD_SOCX_AGG@DF_SOCX_AGG(1.0),Social expenditure aggregates,I,SWE,Sweden,A,Annual,SOCX,Social expenditure,USD_PPP_PS,"US dollars per person, PPP converted",ES10,Public,_T,Total,TP31,Incapacity related,V,Current prices,2021,,2051.105,,A,Normal value,0,Units,1,One,_Z,Not applicable,,
DATAFLOW,OECD.ELS.SPD:DSD_SOCX_AGG@DF_SOCX_AGG(1.0),Social expenditure aggregates,I,SWE,Sweden,A,Annual,SOCX,Social expenditure,USD_PPP_PS,"US dollars per person, PPP converted",ES10,Public,K,In kind spending,TP31,Incapacity related,V,Current prices,1990,,85.551,,A,Normal value,0,Units,1,One,_Z,Not applicable,,
DATAFLOW,OECD.ELS.SPD:DSD_SOCX_AGG@DF_SOCX_AGG(1.0),Social expenditure aggregates,I,SWE,Sweden,A,Annual,SOCX,Social expenditure,USD_PPP_PS,"US dollars per person, PPP converted",ES10,Public,K,In kind spending,TP31,Incapacity related,V,Current prices,1991,,88.718,,A,Normal value,0,Units,1,One,_Z,Not applicable,,
DATAFLOW,OECD.ELS.SPD:DSD_SOCX_AGG@DF_SOCX_AGG(1.0),Social expenditure aggregates,I,SWE,Sweden,A,Annual,SOCX,Social expenditure,USD_PPP_PS,"US dollars per person, PPP converted",ES10,Public,K,In kind spending,TP31,Incapacity related,V,Current prices,1992,,93.89,,A,Normal value,0,Units,1,One,_Z,Not applicable,,
DATAFLOW,OECD.ELS.SPD:DSD_SOCX_AGG@DF_SOCX_AGG(1.0),Social expenditure aggregates,I,SWE,Sweden,A,Annual,SOCX,Social expenditure,USD_PPP_PS,"US dollars per person, PPP converted",ES10,Public,K,In kind spending,TP31,Incapacity related,V,Current prices,1993,,209.736,,A,Normal value,0,Units,1,One,_Z,Not applicable,,
DATAFLOW,OECD.ELS.SPD:DSD_SOCX_AGG@DF_SOCX_AGG(1.0),Social expenditure aggregates,I,SWE,Sweden,A,Annual,SOCX,Social expenditure,USD_PPP_PS,"US dollars per person, PPP converted",ES10,Public,K,In kind spending,TP31,Incapacity related,V,Current prices,1994,,236.739,,A,Normal value,0,Units,1,One,_Z,Not applicable,,
DATAFLOW,OECD.ELS.SPD:DSD_SOCX_AGG@DF_SOCX_AGG(1.0),Social expenditure aggregates,I,SWE,Sweden,A,Annual,SOCX,Social expenditure,USD_PPP_PS,"US dollars per person, PPP converted",ES10,Public,K,In kind spending,TP31,Incapacity related,V,Current prices,1995,,285.363,,A,Normal value,0,Units,1,One,_Z,Not applicable,,
DATAFLOW,OECD.ELS.SPD:DSD_SOCX_AGG@DF_SOCX_AGG(1.0),Social expenditure aggregates,I,SWE,Sweden,A,Annual,SOCX,Social expenditure,USD_PPP_PS,"US dollars per person, PPP converted",ES10,Public,K,In kind spending,TP31,Incapacity related,V,Current prices,1996,,296.893,,A,Normal value,0,Units,1,One,_Z,Not applicable,,
DATAFLOW,OECD.ELS.SPD:DSD_SOCX_AGG@DF_SOCX_AGG(1.0),Social expenditure aggregates,I,SWE,Sweden,A,Annual,SOCX,Social expenditure,USD_PPP_PS,"US dollars per person, PPP converted",ES10,Public,K,In kind spending,TP31,Incapacity related,V,Current prices,1997,,298.218,,A,Normal value,0,Units,1,One,_Z,Not applicable,,
DATAFLOW,OECD.ELS.SPD:DSD_SOCX_AGG@DF_SOCX_AGG(1.0),Social expenditure aggregates,I,SWE,Sweden,A,Annual,SOCX,Social expenditure,USD_PPP_PS,"US dollars per person, PPP converted",ES10,Public,K,In kind spending,TP31,Incapacity related,V,Current prices,1998,,320.048,,A,Normal value,0,Units,1,One,_Z,Not applicable,,
DATAFLOW,OECD.ELS.SPD:DSD_SOCX_AGG@DF_SOCX_AGG(1.0),Social expenditure aggregates,I,SWE,Sweden,A,Annual,SOCX,Social expenditure,USD_PPP_PS,"US dollars per person, PPP converted",ES10,Public,K,In kind spending,TP31,Incapacity related,V,Current prices,1999,,358.649,,A,Normal value,0,Units,1,One,_Z,Not applicable,,
DATAFLOW,OECD.ELS.SPD:DSD_SOCX_AGG@DF_SOCX_AGG(1.0),Social expenditure aggregates,I,SWE,Sweden,A,Annual,SOCX,Social expenditure,USD_PPP_PS,"US dollars per person, PPP converted",ES10,Public,K,In kind spending,TP31,Incapacity related,V,Current prices,2000,,459.735,,A,Normal value,0,Units,1,One,_Z,Not applicable,,
DATAFLOW,OECD.ELS.SPD:DSD_SOCX_AGG@DF_SOCX_AGG(1.0),Social expenditure aggregates,I,SWE,Sweden,A,Annual,SOCX,Social expenditure,USD_PPP_PS,"US dollars per person, PPP converted",ES10,Public,K,In kind spending,TP31,Incapacity related,V,Current prices,2001,,482.531,,A,Normal value,0,Units,1,One,_Z,Not applicable,,
DATAFLOW,OECD.ELS.SPD:DSD_SOCX_AGG@DF_SOCX_AGG(1.0),Social expenditure aggregates,I,SWE,Sweden,A,Annual,SOCX,Social expenditure,USD_PPP_PS,"US dollars per person, PPP converted",ES10,Public,K,In kind spending,TP31,Incapacity related,V,Current prices,2002,,515.022,,A,Normal value,0,Units,1,One,_Z,Not applicable,,
DATAFLOW,OECD.ELS.SPD:DSD_SOCX_AGG@DF_SOCX_AGG(1.0),Social expenditure aggregates,I,SWE,Sweden,A,Annual,SOCX,Social expenditure,USD_PPP_PS,"US dollars per person, PPP converted",ES10,Public,K,In kind spending,TP31,Incapacity related,V,Current prices,2003,,551.794,,A,Normal value,0,Units,1,One,_Z,Not applicable,,
DATAFLOW,OECD.ELS.SPD:DSD_SOCX_AGG@DF_SOCX_AGG(1.0),Social expenditure aggregates,I,SWE,Sweden,A,Annual,SOCX,Social expenditure,USD_PPP_PS,"US dollars per person, PPP converted",ES10,Public,K,In kind spending,TP31,Incapacity related,V,Current prices,2004,,588.747,,A,Normal value,0,Units,1,One,_Z,Not applicable,,
DATAFLOW,OECD.ELS.SPD:DSD_SOCX_AGG@DF_SOCX_AGG(1.0),Social expenditure aggregates,I,SWE,Sweden,A,Annual,SOCX,Social expenditure,USD_PPP_PS,"US dollars per person, PPP converted",ES10,Public,K,In kind spending,TP31,Incapacity related,V,Current prices,2005,,600.798,,A,Normal value,0,Units,1,One,_Z,Not applicable,,
DATAFLOW,OECD.ELS.SPD:DSD_SOCX_AGG@DF_SOCX_AGG(1.0),Social expenditure aggregates,I,SWE,Sweden,A,Annual,SOCX,Social expenditure,USD_PPP_PS,"US dollars per person, PPP converted",ES10,Public,K,In kind spending,TP31,Incapacity related,V,Current prices,2006,,650.031,,A,Normal value,0,Units,1,One,_Z,Not applicable,,
DATAFLOW,OECD.ELS.SPD:DSD_SOCX_AGG@DF_SOCX_AGG(1.0),Social expenditure aggregates,I,SWE,Sweden,A,Annual,SOCX,Social expenditure,USD_PPP_PS,"US dollars per person, PPP converted",ES10,Public,K,In kind spending,TP31,Incapacity related,V,Current prices,2007,,708.169,,A,Normal value,0,Units,1,One,_Z,Not applicable,,
DATAFLOW,OECD.ELS.SPD:DSD_SOCX_AGG@DF_SOCX_AGG(1.0),Social expenditure aggregates,I,SWE,Sweden,A,Annual,SOCX,Social expenditure,USD_PPP_PS,"US dollars per person, PPP converted",ES10,Public,K,In kind spending,TP31,Incapacity related,V,Current prices,2008,,750.257,,A,Normal value,0,Units,1,One,_Z,Not applicable,,
DATAFLOW,OECD.ELS.SPD:DSD_SOCX_AGG@DF_SOCX_AGG(1.0),Social expenditure aggregates,I,SWE,Sweden,A,Annual,SOCX,Social expenditure,USD_PPP_PS,"US dollars per person, PPP converted",ES10,Public,K,In kind spending,TP31,Incapacity related,V,Current prices,2009,,767.513,,A,Normal value,0,Units,1,One,_Z,Not applicable,,
DATAFLOW,OECD.ELS.SPD:DSD_SOCX_AGG@DF_SOCX_AGG(1.0),Social expenditure aggregates,I,SWE,Sweden,A,Annual,SOCX,Social expenditure,USD_PPP_PS,"US dollars per person, PPP converted",ES10,Public,K,In kind spending,TP31,Incapacity related,V,Current prices,2010,,788.79,,A,Normal value,0,Units,1,One,_Z,Not applicable,,
DATAFLOW,OECD.ELS.SPD:DSD_SOCX_AGG@DF_SOCX_AGG(1.0),Social expenditure aggregates,I,SWE,Sweden,A,Annual,SOCX,Social expenditure,USD_PPP_PS,"US dollars per person, PPP converted",ES10,Public,K,In kind spending,TP31,Incapacity related,V,Current prices,2011,,856.369,,A,Normal value,0,Units,1,One,_Z,Not applicable,,
DATAFLOW,OECD.ELS.SPD:DSD_SOCX_AGG@DF_SOCX_AGG(1.0),Social expenditure aggregates,I,SWE,Sweden,A,Annual,SOCX,Social expenditure,USD_PPP_PS,"US dollars per person, PPP converted",ES10,Public,K,In kind spending,TP31,Incapacity related,V,Current prices,2012,,809.583,,A,Normal value,0,Units,1,One,_Z,Not applicable,,
DATAFLOW,OECD.ELS.SPD:DSD_SOCX_AGG@DF_SOCX_AGG(1.0),Social expenditure aggregates,I,SWE,Sweden,A,Annual,SOCX,Social expenditure,USD_PPP_PS,"US dollars per person, PPP converted",ES10,Public,K,In kind spending,TP31,Incapacity related,V,Current prices,2013,,863.275,,A,Normal value,0,Units,1,One,_Z,Not applicable,,
DATAFLOW,OECD.ELS.SPD:DSD_SOCX_AGG@DF_SOCX_AGG(1.0),Social expenditure aggregates,I,SWE,Sweden,A,Annual,SOCX,Social expenditure,USD_PPP_PS,"US dollars per person, PPP converted",ES10,Public,K,In kind spending,TP31,Incapacity related,V,Current prices,2014,,861.756,,A,Normal value,0,Units,1,One,_Z,Not applicable,,
DATAFLOW,OECD.ELS.SPD:DSD_SOCX_AGG@DF_SOCX_AGG(1.0),Social expenditure aggregates,I,SWE,Sweden,A,Annual,SOCX,Social expenditure,USD_PPP_PS,"US dollars per person, PPP converted",ES10,Public,K,In kind spending,TP31,Incapacity related,V,Current prices,2015,,888.219,,A,Normal value,0,Units,1,One,_Z,Not applicable,,
DATAFLOW,OECD.ELS.SPD:DSD_SOCX_AGG@DF_SOCX_AGG(1.0),Social expenditure aggregates,I,SWE,Sweden,A,Annual,SOCX,Social expenditure,USD_PPP_PS,"US dollars per person, PPP converted",ES10,Public,K,In kind spending,TP31,Incapacity related,V,Current prices,2016,,882.547,,A,Normal value,0,Units,1,One,_Z,Not applicable,,
DATAFLOW,OECD.ELS.SPD:DSD_SOCX_AGG@DF_SOCX_AGG(1.0),Social expenditure aggregates,I,SWE,Sweden,A,Annual,SOCX,Social expenditure,USD_PPP_PS,"US dollars per person, PPP converted",ES10,Public,K,In kind spending,TP31,Incapacity related,V,Current prices,2017,,913.592,,A,Normal value,0,Units,1,One,_Z,Not applicable,,
DATAFLOW,OECD.ELS.SPD:DSD_SOCX_AGG@DF_SOCX_AGG(1.0),Social expenditure aggregates,I,SWE,Sweden,A,Annual,SOCX,Social expenditure,USD_PPP_PS,"US dollars per person, PPP converted",ES10,Public,K,In kind spending,TP31,Incapacity related,V,Current prices,2018,,961.732,,A,Normal value,0,Units,1,One,_Z,Not applicable,,
DATAFLOW,OECD.ELS.SPD:DSD_SOCX_AGG@DF_SOCX_AGG(1.0),Social expenditure aggregates,I,SWE,Sweden,A,Annual,SOCX,Social expenditure,USD_PPP_PS,"US dollars per person, PPP converted",ES10,Public,K,In kind spending,TP31,Incapacity related,V,Current prices,2019,,996.844,,A,Normal value,0,Units,1,One,_Z,Not applicable,,
DATAFLOW,OECD.ELS.SPD:DSD_SOCX_AGG@DF_SOCX_AGG(1.0),Social expenditure aggregates,I,SWE,Sweden,A,Annual,SOCX,Social expenditure,USD_PPP_PS,"US dollars per person, PPP converted",ES10,Public,K,In kind spending,TP31,Incapacity related,V,Current prices,2020,,1013.606,,A,Normal value,0,Units,1,One,_Z,Not applicable,,
DATAFLOW,OECD.ELS.SPD:DSD_SOCX_AGG@DF_SOCX_AGG(1.0),Social expenditure aggregates,I,SWE,Sweden,A,Annual,SOCX,Social expenditure,USD_PPP_PS,"US dollars per person, PPP converted",ES10,Public,K,In kind spending,TP31,Incapacity related,V,Current prices,2021,,1057.237,,A,Normal value,0,Units,1,One,_Z,Not applicable,,
DATAFLOW,OECD.ELS.SPD:DSD_SOCX_AGG@DF_SOCX_AGG(1.0),Social expenditure aggregates,I,SWE,Sweden,A,Annual,SOCX,Social expenditure,USD_PPP_PS,"US dollars per person, PPP converted",ES10,Public,C,In cash spending,TP31,Incapacity related,V,Current prices,1990,,969.997,,A,Normal value,0,Units,1,One,_Z,Not applicable,,
DATAFLOW,OECD.ELS.SPD:DSD_SOCX_AGG@DF_SOCX_AGG(1.0),Social expenditure aggregates,I,SWE,Sweden,A,Annual,SOCX,Social expenditure,USD_PPP_PS,"US dollars per person, PPP converted",ES10,Public,C,In cash spending,TP31,Incapacity related,V,Current prices,1991,,940.436,,A,Normal value,0,Units,1,One,_Z,Not applicable,,
DATAFLOW,OECD.ELS.SPD:DSD_SOCX_AGG@DF_SOCX_AGG(1.0),Social expenditure aggregates,I,SWE,Sweden,A,Annual,SOCX,Social expenditure,USD_PPP_PS,"US dollars per person, PPP converted",ES10,Public,C,In cash spending,TP31,Incapacity related,V,Current prices,1992,,822.57,,A,Normal value,0,Units,1,One,_Z,Not applicable,,
DATAFLOW,OECD.ELS.SPD:DSD_SOCX_AGG@DF_SOCX_AGG(1.0),Social expenditure aggregates,I,SWE,Sweden,A,Annual,SOCX,Social expenditure,USD_PPP_PS,"US dollars per person, PPP converted",ES10,Public,C,In cash spending,TP31,Incapacity related,V,Current prices,1993,,841.461,,A,Normal value,0,Units,1,One,_Z,Not applicable,,
DATAFLOW,OECD.ELS.SPD:DSD_SOCX_AGG@DF_SOCX_AGG(1.0),Social expenditure aggregates,I,SWE,Sweden,A,Annual,SOCX,Social expenditure,USD_PPP_PS,"US dollars per person, PPP converted",ES10,Public,C,In cash spending,TP31,Incapacity related,V,Current prices,1994,,821.179,,A,Normal value,0,Units,1,One,_Z,Not applicable,,
DATAFLOW,OECD.ELS.SPD:DSD_SOCX_AGG@DF_SOCX_AGG(1.0),Social expenditure aggregates,I,SWE,Sweden,A,Annual,SOCX,Social expenditure,USD_PPP_PS,"US dollars per person, PPP converted",ES10,Public,C,In cash spending,TP31,Incapacity related,V,Current prices,1995,,795.472,,A,Normal value,0,Units,1,One,_Z,Not applicable,,
DATAFLOW,OECD.ELS.SPD:DSD_SOCX_AGG@DF_SOCX_AGG(1.0),Social expenditure aggregates,I,SWE,Sweden,A,Annual,SOCX,Social expenditure,USD_PPP_PS,"US dollars per person, PPP converted",ES10,Public,C,In cash spending,TP31,Incapacity related,V,Current prices,1996,,766.287,,A,Normal value,0,Units,1,One,_Z,Not applicable,,
DATAFLOW,OECD.ELS.SPD:DSD_SOCX_AGG@DF_SOCX_AGG(1.0),Social expenditure aggregates,I,SWE,Sweden,A,Annual,SOCX,Social expenditure,USD_PPP_PS,"US dollars per person, PPP converted",ES10,Public,C,In cash spending,TP31,Incapacity related,V,Current prices,1997,,753.524,,A,Normal value,0,Units,1,One,_Z,Not applicable,,
DATAFLOW,OECD.ELS.SPD:DSD_SOCX_AGG@DF_SOCX_AGG(1.0),Social expenditure aggregates,I,SWE,Sweden,A,Annual,SOCX,Social expenditure,USD_PPP_PS,"US dollars per person, PPP converted",ES10,Public,C,In cash spending,TP31,Incapacity related,V,Current prices,1998,,809.769,,A,Normal value,0,Units,1,One,_Z,Not applicable,,
DATAFLOW,OECD.ELS.SPD:DSD_SOCX_AGG@DF_SOCX_AGG(1.0),Social expenditure aggregates,I,SWE,Sweden,A,Annual,SOCX,Social expenditure,USD_PPP_PS,"US dollars per person, PPP converted",ES10,Public,C,In cash spending,TP31,Incapacity related,V,Current prices,1999,,894.476,,A,Normal value,0,Units,1,One,_Z,Not applicable,,
DATAFLOW,OECD.ELS.SPD:DSD_SOCX_AGG@DF_SOCX_AGG(1.0),Social expenditure aggregates,I,SWE,Sweden,A,Annual,SOCX,Social expenditure,USD_PPP_PS,"US dollars per person, PPP converted",ES10,Public,C,In cash spending,TP31,Incapacity related,V,Current prices,2000,,1000.516,,A,Normal value,0,Units,1,One,_Z,Not applicable,,
DATAFLOW,OECD.ELS.SPD:DSD_SOCX_AGG@DF_SOCX_AGG(1.0),Social expenditure aggregates,I,SWE,Sweden,A,Annual,SOCX,Social expenditure,USD_PPP_PS,"US dollars per person, PPP converted",ES10,Public,C,In cash spending,TP31,Incapacity related,V,Current prices,2001,,1073.548,,A,Normal value,0,Units,1,One,_Z,Not applicable,,
DATAFLOW,OECD.ELS.SPD:DSD_SOCX_AGG@DF_SOCX_AGG(1.0),Social expenditure aggregates,I,SWE,Sweden,A,Annual,SOCX,Social expenditure,USD_PPP_PS,"US dollars per person, PPP converted",ES10,Public,C,In cash spending,TP31,Incapacity related,V,Current prices,2002,,1169.393,,A,Normal value,0,Units,1,One,_Z,Not applicable,,
DATAFLOW,OECD.ELS.SPD:DSD_SOCX_AGG@DF_SOCX_AGG(1.0),Social expenditure aggregates,I,SWE,Sweden,A,Annual,SOCX,Social expenditure,USD_PPP_PS,"US dollars per person, PPP converted",ES10,Public,C,In cash spending,TP31,Incapacity related,V,Current prices,2003,,1211.263,,A,Normal value,0,Units,1,One,_Z,Not applicable,,
DATAFLOW,OECD.ELS.SPD:DSD_SOCX_AGG@DF_SOCX_AGG(1.0),Social expenditure aggregates,I,SWE,Sweden,A,Annual,SOCX,Social expenditure,USD_PPP_PS,"US dollars per person, PPP converted",ES10,Public,C,In cash spending,TP31,Incapacity related,V,Current prices,2004,,1225.41,,A,Normal value,0,Units,1,One,_Z,Not applicable,,
DATAFLOW,OECD.ELS.SPD:DSD_SOCX_AGG@DF_SOCX_AGG(1.0),Social expenditure aggregates,I,SWE,Sweden,A,Annual,SOCX,Social expenditure,USD_PPP_PS,"US dollars per person, PPP converted",ES10,Public,C,In cash spending,TP31,Incapacity related,V,Current prices,2005,,1188.436,,A,Normal value,0,Units,1,One,_Z,Not applicable,,
DATAFLOW,OECD.ELS.SPD:DSD_SOCX_AGG@DF_SOCX_AGG(1.0),Social expenditure aggregates,I,SWE,Sweden,A,Annual,SOCX,Social expenditure,USD_PPP_PS,"US dollars per person, PPP converted",ES10,Public,C,In cash spending,TP31,Incapacity related,V,Current prices,2006,,1221.729,,A,Normal value,0,Units,1,One,_Z,Not applicable,,
DATAFLOW,OECD.ELS.SPD:DSD_SOCX_AGG@DF_SOCX_AGG(1.0),Social expenditure aggregates,I,SWE,Sweden,A,Annual,SOCX,Social expenditure,USD_PPP_PS,"US dollars per person, PPP converted",ES10,Public,C,In cash spending,TP31,Incapacity related,V,Current prices,2007,,1199.608,,A,Normal value,0,Units,1,One,_Z,Not applicable,,
DATAFLOW,OECD.ELS.SPD:DSD_SOCX_AGG@DF_SOCX_AGG(1.0),Social expenditure aggregates,I,SWE,Sweden,A,Annual,SOCX,Social expenditure,USD_PPP_PS,"US dollars per person, PPP converted",ES10,Public,C,In cash spending,TP31,Incapacity related,V,Current prices,2008,,1136.995,,A,Normal value,0,Units,1,One,_Z,Not applicable,,
DATAFLOW,OECD.ELS.SPD:DSD_SOCX_AGG@DF_SOCX_AGG(1.0),Social expenditure aggregates,I,SWE,Sweden,A,Annual,SOCX,Social expenditure,USD_PPP_PS,"US dollars per person, PPP converted",ES10,Public,C,In cash spending,TP31,Incapacity related,V,Current prices,2009,,1052.197,,A,Normal value,0,Units,1,One,_Z,Not applicable,,
DATAFLOW,OECD.ELS.SPD:DSD_SOCX_AGG@DF_SOCX_AGG(1.0),Social expenditure aggregates,I,SWE,Sweden,A,Annual,SOCX,Social expenditure,USD_PPP_PS,"US dollars per person, PPP converted",ES10,Public,C,In cash spending,TP31,Incapacity related,V,Current prices,2010,,934.185,,A,Normal value,0,Units,1,One,_Z,Not applicable,,
DATAFLOW,OECD.ELS.SPD:DSD_SOCX_AGG@DF_SOCX_AGG(1.0),Social expenditure aggregates,I,SWE,Sweden,A,Annual,SOCX,Social expenditure,USD_PPP_PS,"US dollars per person, PPP converted",ES10,Public,C,In cash spending,TP31,Incapacity related,V,Current prices,2011,,915.209,,A,Normal value,0,Units,1,One,_Z,Not applicable,,
DATAFLOW,OECD.ELS.SPD:DSD_SOCX_AGG@DF_SOCX_AGG(1.0),Social expenditure aggregates,I,SWE,Sweden,A,Annual,SOCX,Social expenditure,USD_PPP_PS,"US dollars per person, PPP converted",ES10,Public,C,In cash spending,TP31,Incapacity related,V,Current prices,2012,,934.568,,A,Normal value,0,Units,1,One,_Z,Not applicable,,
DATAFLOW,OECD.ELS.SPD:DSD_SOCX_AGG@DF_SOCX_AGG(1.0),Social expenditure aggregates,I,SWE,Sweden,A,Annual,SOCX,Social expenditure,USD_PPP_PS,"US dollars per person, PPP converted",ES10,Public,C,In cash spending,TP31,Incapacity related,V,Current prices,2013,,959,,A,Normal value,0,Units,1,One,_Z,Not applicable,,
DATAFLOW,OECD.ELS.SPD:DSD_SOCX_AGG@DF_SOCX_AGG(1.0),Social expenditure aggregates,I,SWE,Sweden,A,Annual,SOCX,Social expenditure,USD_PPP_PS,"US dollars per person, PPP converted",ES10,Public,C,In cash spending,TP31,Incapacity related,V,Current prices,2014,,964.087,,A,Normal value,0,Units,1,One,_Z,Not applicable,,
DATAFLOW,OECD.ELS.SPD:DSD_SOCX_AGG@DF_SOCX_AGG(1.0),Social expenditure aggregates,I,SWE,Sweden,A,Annual,SOCX,Social expenditure,USD_PPP_PS,"US dollars per person, PPP converted",ES10,Public,C,In cash spending,TP31,Incapacity related,V,Current prices,2015,,979.868,,A,Normal value,0,Units,1,One,_Z,Not applicable,,
DATAFLOW,OECD.ELS.SPD:DSD_SOCX_AGG@DF_SOCX_AGG(1.0),Social expenditure aggregates,I,SWE,Sweden,A,Annual,SOCX,Social expenditure,USD_PPP_PS,"US dollars per person, PPP converted",ES10,Public,C,In cash spending,TP31,Incapacity related,V,Current prices,2016,,981.312,,A,Normal value,0,Units,1,One,_Z,Not applicable,,
DATAFLOW,OECD.ELS.SPD:DSD_SOCX_AGG@DF_SOCX_AGG(1.0),Social expenditure aggregates,I,SWE,Sweden,A,Annual,SOCX,Social expenditure,USD_PPP_PS,"US dollars per person, PPP converted",ES10,Public,C,In cash spending,TP31,Incapacity related,V,Current prices,2017,,939.425,,A,Normal value,0,Units,1,One,_Z,Not applicable,,
DATAFLOW,OECD.ELS.SPD:DSD_SOCX_AGG@DF_SOCX_AGG(1.0),Social expenditure aggregates,I,SWE,Sweden,A,Annual,SOCX,Social expenditure,USD_PPP_PS,"US dollars per person, PPP converted",ES10,Public,C,In cash spending,TP31,Incapacity related,V,Current prices,2018,,919.044,,A,Normal value,0,Units,1,One,_Z,Not applicable,,
DATAFLOW,OECD.ELS.SPD:DSD_SOCX_AGG@DF_SOCX_AGG(1.0),Social expenditure aggregates,I,SWE,Sweden,A,Annual,SOCX,Social expenditure,USD_PPP_PS,"US dollars per person, PPP converted",ES10,Public,C,In cash spending,TP31,Incapacity related,V,Current prices,2019,,929.919,,A,Normal value,0,Units,1,One,_Z,Not applicable,,
DATAFLOW,OECD.ELS.SPD:DSD_SOCX_AGG@DF_SOCX_AGG(1.0),Social expenditure aggregates,I,SWE,Sweden,A,Annual,SOCX,Social expenditure,USD_PPP_PS,"US dollars per person, PPP converted",ES10,Public,C,In cash spending,TP31,Incapacity related,V,Current prices,2020,,1238.824,,A,Normal value,0,Units,1,One,_Z,Not applicable,,
DATAFLOW,OECD.ELS.SPD:DSD_SOCX_AGG@DF_SOCX_AGG(1.0),Social expenditure aggregates,I,SWE,Sweden,A,Annual,SOCX,Social expenditure,USD_PPP_PS,"US dollars per person, PPP converted",ES10,Public,C,In cash spending,TP31,Incapacity related,V,Current prices,2021,,993.868,,A,Normal value,0,Units,1,One,_Z,Not applicable,,
DATAFLOW,OECD.ELS.SPD:DSD_SOCX_AGG@DF_SOCX_AGG(1.0),Social expenditure aggregates,I,SWE,Sweden,A,Annual,SOCX,Social expenditure,USD_PPP_PS,"US dollars per person, PPP converted",ES10,Public,C,In cash spending,TP31,Incapacity related,Q,Constant prices,1990,,1582.369,,A,Normal value,0,Units,1,One,_Z,Not applicable,,
DATAFLOW,OECD.ELS.SPD:DSD_SOCX_AGG@DF_SOCX_AGG(1.0),Social expenditure aggregates,I,SWE,Sweden,A,Annual,SOCX,Social expenditure,USD_PPP_PS,"US dollars per person, PPP converted",ES10,Public,C,In cash spending,TP31,Incapacity related,Q,Constant prices,1991,,1483.963,,A,Normal value,0,Units,1,One,_Z,Not applicable,,
DATAFLOW,OECD.ELS.SPD:DSD_SOCX_AGG@DF_SOCX_AGG(1.0),Social expenditure aggregates,I,SWE,Sweden,A,Annual,SOCX,Social expenditure,USD_PPP_PS,"US dollars per person, PPP converted",ES10,Public,C,In cash spending,TP31,Incapacity related,Q,Constant prices,1992,,1269.055,,A,Normal value,0,Units,1,One,_Z,Not applicable,,
DATAFLOW,OECD.ELS.SPD:DSD_SOCX_AGG@DF_SOCX_AGG(1.0),Social expenditure aggregates,I,SWE,Sweden,A,Annual,SOCX,Social expenditure,USD_PPP_PS,"US dollars per person, PPP converted",ES10,Public,C,In cash spending,TP31,Incapacity related,Q,Constant prices,1993,,1268.141,,A,Normal value,0,Units,1,One,_Z,Not applicable,,
DATAFLOW,OECD.ELS.SPD:DSD_SOCX_AGG@DF_SOCX_AGG(1.0),Social expenditure aggregates,I,SWE,Sweden,A,Annual,SOCX,Social expenditure,USD_PPP_PS,"US dollars per person, PPP converted",ES10,Public,C,In cash spending,TP31,Incapacity related,Q,Constant prices,1994,,1212.712,,A,Normal value,0,Units,1,One,_Z,Not applicable,,
DATAFLOW,OECD.ELS.SPD:DSD_SOCX_AGG@DF_SOCX_AGG(1.0),Social expenditure aggregates,I,SWE,Sweden,A,Annual,SOCX,Social expenditure,USD_PPP_PS,"US dollars per person, PPP converted",ES10,Public,C,In cash spending,TP31,Incapacity related,Q,Constant prices,1995,,1151.802,,A,Normal value,0,Units,1,One,_Z,Not applicable,,
DATAFLOW,OECD.ELS.SPD:DSD_SOCX_AGG@DF_SOCX_AGG(1.0),Social expenditure aggregates,I,SWE,Sweden,A,Annual,SOCX,Social expenditure,USD_PPP_PS,"US dollars per person, PPP converted",ES10,Public,C,In cash spending,TP31,Incapacity related,Q,Constant prices,1996,,1085.537,,A,Normal value,0,Units,1,One,_Z,Not applicable,,
DATAFLOW,OECD.ELS.SPD:DSD_SOCX_AGG@DF_SOCX_AGG(1.0),Social expenditure aggregates,I,SWE,Sweden,A,Annual,SOCX,Social expenditure,USD_PPP_PS,"US dollars per person, PPP converted",ES10,Public,C,In cash spending,TP31,Incapacity related,Q,Constant prices,1997,,1061.068,,A,Normal value,0,Units,1,One,_Z,Not applicable,,
DATAFLOW,OECD.ELS.SPD:DSD_SOCX_AGG@DF_SOCX_AGG(1.0),Social expenditure aggregates,I,SWE,Sweden,A,Annual,SOCX,Social expenditure,USD_PPP_PS,"US dollars per person, PPP converted",ES10,Public,C,In cash spending,TP31,Incapacity related,Q,Constant prices,1998,,1138.276,,A,Normal value,0,Units,1,One,_Z,Not applicable,,
DATAFLOW,OECD.ELS.SPD:DSD_SOCX_AGG@DF_SOCX_AGG(1.0),Social expenditure aggregates,I,SWE,Sweden,A,Annual,SOCX,Social expenditure,USD_PPP_PS,"US dollars per person, PPP converted",ES10,Public,C,In cash spending,TP31,Incapacity related,Q,Constant prices,1999,,1232.919,,A,Normal value,0,Units,1,One,_Z,Not applicable,,
DATAFLOW,OECD.ELS.SPD:DSD_SOCX_AGG@DF_SOCX_AGG(1.0),Social expenditure aggregates,I,SWE,Sweden,A,Annual,SOCX,Social expenditure,USD_PPP_PS,"US dollars per person, PPP converted",ES10,Public,C,In cash spending,TP31,Incapacity related,Q,Constant prices,2000,,1336.902,,A,Normal value,0,Units,1,One,_Z,Not applicable,,
DATAFLOW,OECD.ELS.SPD:DSD_SOCX_AGG@DF_SOCX_AGG(1.0),Social expenditure aggregates,I,SWE,Sweden,A,Annual,SOCX,Social expenditure,USD_PPP_PS,"US dollars per person, PPP converted",ES10,Public,C,In cash spending,TP31,Incapacity related,Q,Constant prices,2001,,1434.648,,A,Normal value,0,Units,1,One,_Z,Not applicable,,
DATAFLOW,OECD.ELS.SPD:DSD_SOCX_AGG@DF_SOCX_AGG(1.0),Social expenditure aggregates,I,SWE,Sweden,A,Annual,SOCX,Social expenditure,USD_PPP_PS,"US dollars per person, PPP converted",ES10,Public,C,In cash spending,TP31,Incapacity related,Q,Constant prices,2002,,1539.764,,A,Normal value,0,Units,1,One,_Z,Not applicable,,
DATAFLOW,OECD.ELS.SPD:DSD_SOCX_AGG@DF_SOCX_AGG(1.0),Social expenditure aggregates,I,SWE,Sweden,A,Annual,SOCX,Social expenditure,USD_PPP_PS,"US dollars per person, PPP converted",ES10,Public,C,In cash spending,TP31,Incapacity related,Q,Constant prices,2003,,1577.902,,A,Normal value,0,Units,1,One,_Z,Not applicable,,
DATAFLOW,OECD.ELS.SPD:DSD_SOCX_AGG@DF_SOCX_AGG(1.0),Social expenditure aggregates,I,SWE,Sweden,A,Annual,SOCX,Social expenditure,USD_PPP_PS,"US dollars per person, PPP converted",ES10,Public,C,In cash spending,TP31,Incapacity related,Q,Constant prices,2004,,1557.658,,A,Normal value,0,Units,1,One,_Z,Not applicable,,
DATAFLOW,OECD.ELS.SPD:DSD_SOCX_AGG@DF_SOCX_AGG(1.0),Social expenditure aggregates,I,SWE,Sweden,A,Annual,SOCX,Social expenditure,USD_PPP_PS,"US dollars per person, PPP converted",ES10,Public,C,In cash spending,TP31,Incapacity related,Q,Constant prices,2005,,1529.065,,A,Normal value,0,Units,1,One,_Z,Not applicable,,
DATAFLOW,OECD.ELS.SPD:DSD_SOCX_AGG@DF_SOCX_AGG(1.0),Social expenditure aggregates,I,SWE,Sweden,A,Annual,SOCX,Social expenditure,USD_PPP_PS,"US dollars per person, PPP converted",ES10,Public,C,In cash spending,TP31,Incapacity related,Q,Constant prices,2006,,1485.003,,A,Normal value,0,Units,1,One,_Z,Not applicable,,
DATAFLOW,OECD.ELS.SPD:DSD_SOCX_AGG@DF_SOCX_AGG(1.0),Social expenditure aggregates,I,SWE,Sweden,A,Annual,SOCX,Social expenditure,USD_PPP_PS,"US dollars per person, PPP converted",ES10,Public,C,In cash spending,TP31,Incapacity related,Q,Constant prices,2007,,1379.275,,A,Normal value,0,Units,1,One,_Z,Not applicable,,
DATAFLOW,OECD.ELS.SPD:DSD_SOCX_AGG@DF_SOCX_AGG(1.0),Social expenditure aggregates,I,SWE,Sweden,A,Annual,SOCX,Social expenditure,USD_PPP_PS,"US dollars per person, PPP converted",ES10,Public,C,In cash spending,TP31,Incapacity related,Q,Constant prices,2008,,1251.665,,A,Normal value,0,Units,1,One,_Z,Not applicable,,
DATAFLOW,OECD.ELS.SPD:DSD_SOCX_AGG@DF_SOCX_AGG(1.0),Social expenditure aggregates,I,SWE,Sweden,A,Annual,SOCX,Social expenditure,USD_PPP_PS,"US dollars per person, PPP converted",ES10,Public,C,In cash spending,TP31,Incapacity related,Q,Constant prices,2009,,1149.927,,A,Normal value,0,Units,1,One,_Z,Not applicable,,
DATAFLOW,OECD.ELS.SPD:DSD_SOCX_AGG@DF_SOCX_AGG(1.0),Social expenditure aggregates,I,SWE,Sweden,A,Annual,SOCX,Social expenditure,USD_PPP_PS,"US dollars per person, PPP converted",ES10,Public,C,In cash spending,TP31,Incapacity related,Q,Constant prices,2010,,1022.457,,A,Normal value,0,Units,1,One,_Z,Not applicable,,
DATAFLOW,OECD.ELS.SPD:DSD_SOCX_AGG@DF_SOCX_AGG(1.0),Social expenditure aggregates,I,SWE,Sweden,A,Annual,SOCX,Social expenditure,USD_PPP_PS,"US dollars per person, PPP converted",ES10,Public,C,In cash spending,TP31,Incapacity related,Q,Constant prices,2011,,970.63,,A,Normal value,0,Units,1,One,_Z,Not applicable,,
DATAFLOW,OECD.ELS.SPD:DSD_SOCX_AGG@DF_SOCX_AGG(1.0),Social expenditure aggregates,I,SWE,Sweden,A,Annual,SOCX,Social expenditure,USD_PPP_PS,"US dollars per person, PPP converted",ES10,Public,C,In cash spending,TP31,Incapacity related,Q,Constant prices,2012,,960.826,,A,Normal value,0,Units,1,One,_Z,Not applicable,,
DATAFLOW,OECD.ELS.SPD:DSD_SOCX_AGG@DF_SOCX_AGG(1.0),Social expenditure aggregates,I,SWE,Sweden,A,Annual,SOCX,Social expenditure,USD_PPP_PS,"US dollars per person, PPP converted",ES10,Public,C,In cash spending,TP31,Incapacity related,Q,Constant prices,2013,,969.631,,A,Normal value,0,Units,1,One,_Z,Not applicable,,
DATAFLOW,OECD.ELS.SPD:DSD_SOCX_AGG@DF_SOCX_AGG(1.0),Social expenditure aggregates,I,SWE,Sweden,A,Annual,SOCX,Social expenditure,USD_PPP_PS,"US dollars per person, PPP converted",ES10,Public,C,In cash spending,TP31,Incapacity related,Q,Constant prices,2014,,971.644,,A,Normal value,0,Units,1,One,_Z,Not applicable,,
DATAFLOW,OECD.ELS.SPD:DSD_SOCX_AGG@DF_SOCX_AGG(1.0),Social expenditure aggregates,I,SWE,Sweden,A,Annual,SOCX,Social expenditure,USD_PPP_PS,"US dollars per person, PPP converted",ES10,Public,C,In cash spending,TP31,Incapacity related,Q,Constant prices,2015,,979.868,,A,Normal value,0,Units,1,One,_Z,Not applicable,,
DATAFLOW,OECD.ELS.SPD:DSD_SOCX_AGG@DF_SOCX_AGG(1.0),Social expenditure aggregates,I,SWE,Sweden,A,Annual,SOCX,Social expenditure,USD_PPP_PS,"US dollars per person, PPP converted",ES10,Public,C,In cash spending,TP31,Incapacity related,Q,Constant prices,2016,,961.898,,A,Normal value,0,Units,1,One,_Z,Not applicable,,
DATAFLOW,OECD.ELS.SPD:DSD_SOCX_AGG@DF_SOCX_AGG(1.0),Social expenditure aggregates,I,SWE,Sweden,A,Annual,SOCX,Social expenditure,USD_PPP_PS,"US dollars per person, PPP converted",ES10,Public,C,In cash spending,TP31,Incapacity related,Q,Constant prices,2017,,903.811,,A,Normal value,0,Units,1,One,_Z,Not applicable,,
DATAFLOW,OECD.ELS.SPD:DSD_SOCX_AGG@DF_SOCX_AGG(1.0),Social expenditure aggregates,I,SWE,Sweden,A,Annual,SOCX,Social expenditure,USD_PPP_PS,"US dollars per person, PPP converted",ES10,Public,C,In cash spending,TP31,Incapacity related,Q,Constant prices,2018,,862.988,,A,Normal value,0,Units,1,One,_Z,Not applicable,,
DATAFLOW,OECD.ELS.SPD:DSD_SOCX_AGG@DF_SOCX_AGG(1.0),Social expenditure aggregates,I,SWE,Sweden,A,Annual,SOCX,Social expenditure,USD_PPP_PS,"US dollars per person, PPP converted",ES10,Public,C,In cash spending,TP31,Incapacity related,Q,Constant prices,2019,,825.457,,A,Normal value,0,Units,1,One,_Z,Not applicable,,
DATAFLOW,OECD.ELS.SPD:DSD_SOCX_AGG@DF_SOCX_AGG(1.0),Social expenditure aggregates,I,SWE,Sweden,A,Annual,SOCX,Social expenditure,USD_PPP_PS,"US dollars per person, PPP converted",ES10,Public,C,In cash spending,TP31,Incapacity related,Q,Constant prices,2020,,1061.609,,A,Normal value,0,Units,1,One,_Z,Not applicable,,
DATAFLOW,OECD.ELS.SPD:DSD_SOCX_AGG@DF_SOCX_AGG(1.0),Social expenditure aggregates,I,SWE,Sweden,A,Annual,SOCX,Social expenditure,USD_PPP_PS,"US dollars per person, PPP converted",ES10,Public,C,In cash spending,TP31,Incapacity related,Q,Constant prices,2021,,816.795,,A,Normal value,0,Units,1,One,_Z,Not applicable,,
DATAFLOW,OECD.ELS.SPD:DSD_SOCX_AGG@DF_SOCX_AGG(1.0),Social expenditure aggregates,I,SWE,Sweden,A,Annual,SOCX,Social expenditure,USD_PPP_PS,"US dollars per person, PPP converted",ES10,Public,K,In kind spending,TP31,Incapacity related,Q,Constant prices,1990,,139.56,,A,Normal value,0,Units,1,One,_Z,Not applicable,,
DATAFLOW,OECD.ELS.SPD:DSD_SOCX_AGG@DF_SOCX_AGG(1.0),Social expenditure aggregates,I,SWE,Sweden,A,Annual,SOCX,Social expenditure,USD_PPP_PS,"US dollars per person, PPP converted",ES10,Public,K,In kind spending,TP31,Incapacity related,Q,Constant prices,1991,,139.993,,A,Normal value,0,Units,1,One,_Z,Not applicable,,
DATAFLOW,OECD.ELS.SPD:DSD_SOCX_AGG@DF_SOCX_AGG(1.0),Social expenditure aggregates,I,SWE,Sweden,A,Annual,SOCX,Social expenditure,USD_PPP_PS,"US dollars per person, PPP converted",ES10,Public,K,In kind spending,TP31,Incapacity related,Q,Constant prices,1992,,144.853,,A,Normal value,0,Units,1,One,_Z,Not applicable,,
DATAFLOW,OECD.ELS.SPD:DSD_SOCX_AGG@DF_SOCX_AGG(1.0),Social expenditure aggregates,I,SWE,Sweden,A,Annual,SOCX,Social expenditure,USD_PPP_PS,"US dollars per person, PPP converted",ES10,Public,K,In kind spending,TP31,Incapacity related,Q,Constant prices,1993,,316.088,,A,Normal value,0,Units,1,One,_Z,Not applicable,,
DATAFLOW,OECD.ELS.SPD:DSD_SOCX_AGG@DF_SOCX_AGG(1.0),Social expenditure aggregates,I,SWE,Sweden,A,Annual,SOCX,Social expenditure,USD_PPP_PS,"US dollars per person, PPP converted",ES10,Public,K,In kind spending,TP31,Incapacity related,Q,Constant prices,1994,,349.615,,A,Normal value,0,Units,1,One,_Z,Not applicable,,
DATAFLOW,OECD.ELS.SPD:DSD_SOCX_AGG@DF_SOCX_AGG(1.0),Social expenditure aggregates,I,SWE,Sweden,A,Annual,SOCX,Social expenditure,USD_PPP_PS,"US dollars per person, PPP converted",ES10,Public,K,In kind spending,TP31,Incapacity related,Q,Constant prices,1995,,413.191,,A,Normal value,0,Units,1,One,_Z,Not applicable,,
DATAFLOW,OECD.ELS.SPD:DSD_SOCX_AGG@DF_SOCX_AGG(1.0),Social expenditure aggregates,I,SWE,Sweden,A,Annual,SOCX,Social expenditure,USD_PPP_PS,"US dollars per person, PPP converted",ES10,Public,K,In kind spending,TP31,Incapacity related,Q,Constant prices,1996,,420.584,,A,Normal value,0,Units,1,One,_Z,Not applicable,,
DATAFLOW,OECD.ELS.SPD:DSD_SOCX_AGG@DF_SOCX_AGG(1.0),Social expenditure aggregates,I,SWE,Sweden,A,Annual,SOCX,Social expenditure,USD_PPP_PS,"US dollars per person, PPP converted",ES10,Public,K,In kind spending,TP31,Incapacity related,Q,Constant prices,1997,,419.934,,A,Normal value,0,Units,1,One,_Z,Not applicable,,
DATAFLOW,OECD.ELS.SPD:DSD_SOCX_AGG@DF_SOCX_AGG(1.0),Social expenditure aggregates,I,SWE,Sweden,A,Annual,SOCX,Social expenditure,USD_PPP_PS,"US dollars per person, PPP converted",ES10,Public,K,In kind spending,TP31,Incapacity related,Q,Constant prices,1998,,449.885,,A,Normal value,0,Units,1,One,_Z,Not applicable,,
DATAFLOW,OECD.ELS.SPD:DSD_SOCX_AGG@DF_SOCX_AGG(1.0),Social expenditure aggregates,I,SWE,Sweden,A,Annual,SOCX,Social expenditure,USD_PPP_PS,"US dollars per person, PPP converted",ES10,Public,K,In kind spending,TP31,Incapacity related,Q,Constant prices,1999,,494.35,,A,Normal value,0,Units,1,One,_Z,Not applicable,,
DATAFLOW,OECD.ELS.SPD:DSD_SOCX_AGG@DF_SOCX_AGG(1.0),Social expenditure aggregates,I,SWE,Sweden,A,Annual,SOCX,Social expenditure,USD_PPP_PS,"US dollars per person, PPP converted",ES10,Public,K,In kind spending,TP31,Incapacity related,Q,Constant prices,2000,,614.304,,A,Normal value,0,Units,1,One,_Z,Not applicable,,
DATAFLOW,OECD.ELS.SPD:DSD_SOCX_AGG@DF_SOCX_AGG(1.0),Social expenditure aggregates,I,SWE,Sweden,A,Annual,SOCX,Social expenditure,USD_PPP_PS,"US dollars per person, PPP converted",ES10,Public,K,In kind spending,TP31,Incapacity related,Q,Constant prices,2001,,644.836,,A,Normal value,0,Units,1,One,_Z,Not applicable,,
DATAFLOW,OECD.ELS.SPD:DSD_SOCX_AGG@DF_SOCX_AGG(1.0),Social expenditure aggregates,I,SWE,Sweden,A,Annual,SOCX,Social expenditure,USD_PPP_PS,"US dollars per person, PPP converted",ES10,Public,K,In kind spending,TP31,Incapacity related,Q,Constant prices,2002,,678.14,,A,Normal value,0,Units,1,One,_Z,Not applicable,,
DATAFLOW,OECD.ELS.SPD:DSD_SOCX_AGG@DF_SOCX_AGG(1.0),Social expenditure aggregates,I,SWE,Sweden,A,Annual,SOCX,Social expenditure,USD_PPP_PS,"US dollars per person, PPP converted",ES10,Public,K,In kind spending,TP31,Incapacity related,Q,Constant prices,2003,,718.817,,A,Normal value,0,Units,1,One,_Z,Not applicable,,
DATAFLOW,OECD.ELS.SPD:DSD_SOCX_AGG@DF_SOCX_AGG(1.0),Social expenditure aggregates,I,SWE,Sweden,A,Annual,SOCX,Social expenditure,USD_PPP_PS,"US dollars per person, PPP converted",ES10,Public,K,In kind spending,TP31,Incapacity related,Q,Constant prices,2004,,748.376,,A,Normal value,0,Units,1,One,_Z,Not applicable,,
DATAFLOW,OECD.ELS.SPD:DSD_SOCX_AGG@DF_SOCX_AGG(1.0),Social expenditure aggregates,I,SWE,Sweden,A,Annual,SOCX,Social expenditure,USD_PPP_PS,"US dollars per person, PPP converted",ES10,Public,K,In kind spending,TP31,Incapacity related,Q,Constant prices,2005,,772.998,,A,Normal value,0,Units,1,One,_Z,Not applicable,,
DATAFLOW,OECD.ELS.SPD:DSD_SOCX_AGG@DF_SOCX_AGG(1.0),Social expenditure aggregates,I,SWE,Sweden,A,Annual,SOCX,Social expenditure,USD_PPP_PS,"US dollars per person, PPP converted",ES10,Public,K,In kind spending,TP31,Incapacity related,Q,Constant prices,2006,,790.108,,A,Normal value,0,Units,1,One,_Z,Not applicable,,
DATAFLOW,OECD.ELS.SPD:DSD_SOCX_AGG@DF_SOCX_AGG(1.0),Social expenditure aggregates,I,SWE,Sweden,A,Annual,SOCX,Social expenditure,USD_PPP_PS,"US dollars per person, PPP converted",ES10,Public,K,In kind spending,TP31,Incapacity related,Q,Constant prices,2007,,814.233,,A,Normal value,0,Units,1,One,_Z,Not applicable,,
DATAFLOW,OECD.ELS.SPD:DSD_SOCX_AGG@DF_SOCX_AGG(1.0),Social expenditure aggregates,I,SWE,Sweden,A,Annual,SOCX,Social expenditure,USD_PPP_PS,"US dollars per person, PPP converted",ES10,Public,K,In kind spending,TP31,Incapacity related,Q,Constant prices,2008,,825.923,,A,Normal value,0,Units,1,One,_Z,Not applicable,,
DATAFLOW,OECD.ELS.SPD:DSD_SOCX_AGG@DF_SOCX_AGG(1.0),Social expenditure aggregates,I,SWE,Sweden,A,Annual,SOCX,Social expenditure,USD_PPP_PS,"US dollars per person, PPP converted",ES10,Public,K,In kind spending,TP31,Incapacity related,Q,Constant prices,2009,,838.801,,A,Normal value,0,Units,1,One,_Z,Not applicable,,
DATAFLOW,OECD.ELS.SPD:DSD_SOCX_AGG@DF_SOCX_AGG(1.0),Social expenditure aggregates,I,SWE,Sweden,A,Annual,SOCX,Social expenditure,USD_PPP_PS,"US dollars per person, PPP converted",ES10,Public,K,In kind spending,TP31,Incapacity related,Q,Constant prices,2010,,863.323,,A,Normal value,0,Units,1,One,_Z,Not applicable,,
DATAFLOW,OECD.ELS.SPD:DSD_SOCX_AGG@DF_SOCX_AGG(1.0),Social expenditure aggregates,I,SWE,Sweden,A,Annual,SOCX,Social expenditure,USD_PPP_PS,"US dollars per person, PPP converted",ES10,Public,K,In kind spending,TP31,Incapacity related,Q,Constant prices,2011,,908.227,,A,Normal value,0,Units,1,One,_Z,Not applicable,,
DATAFLOW,OECD.ELS.SPD:DSD_SOCX_AGG@DF_SOCX_AGG(1.0),Social expenditure aggregates,I,SWE,Sweden,A,Annual,SOCX,Social expenditure,USD_PPP_PS,"US dollars per person, PPP converted",ES10,Public,K,In kind spending,TP31,Incapacity related,Q,Constant prices,2012,,832.329,,A,Normal value,0,Units,1,One,_Z,Not applicable,,
DATAFLOW,OECD.ELS.SPD:DSD_SOCX_AGG@DF_SOCX_AGG(1.0),Social expenditure aggregates,I,SWE,Sweden,A,Annual,SOCX,Social expenditure,USD_PPP_PS,"US dollars per person, PPP converted",ES10,Public,K,In kind spending,TP31,Incapacity related,Q,Constant prices,2013,,872.846,,A,Normal value,0,Units,1,One,_Z,Not applicable,,
DATAFLOW,OECD.ELS.SPD:DSD_SOCX_AGG@DF_SOCX_AGG(1.0),Social expenditure aggregates,I,SWE,Sweden,A,Annual,SOCX,Social expenditure,USD_PPP_PS,"US dollars per person, PPP converted",ES10,Public,K,In kind spending,TP31,Incapacity related,Q,Constant prices,2014,,868.511,,A,Normal value,0,Units,1,One,_Z,Not applicable,,
DATAFLOW,OECD.ELS.SPD:DSD_SOCX_AGG@DF_SOCX_AGG(1.0),Social expenditure aggregates,I,SWE,Sweden,A,Annual,SOCX,Social expenditure,USD_PPP_PS,"US dollars per person, PPP converted",ES10,Public,K,In kind spending,TP31,Incapacity related,Q,Constant prices,2015,,888.219,,A,Normal value,0,Units,1,One,_Z,Not applicable,,
DATAFLOW,OECD.ELS.SPD:DSD_SOCX_AGG@DF_SOCX_AGG(1.0),Social expenditure aggregates,I,SWE,Sweden,A,Annual,SOCX,Social expenditure,USD_PPP_PS,"US dollars per person, PPP converted",ES10,Public,K,In kind spending,TP31,Incapacity related,Q,Constant prices,2016,,865.086,,A,Normal value,0,Units,1,One,_Z,Not applicable,,
DATAFLOW,OECD.ELS.SPD:DSD_SOCX_AGG@DF_SOCX_AGG(1.0),Social expenditure aggregates,I,SWE,Sweden,A,Annual,SOCX,Social expenditure,USD_PPP_PS,"US dollars per person, PPP converted",ES10,Public,K,In kind spending,TP31,Incapacity related,Q,Constant prices,2017,,878.957,,A,Normal value,0,Units,1,One,_Z,Not applicable,,
DATAFLOW,OECD.ELS.SPD:DSD_SOCX_AGG@DF_SOCX_AGG(1.0),Social expenditure aggregates,I,SWE,Sweden,A,Annual,SOCX,Social expenditure,USD_PPP_PS,"US dollars per person, PPP converted",ES10,Public,K,In kind spending,TP31,Incapacity related,Q,Constant prices,2018,,903.072,,A,Normal value,0,Units,1,One,_Z,Not applicable,,
DATAFLOW,OECD.ELS.SPD:DSD_SOCX_AGG@DF_SOCX_AGG(1.0),Social expenditure aggregates,I,SWE,Sweden,A,Annual,SOCX,Social expenditure,USD_PPP_PS,"US dollars per person, PPP converted",ES10,Public,K,In kind spending,TP31,Incapacity related,Q,Constant prices,2019,,884.864,,A,Normal value,0,Units,1,One,_Z,Not applicable,,
DATAFLOW,OECD.ELS.SPD:DSD_SOCX_AGG@DF_SOCX_AGG(1.0),Social expenditure aggregates,I,SWE,Sweden,A,Annual,SOCX,Social expenditure,USD_PPP_PS,"US dollars per person, PPP converted",ES10,Public,K,In kind spending,TP31,Incapacity related,Q,Constant prices,2020,,868.609,,A,Normal value,0,Units,1,One,_Z,Not applicable,,
DATAFLOW,OECD.ELS.SPD:DSD_SOCX_AGG@DF_SOCX_AGG(1.0),Social expenditure aggregates,I,SWE,Sweden,A,Annual,SOCX,Social expenditure,USD_PPP_PS,"US dollars per person, PPP converted",ES10,Public,K,In kind spending,TP31,Incapacity related,Q,Constant prices,2021,,868.874,,A,Normal value,0,Units,1,One,_Z,Not applicable,,
DATAFLOW,OECD.ELS.SPD:DSD_SOCX_AGG@DF_SOCX_AGG(1.0),Social expenditure aggregates,I,SWE,Sweden,A,Annual,SOCX,Social expenditure,USD_PPP_PS,"US dollars per person, PPP converted",ES10,Public,_T,Total,TP31,Incapacity related,Q,Constant prices,1990,,1721.93,,A,Normal value,0,Units,1,One,_Z,Not applicable,,
DATAFLOW,OECD.ELS.SPD:DSD_SOCX_AGG@DF_SOCX_AGG(1.0),Social expenditure aggregates,I,SWE,Sweden,A,Annual,SOCX,Social expenditure,USD_PPP_PS,"US dollars per person, PPP converted",ES10,Public,_T,Total,TP31,Incapacity related,Q,Constant prices,1991,,1623.956,,A,Normal value,0,Units,1,One,_Z,Not applicable,,
DATAFLOW,OECD.ELS.SPD:DSD_SOCX_AGG@DF_SOCX_AGG(1.0),Social expenditure aggregates,I,SWE,Sweden,A,Annual,SOCX,Social expenditure,USD_PPP_PS,"US dollars per person, PPP converted",ES10,Public,_T,Total,TP31,Incapacity related,Q,Constant prices,1992,,1413.908,,A,Normal value,0,Units,1,One,_Z,Not applicable,,
DATAFLOW,OECD.ELS.SPD:DSD_SOCX_AGG@DF_SOCX_AGG(1.0),Social expenditure aggregates,I,SWE,Sweden,A,Annual,SOCX,Social expenditure,USD_PPP_PS,"US dollars per person, PPP converted",ES10,Public,_T,Total,TP31,Incapacity related,Q,Constant prices,1993,,1584.229,,A,Normal value,0,Units,1,One,_Z,Not applicable,,
DATAFLOW,OECD.ELS.SPD:DSD_SOCX_AGG@DF_SOCX_AGG(1.0),Social expenditure aggregates,I,SWE,Sweden,A,Annual,SOCX,Social expenditure,USD_PPP_PS,"US dollars per person, PPP converted",ES10,Public,_T,Total,TP31,Incapacity related,Q,Constant prices,1994,,1562.327,,A,Normal value,0,Units,1,One,_Z,Not applicable,,
DATAFLOW,OECD.ELS.SPD:DSD_SOCX_AGG@DF_SOCX_AGG(1.0),Social expenditure aggregates,I,SWE,Sweden,A,Annual,SOCX,Social expenditure,USD_PPP_PS,"US dollars per person, PPP converted",ES10,Public,_T,Total,TP31,Incapacity related,Q,Constant prices,1995,,1564.992,,A,Normal value,0,Units,1,One,_Z,Not applicable,,
DATAFLOW,OECD.ELS.SPD:DSD_SOCX_AGG@DF_SOCX_AGG(1.0),Social expenditure aggregates,I,SWE,Sweden,A,Annual,SOCX,Social expenditure,USD_PPP_PS,"US dollars per person, PPP converted",ES10,Public,_T,Total,TP31,Incapacity related,Q,Constant prices,1996,,1506.122,,A,Normal value,0,Units,1,One,_Z,Not applicable,,
DATAFLOW,OECD.ELS.SPD:DSD_SOCX_AGG@DF_SOCX_AGG(1.0),Social expenditure aggregates,I,SWE,Sweden,A,Annual,SOCX,Social expenditure,USD_PPP_PS,"US dollars per person, PPP converted",ES10,Public,_T,Total,TP31,Incapacity related,Q,Constant prices,1997,,1481.002,,A,Normal value,0,Units,1,One,_Z,Not applicable,,
DATAFLOW,OECD.ELS.SPD:DSD_SOCX_AGG@DF_SOCX_AGG(1.0),Social expenditure aggregates,I,SWE,Sweden,A,Annual,SOCX,Social expenditure,USD_PPP_PS,"US dollars per person, PPP converted",ES10,Public,_T,Total,TP31,Incapacity related,Q,Constant prices,1998,,1588.161,,A,Normal value,0,Units,1,One,_Z,Not applicable,,
DATAFLOW,OECD.ELS.SPD:DSD_SOCX_AGG@DF_SOCX_AGG(1.0),Social expenditure aggregates,I,SWE,Sweden,A,Annual,SOCX,Social expenditure,USD_PPP_PS,"US dollars per person, PPP converted",ES10,Public,_T,Total,TP31,Incapacity related,Q,Constant prices,1999,,1727.269,,A,Normal value,0,Units,1,One,_Z,Not applicable,,
DATAFLOW,OECD.ELS.SPD:DSD_SOCX_AGG@DF_SOCX_AGG(1.0),Social expenditure aggregates,I,SWE,Sweden,A,Annual,SOCX,Social expenditure,USD_PPP_PS,"US dollars per person, PPP converted",ES10,Public,_T,Total,TP31,Incapacity related,Q,Constant prices,2000,,1951.206,,A,Normal value,0,Units,1,One,_Z,Not applicable,,
DATAFLOW,OECD.ELS.SPD:DSD_SOCX_AGG@DF_SOCX_AGG(1.0),Social expenditure aggregates,I,SWE,Sweden,A,Annual,SOCX,Social expenditure,USD_PPP_PS,"US dollars per person, PPP converted",ES10,Public,_T,Total,TP31,Incapacity related,Q,Constant prices,2001,,2079.484,,A,Normal value,0,Units,1,One,_Z,Not applicable,,
DATAFLOW,OECD.ELS.SPD:DSD_SOCX_AGG@DF_SOCX_AGG(1.0),Social expenditure aggregates,I,SWE,Sweden,A,Annual,SOCX,Social expenditure,USD_PPP_PS,"US dollars per person, PPP converted",ES10,Public,_T,Total,TP31,Incapacity related,Q,Constant prices,2002,,2217.904,,A,Normal value,0,Units,1,One,_Z,Not applicable,,
DATAFLOW,OECD.ELS.SPD:DSD_SOCX_AGG@DF_SOCX_AGG(1.0),Social expenditure aggregates,I,SWE,Sweden,A,Annual,SOCX,Social expenditure,USD_PPP_PS,"US dollars per person, PPP converted",ES10,Public,_T,Total,TP31,Incapacity related,Q,Constant prices,2003,,2296.72,,A,Normal value,0,Units,1,One,_Z,Not applicable,,
DATAFLOW,OECD.ELS.SPD:DSD_SOCX_AGG@DF_SOCX_AGG(1.0),Social expenditure aggregates,I,SWE,Sweden,A,Annual,SOCX,Social expenditure,USD_PPP_PS,"US dollars per person, PPP converted",ES10,Public,_T,Total,TP31,Incapacity related,Q,Constant prices,2004,,2306.035,,A,Normal value,0,Units,1,One,_Z,Not applicable,,
DATAFLOW,OECD.ELS.SPD:DSD_SOCX_AGG@DF_SOCX_AGG(1.0),Social expenditure aggregates,I,SWE,Sweden,A,Annual,SOCX,Social expenditure,USD_PPP_PS,"US dollars per person, PPP converted",ES10,Public,_T,Total,TP31,Incapacity related,Q,Constant prices,2005,,2302.063,,A,Normal value,0,Units,1,One,_Z,Not applicable,,
DATAFLOW,OECD.ELS.SPD:DSD_SOCX_AGG@DF_SOCX_AGG(1.0),Social expenditure aggregates,I,SWE,Sweden,A,Annual,SOCX,Social expenditure,USD_PPP_PS,"US dollars per person, PPP converted",ES10,Public,_T,Total,TP31,Incapacity related,Q,Constant prices,2006,,2275.111,,A,Normal value,0,Units,1,One,_Z,Not applicable,,
DATAFLOW,OECD.ELS.SPD:DSD_SOCX_AGG@DF_SOCX_AGG(1.0),Social expenditure aggregates,I,SWE,Sweden,A,Annual,SOCX,Social expenditure,USD_PPP_PS,"US dollars per person, PPP converted",ES10,Public,_T,Total,TP31,Incapacity related,Q,Constant prices,2007,,2193.508,,A,Normal value,0,Units,1,One,_Z,Not applicable,,
DATAFLOW,OECD.ELS.SPD:DSD_SOCX_AGG@DF_SOCX_AGG(1.0),Social expenditure aggregates,I,SWE,Sweden,A,Annual,SOCX,Social expenditure,USD_PPP_PS,"US dollars per person, PPP converted",ES10,Public,_T,Total,TP31,Incapacity related,Q,Constant prices,2008,,2077.588,,A,Normal value,0,Units,1,One,_Z,Not applicable,,
DATAFLOW,OECD.ELS.SPD:DSD_SOCX_AGG@DF_SOCX_AGG(1.0),Social expenditure aggregates,I,SWE,Sweden,A,Annual,SOCX,Social expenditure,USD_PPP_PS,"US dollars per person, PPP converted",ES10,Public,_T,Total,TP31,Incapacity related,Q,Constant prices,2009,,1988.728,,A,Normal value,0,Units,1,One,_Z,Not applicable,,
DATAFLOW,OECD.ELS.SPD:DSD_SOCX_AGG@DF_SOCX_AGG(1.0),Social expenditure aggregates,I,SWE,Sweden,A,Annual,SOCX,Social expenditure,USD_PPP_PS,"US dollars per person, PPP converted",ES10,Public,_T,Total,TP31,Incapacity related,Q,Constant prices,2010,,1885.78,,A,Normal value,0,Units,1,One,_Z,Not applicable,,
DATAFLOW,OECD.ELS.SPD:DSD_SOCX_AGG@DF_SOCX_AGG(1.0),Social expenditure aggregates,I,SWE,Sweden,A,Annual,SOCX,Social expenditure,USD_PPP_PS,"US dollars per person, PPP converted",ES10,Public,_T,Total,TP31,Incapacity related,Q,Constant prices,2011,,1878.857,,A,Normal value,0,Units,1,One,_Z,Not applicable,,
DATAFLOW,OECD.ELS.SPD:DSD_SOCX_AGG@DF_SOCX_AGG(1.0),Social expenditure aggregates,I,SWE,Sweden,A,Annual,SOCX,Social expenditure,USD_PPP_PS,"US dollars per person, PPP converted",ES10,Public,_T,Total,TP31,Incapacity related,Q,Constant prices,2012,,1793.155,,A,Normal value,0,Units,1,One,_Z,Not applicable,,
DATAFLOW,OECD.ELS.SPD:DSD_SOCX_AGG@DF_SOCX_AGG(1.0),Social expenditure aggregates,I,SWE,Sweden,A,Annual,SOCX,Social expenditure,USD_PPP_PS,"US dollars per person, PPP converted",ES10,Public,_T,Total,TP31,Incapacity related,Q,Constant prices,2013,,1842.477,,A,Normal value,0,Units,1,One,_Z,Not applicable,,
DATAFLOW,OECD.ELS.SPD:DSD_SOCX_AGG@DF_SOCX_AGG(1.0),Social expenditure aggregates,I,SWE,Sweden,A,Annual,SOCX,Social expenditure,USD_PPP_PS,"US dollars per person, PPP converted",ES10,Public,_T,Total,TP31,Incapacity related,Q,Constant prices,2014,,1840.155,,A,Normal value,0,Units,1,One,_Z,Not applicable,,
DATAFLOW,OECD.ELS.SPD:DSD_SOCX_AGG@DF_SOCX_AGG(1.0),Social expenditure aggregates,I,SWE,Sweden,A,Annual,SOCX,Social expenditure,USD_PPP_PS,"US dollars per person, PPP converted",ES10,Public,_T,Total,TP31,Incapacity related,Q,Constant prices,2015,,1868.087,,A,Normal value,0,Units,1,One,_Z,Not applicable,,
DATAFLOW,OECD.ELS.SPD:DSD_SOCX_AGG@DF_SOCX_AGG(1.0),Social expenditure aggregates,I,SWE,Sweden,A,Annual,SOCX,Social expenditure,USD_PPP_PS,"US dollars per person, PPP converted",ES10,Public,_T,Total,TP31,Incapacity related,Q,Constant prices,2016,,1826.983,,A,Normal value,0,Units,1,One,_Z,Not applicable,,
DATAFLOW,OECD.ELS.SPD:DSD_SOCX_AGG@DF_SOCX_AGG(1.0),Social expenditure aggregates,I,SWE,Sweden,A,Annual,SOCX,Social expenditure,USD_PPP_PS,"US dollars per person, PPP converted",ES10,Public,_T,Total,TP31,Incapacity related,Q,Constant prices,2017,,1782.767,,A,Normal value,0,Units,1,One,_Z,Not applicable,,
DATAFLOW,OECD.ELS.SPD:DSD_SOCX_AGG@DF_SOCX_AGG(1.0),Social expenditure aggregates,I,SWE,Sweden,A,Annual,SOCX,Social expenditure,USD_PPP_PS,"US dollars per person, PPP converted",ES10,Public,_T,Total,TP31,Incapacity related,Q,Constant prices,2018,,1766.06,,A,Normal value,0,Units,1,One,_Z,Not applicable,,
DATAFLOW,OECD.ELS.SPD:DSD_SOCX_AGG@DF_SOCX_AGG(1.0),Social expenditure aggregates,I,SWE,Sweden,A,Annual,SOCX,Social expenditure,USD_PPP_PS,"US dollars per person, PPP converted",ES10,Public,_T,Total,TP31,Incapacity related,Q,Constant prices,2019,,1710.321,,A,Normal value,0,Units,1,One,_Z,Not applicable,,
DATAFLOW,OECD.ELS.SPD:DSD_SOCX_AGG@DF_SOCX_AGG(1.0),Social expenditure aggregates,I,SWE,Sweden,A,Annual,SOCX,Social expenditure,USD_PPP_PS,"US dollars per person, PPP converted",ES10,Public,_T,Total,TP31,Incapacity related,Q,Constant prices,2020,,1930.218,,A,Normal value,0,Units,1,One,_Z,Not applicable,,
DATAFLOW,OECD.ELS.SPD:DSD_SOCX_AGG@DF_SOCX_AGG(1.0),Social expenditure aggregates,I,SWE,Sweden,A,Annual,SOCX,Social expenditure,USD_PPP_PS,"US dollars per person, PPP converted",ES10,Public,_T,Total,TP31,Incapacity related,Q,Constant prices,2021,,1685.669,,A,Normal value,0,Units,1,One,_Z,Not applicable,,
DATAFLOW,OECD.ELS.SPD:DSD_SOCX_AGG@DF_SOCX_AGG(1.0),Social expenditure aggregates,I,IRL,Ireland,A,Annual,SOCX,Social expenditure,USD_PPP_PS,"US dollars per person, PPP converted",ES10,Public,_T,Total,TP31,Incapacity related,Q,Constant prices,1990,,450.56,,A,Normal value,0,Units,1,One,_Z,Not applicable,,
DATAFLOW,OECD.ELS.SPD:DSD_SOCX_AGG@DF_SOCX_AGG(1.0),Social expenditure aggregates,I,IRL,Ireland,A,Annual,SOCX,Social expenditure,USD_PPP_PS,"US dollars per person, PPP converted",ES10,Public,_T,Total,TP31,Incapacity related,Q,Constant prices,1991,,469.522,,A,Normal value,0,Units,1,One,_Z,Not applicable,,
DATAFLOW,OECD.ELS.SPD:DSD_SOCX_AGG@DF_SOCX_AGG(1.0),Social expenditure aggregates,I,IRL,Ireland,A,Annual,SOCX,Social expenditure,USD_PPP_PS,"US dollars per person, PPP converted",ES10,Public,_T,Total,TP31,Incapacity related,Q,Constant prices,1992,,483.345,,A,Normal value,0,Units,1,One,_Z,Not applicable,,
DATAFLOW,OECD.ELS.SPD:DSD_SOCX_AGG@DF_SOCX_AGG(1.0),Social expenditure aggregates,I,IRL,Ireland,A,Annual,SOCX,Social expenditure,USD_PPP_PS,"US dollars per person, PPP converted",ES10,Public,_T,Total,TP31,Incapacity related,Q,Constant prices,1993,,480.165,,A,Normal value,0,Units,1,One,_Z,Not applicable,,
DATAFLOW,OECD.ELS.SPD:DSD_SOCX_AGG@DF_SOCX_AGG(1.0),Social expenditure aggregates,I,IRL,Ireland,A,Annual,SOCX,Social expenditure,USD_PPP_PS,"US dollars per person, PPP converted",ES10,Public,_T,Total,TP31,Incapacity related,Q,Constant prices,1994,,480.282,,A,Normal value,0,Units,1,One,_Z,Not applicable,,
DATAFLOW,OECD.ELS.SPD:DSD_SOCX_AGG@DF_SOCX_AGG(1.0),Social expenditure aggregates,I,IRL,Ireland,A,Annual,SOCX,Social expenditure,USD_PPP_PS,"US dollars per person, PPP converted",ES10,Public,_T,Total,TP31,Incapacity related,Q,Constant prices,1995,,605.704,,A,Normal value,0,Units,1,One,_Z,Not applicable,,
DATAFLOW,OECD.ELS.SPD:DSD_SOCX_AGG@DF_SOCX_AGG(1.0),Social expenditure aggregates,I,IRL,Ireland,A,Annual,SOCX,Social expenditure,USD_PPP_PS,"US dollars per person, PPP converted",ES10,Public,_T,Total,TP31,Incapacity related,Q,Constant prices,1996,,544.628,,A,Normal value,0,Units,1,One,_Z,Not applicable,,
DATAFLOW,OECD.ELS.SPD:DSD_SOCX_AGG@DF_SOCX_AGG(1.0),Social expenditure aggregates,I,IRL,Ireland,A,Annual,SOCX,Social expenditure,USD_PPP_PS,"US dollars per person, PPP converted",ES10,Public,_T,Total,TP31,Incapacity related,Q,Constant prices,1997,,538.325,,A,Normal value,0,Units,1,One,_Z,Not applicable,,
DATAFLOW,OECD.ELS.SPD:DSD_SOCX_AGG@DF_SOCX_AGG(1.0),Social expenditure aggregates,I,IRL,Ireland,A,Annual,SOCX,Social expenditure,USD_PPP_PS,"US dollars per person, PPP converted",ES10,Public,_T,Total,TP31,Incapacity related,Q,Constant prices,1998,,547.344,,A,Normal value,0,Units,1,One,_Z,Not applicable,,
DATAFLOW,OECD.ELS.SPD:DSD_SOCX_AGG@DF_SOCX_AGG(1.0),Social expenditure aggregates,I,IRL,Ireland,A,Annual,SOCX,Social expenditure,USD_PPP_PS,"US dollars per person, PPP converted",ES10,Public,_T,Total,TP31,Incapacity related,Q,Constant prices,1999,,560.474,,A,Normal value,0,Units,1,One,_Z,Not applicable,,
DATAFLOW,OECD.ELS.SPD:DSD_SOCX_AGG@DF_SOCX_AGG(1.0),Social expenditure aggregates,I,IRL,Ireland,A,Annual,SOCX,Social expenditure,USD_PPP_PS,"US dollars per person, PPP converted",ES10,Public,_T,Total,TP31,Incapacity related,Q,Constant prices,2000,,546.654,,A,Normal value,0,Units,1,One,_Z,Not applicable,,
DATAFLOW,OECD.ELS.SPD:DSD_SOCX_AGG@DF_SOCX_AGG(1.0),Social expenditure aggregates,I,IRL,Ireland,A,Annual,SOCX,Social expenditure,USD_PPP_PS,"US dollars per person, PPP converted",ES10,Public,_T,Total,TP31,Incapacity related,Q,Constant prices,2001,,590.503,,A,Normal value,0,Units,1,One,_Z,Not applicable,,
DATAFLOW,OECD.ELS.SPD:DSD_SOCX_AGG@DF_SOCX_AGG(1.0),Social expenditure aggregates,I,IRL,Ireland,A,Annual,SOCX,Social expenditure,USD_PPP_PS,"US dollars per person, PPP converted",ES10,Public,_T,Total,TP31,Incapacity related,Q,Constant prices,2002,,654.37,,A,Normal value,0,Units,1,One,_Z,Not applicable,,
DATAFLOW,OECD.ELS.SPD:DSD_SOCX_AGG@DF_SOCX_AGG(1.0),Social expenditure aggregates,I,IRL,Ireland,A,Annual,SOCX,Social expenditure,USD_PPP_PS,"US dollars per person, PPP converted",ES10,Public,_T,Total,TP31,Incapacity related,Q,Constant prices,2003,,692.132,,A,Normal value,0,Units,1,One,_Z,Not applicable,,
DATAFLOW,OECD.ELS.SPD:DSD_SOCX_AGG@DF_SOCX_AGG(1.0),Social expenditure aggregates,I,IRL,Ireland,A,Annual,SOCX,Social expenditure,USD_PPP_PS,"US dollars per person, PPP converted",ES10,Public,_T,Total,TP31,Incapacity related,Q,Constant prices,2004,,761.289,,A,Normal value,0,Units,1,One,_Z,Not applicable,,
DATAFLOW,OECD.ELS.SPD:DSD_SOCX_AGG@DF_SOCX_AGG(1.0),Social expenditure aggregates,I,IRL,Ireland,A,Annual,SOCX,Social expenditure,USD_PPP_PS,"US dollars per person, PPP converted",ES10,Public,_T,Total,TP31,Incapacity related,Q,Constant prices,2005,,815.928,,A,Normal value,0,Units,1,One,_Z,Not applicable,,
DATAFLOW,OECD.ELS.SPD:DSD_SOCX_AGG@DF_SOCX_AGG(1.0),Social expenditure aggregates,I,IRL,Ireland,A,Annual,SOCX,Social expenditure,USD_PPP_PS,"US dollars per person, PPP converted",ES10,Public,_T,Total,TP31,Incapacity related,Q,Constant prices,2006,,883.299,,A,Normal value,0,Units,1,One,_Z,Not applicable,,
DATAFLOW,OECD.ELS.SPD:DSD_SOCX_AGG@DF_SOCX_AGG(1.0),Social expenditure aggregates,I,IRL,Ireland,A,Annual,SOCX,Social expenditure,USD_PPP_PS,"US dollars per person, PPP converted",ES10,Public,_T,Total,TP31,Incapacity related,Q,Constant prices,2007,,980.648,,A,Normal value,0,Units,1,One,_Z,Not applicable,,
DATAFLOW,OECD.ELS.SPD:DSD_SOCX_AGG@DF_SOCX_AGG(1.0),Social expenditure aggregates,I,IRL,Ireland,A,Annual,SOCX,Social expenditure,USD_PPP_PS,"US dollars per person, PPP converted",ES10,Public,_T,Total,TP31,Incapacity related,Q,Constant prices,2008,,1092.647,,A,Normal value,0,Units,1,One,_Z,Not applicable,,
DATAFLOW,OECD.ELS.SPD:DSD_SOCX_AGG@DF_SOCX_AGG(1.0),Social expenditure aggregates,I,IRL,Ireland,A,Annual,SOCX,Social expenditure,USD_PPP_PS,"US dollars per person, PPP converted",ES10,Public,_T,Total,TP31,Incapacity related,Q,Constant prices,2009,,1195.15,,A,Normal value,0,Units,1,One,_Z,Not applicable,,
DATAFLOW,OECD.ELS.SPD:DSD_SOCX_AGG@DF_SOCX_AGG(1.0),Social expenditure aggregates,I,IRL,Ireland,A,Annual,SOCX,Social expenditure,USD_PPP_PS,"US dollars per person, PPP converted",ES10,Public,_T,Total,TP31,Incapacity related,Q,Constant prices,2010,,1238.866,,A,Normal value,0,Units,1,One,_Z,Not applicable,,
DATAFLOW,OECD.ELS.SPD:DSD_SOCX_AGG@DF_SOCX_AGG(1.0),Social expenditure aggregates,I,IRL,Ireland,A,Annual,SOCX,Social expenditure,USD_PPP_PS,"US dollars per person, PPP converted",ES10,Public,_T,Total,TP31,Incapacity related,Q,Constant prices,2011,,1164.004,,A,Normal value,0,Units,1,One,_Z,Not applicable,,
DATAFLOW,OECD.ELS.SPD:DSD_SOCX_AGG@DF_SOCX_AGG(1.0),Social expenditure aggregates,I,IRL,Ireland,A,Annual,SOCX,Social expenditure,USD_PPP_PS,"US dollars per person, PPP converted",ES10,Public,_T,Total,TP31,Incapacity related,Q,Constant prices,2012,,1100.523,,A,Normal value,0,Units,1,One,_Z,Not applicable,,
DATAFLOW,OECD.ELS.SPD:DSD_SOCX_AGG@DF_SOCX_AGG(1.0),Social expenditure aggregates,I,IRL,Ireland,A,Annual,SOCX,Social expenditure,USD_PPP_PS,"US dollars per person, PPP converted",ES10,Public,_T,Total,TP31,Incapacity related,Q,Constant prices,2013,,1100.156,,A,Normal value,0,Units,1,One,_Z,Not applicable,,
DATAFLOW,OECD.ELS.SPD:DSD_SOCX_AGG@DF_SOCX_AGG(1.0),Social expenditure aggregates,I,IRL,Ireland,A,Annual,SOCX,Social expenditure,USD_PPP_PS,"US dollars per person, PPP converted",ES10,Public,_T,Total,TP31,Incapacity related,Q,Constant prices,2014,,1079.134,,A,Normal value,0,Units,1,One,_Z,Not applicable,,
DATAFLOW,OECD.ELS.SPD:DSD_SOCX_AGG@DF_SOCX_AGG(1.0),Social expenditure aggregates,I,IRL,Ireland,A,Annual,SOCX,Social expenditure,USD_PPP_PS,"US dollars per person, PPP converted",ES10,Public,_T,Total,TP31,Incapacity related,Q,Constant prices,2015,,1015.76,,A,Normal value,0,Units,1,One,_Z,Not applicable,,
DATAFLOW,OECD.ELS.SPD:DSD_SOCX_AGG@DF_SOCX_AGG(1.0),Social expenditure aggregates,I,IRL,Ireland,A,Annual,SOCX,Social expenditure,USD_PPP_PS,"US dollars per person, PPP converted",ES10,Public,_T,Total,TP31,Incapacity related,Q,Constant prices,2016,,1037.77,,A,Normal value,0,Units,1,One,_Z,Not applicable,,
DATAFLOW,OECD.ELS.SPD:DSD_SOCX_AGG@DF_SOCX_AGG(1.0),Social expenditure aggregates,I,IRL,Ireland,A,Annual,SOCX,Social expenditure,USD_PPP_PS,"US dollars per person, PPP converted",ES10,Public,_T,Total,TP31,Incapacity related,Q,Constant prices,2017,,1071.54,,A,Normal value,0,Units,1,One,_Z,Not applicable,,
DATAFLOW,OECD.ELS.SPD:DSD_SOCX_AGG@DF_SOCX_AGG(1.0),Social expenditure aggregates,I,IRL,Ireland,A,Annual,SOCX,Social expenditure,USD_PPP_PS,"US dollars per person, PPP converted",ES10,Public,_T,Total,TP31,Incapacity related,Q,Constant prices,2018,,1116.264,,A,Normal value,0,Units,1,One,_Z,Not applicable,,
DATAFLOW,OECD.ELS.SPD:DSD_SOCX_AGG@DF_SOCX_AGG(1.0),Social expenditure aggregates,I,IRL,Ireland,A,Annual,SOCX,Social expenditure,USD_PPP_PS,"US dollars per person, PPP converted",ES10,Public,_T,Total,TP31,Incapacity related,Q,Constant prices,2019,,1118.46,,A,Normal value,0,Units,1,One,_Z,Not applicable,,
DATAFLOW,OECD.ELS.SPD:DSD_SOCX_AGG@DF_SOCX_AGG(1.0),Social expenditure aggregates,I,IRL,Ireland,A,Annual,SOCX,Social expenditure,USD_PPP_PS,"US dollars per person, PPP converted",ES10,Public,_T,Total,TP31,Incapacity related,Q,Constant prices,2020,,1224.67,,A,Normal value,0,Units,1,One,_Z,Not applicable,,
DATAFLOW,OECD.ELS.SPD:DSD_SOCX_AGG@DF_SOCX_AGG(1.0),Social expenditure aggregates,I,IRL,Ireland,A,Annual,SOCX,Social expenditure,USD_PPP_PS,"US dollars per person, PPP converted",ES10,Public,_T,Total,TP31,Incapacity related,Q,Constant prices,2021,,1205.598,,A,Normal value,0,Units,1,One,_Z,Not applicable,,
DATAFLOW,OECD.ELS.SPD:DSD_SOCX_AGG@DF_SOCX_AGG(1.0),Social expenditure aggregates,I,IRL,Ireland,A,Annual,SOCX,Social expenditure,USD_PPP_PS,"US dollars per person, PPP converted",ES10,Public,K,In kind spending,TP31,Incapacity related,Q,Constant prices,1990,,10.923,,A,Normal value,0,Units,1,One,_Z,Not applicable,,
DATAFLOW,OECD.ELS.SPD:DSD_SOCX_AGG@DF_SOCX_AGG(1.0),Social expenditure aggregates,I,IRL,Ireland,A,Annual,SOCX,Social expenditure,USD_PPP_PS,"US dollars per person, PPP converted",ES10,Public,K,In kind spending,TP31,Incapacity related,Q,Constant prices,1991,,11.914,,A,Normal value,0,Units,1,One,_Z,Not applicable,,
DATAFLOW,OECD.ELS.SPD:DSD_SOCX_AGG@DF_SOCX_AGG(1.0),Social expenditure aggregates,I,IRL,Ireland,A,Annual,SOCX,Social expenditure,USD_PPP_PS,"US dollars per person, PPP converted",ES10,Public,K,In kind spending,TP31,Incapacity related,Q,Constant prices,1992,,11.851,,A,Normal value,0,Units,1,One,_Z,Not applicable,,
DATAFLOW,OECD.ELS.SPD:DSD_SOCX_AGG@DF_SOCX_AGG(1.0),Social expenditure aggregates,I,IRL,Ireland,A,Annual,SOCX,Social expenditure,USD_PPP_PS,"US dollars per person, PPP converted",ES10,Public,K,In kind spending,TP31,Incapacity related,Q,Constant prices,1993,,11.449,,A,Normal value,0,Units,1,One,_Z,Not applicable,,
DATAFLOW,OECD.ELS.SPD:DSD_SOCX_AGG@DF_SOCX_AGG(1.0),Social expenditure aggregates,I,IRL,Ireland,A,Annual,SOCX,Social expenditure,USD_PPP_PS,"US dollars per person, PPP converted",ES10,Public,K,In kind spending,TP31,Incapacity related,Q,Constant prices,1994,,11.349,,A,Normal value,0,Units,1,One,_Z,Not applicable,,
DATAFLOW,OECD.ELS.SPD:DSD_SOCX_AGG@DF_SOCX_AGG(1.0),Social expenditure aggregates,I,IRL,Ireland,A,Annual,SOCX,Social expenditure,USD_PPP_PS,"US dollars per person, PPP converted",ES10,Public,K,In kind spending,TP31,Incapacity related,Q,Constant prices,1995,,19.539,,A,Normal value,0,Units,1,One,_Z,Not applicable,,
DATAFLOW,OECD.ELS.SPD:DSD_SOCX_AGG@DF_SOCX_AGG(1.0),Social expenditure aggregates,I,IRL,Ireland,A,Annual,SOCX,Social expenditure,USD_PPP_PS,"US dollars per person, PPP converted",ES10,Public,K,In kind spending,TP31,Incapacity related,Q,Constant prices,1996,,19.996,,A,Normal value,0,Units,1,One,_Z,Not applicable,,
DATAFLOW,OECD.ELS.SPD:DSD_SOCX_AGG@DF_SOCX_AGG(1.0),Social expenditure aggregates,I,IRL,Ireland,A,Annual,SOCX,Social expenditure,USD_PPP_PS,"US dollars per person, PPP converted",ES10,Public,K,In kind spending,TP31,Incapacity related,Q,Constant prices,1997,,20.299,,A,Normal value,0,Units,1,One,_Z,Not applicable,,
DATAFLOW,OECD.ELS.SPD:DSD_SOCX_AGG@DF_SOCX_AGG(1.0),Social expenditure aggregates,I,IRL,Ireland,A,Annual,SOCX,Social expenditure,USD_PPP_PS,"US dollars per person, PPP converted",ES10,Public,K,In kind spending,TP31,Incapacity related,Q,Constant prices,1998,,19.798,,A,Normal value,0,Units,1,One,_Z,Not applicable,,
DATAFLOW,OECD.ELS.SPD:DSD_SOCX_AGG@DF_SOCX_AGG(1.0),Social expenditure aggregates,I,IRL,Ireland,A,Annual,SOCX,Social expenditure,USD_PPP_PS,"US dollars per person, PPP converted",ES10,Public,K,In kind spending,TP31,Incapacity related,Q,Constant prices,1999,,24.167,,A,Normal value,0,Units,1,One,_Z,Not applicable,,
DATAFLOW,OECD.ELS.SPD:DSD_SOCX_AGG@DF_SOCX_AGG(1.0),Social expenditure aggregates,I,IRL,Ireland,A,Annual,SOCX,Social expenditure,USD_PPP_PS,"US dollars per person, PPP converted",ES10,Public,K,In kind spending,TP31,Incapacity related,Q,Constant prices,2000,,13.387,,A,Normal value,0,Units,1,One,_Z,Not applicable,,
DATAFLOW,OECD.ELS.SPD:DSD_SOCX_AGG@DF_SOCX_AGG(1.0),Social expenditure aggregates,I,IRL,Ireland,A,Annual,SOCX,Social expenditure,USD_PPP_PS,"US dollars per person, PPP converted",ES10,Public,K,In kind spending,TP31,Incapacity related,Q,Constant prices,2001,,12.847,,A,Normal value,0,Units,1,One,_Z,Not applicable,,
DATAFLOW,OECD.ELS.SPD:DSD_SOCX_AGG@DF_SOCX_AGG(1.0),Social expenditure aggregates,I,IRL,Ireland,A,Annual,SOCX,Social expenditure,USD_PPP_PS,"US dollars per person, PPP converted",ES10,Public,K,In kind spending,TP31,Incapacity related,Q,Constant prices,2002,,18.677,,A,Normal value,0,Units,1,One,_Z,Not applicable,,
DATAFLOW,OECD.ELS.SPD:DSD_SOCX_AGG@DF_SOCX_AGG(1.0),Social expenditure aggregates,I,IRL,Ireland,A,Annual,SOCX,Social expenditure,USD_PPP_PS,"US dollars per person, PPP converted",ES10,Public,K,In kind spending,TP31,Incapacity related,Q,Constant prices,2003,,20.213,,A,Normal value,0,Units,1,One,_Z,Not applicable,,
DATAFLOW,OECD.ELS.SPD:DSD_SOCX_AGG@DF_SOCX_AGG(1.0),Social expenditure aggregates,I,IRL,Ireland,A,Annual,SOCX,Social expenditure,USD_PPP_PS,"US dollars per person, PPP converted",ES10,Public,K,In kind spending,TP31,Incapacity related,Q,Constant prices,2004,,21.03,,A,Normal value,0,Units,1,One,_Z,Not applicable,,
DATAFLOW,OECD.ELS.SPD:DSD_SOCX_AGG@DF_SOCX_AGG(1.0),Social expenditure aggregates,I,IRL,Ireland,A,Annual,SOCX,Social expenditure,USD_PPP_PS,"US dollars per person, PPP converted",ES10,Public,K,In kind spending,TP31,Incapacity related,Q,Constant prices,2005,,20.941,,A,Normal value,0,Units,1,One,_Z,Not applicable,,
DATAFLOW,OECD.ELS.SPD:DSD_SOCX_AGG@DF_SOCX_AGG(1.0),Social expenditure aggregates,I,IRL,Ireland,A,Annual,SOCX,Social expenditure,USD_PPP_PS,"US dollars per person, PPP converted",ES10,Public,K,In kind spending,TP31,Incapacity related,Q,Constant prices,2006,,23.049,,A,Normal value,0,Units,1,One,_Z,Not applicable,,
DATAFLOW,OECD.ELS.SPD:DSD_SOCX_AGG@DF_SOCX_AGG(1.0),Social expenditure aggregates,I,IRL,Ireland,A,Annual,SOCX,Social expenditure,USD_PPP_PS,"US dollars per person, PPP converted",ES10,Public,K,In kind spending,TP31,Incapacity related,Q,Constant prices,2007,,26.597,,A,Normal value,0,Units,1,One,_Z,Not applicable,,
DATAFLOW,OECD.ELS.SPD:DSD_SOCX_AGG@DF_SOCX_AGG(1.0),Social expenditure aggregates,I,IRL,Ireland,A,Annual,SOCX,Social expenditure,USD_PPP_PS,"US dollars per person, PPP converted",ES10,Public,K,In kind spending,TP31,Incapacity related,Q,Constant prices,2008,,29.033,,A,Normal value,0,Units,1,One,_Z,Not applicable,,
DATAFLOW,OECD.ELS.SPD:DSD_SOCX_AGG@DF_SOCX_AGG(1.0),Social expenditure aggregates,I,IRL,Ireland,A,Annual,SOCX,Social expenditure,USD_PPP_PS,"US dollars per person, PPP converted",ES10,Public,K,In kind spending,TP31,Incapacity related,Q,Constant prices,2009,,32.718,,A,Normal value,0,Units,1,One,_Z,Not applicable,,
DATAFLOW,OECD.ELS.SPD:DSD_SOCX_AGG@DF_SOCX_AGG(1.0),Social expenditure aggregates,I,IRL,Ireland,A,Annual,SOCX,Social expenditure,USD_PPP_PS,"US dollars per person, PPP converted",ES10,Public,K,In kind spending,TP31,Incapacity related,Q,Constant prices,2010,,35.887,,A,Normal value,0,Units,1,One,_Z,Not applicable,,
DATAFLOW,OECD.ELS.SPD:DSD_SOCX_AGG@DF_SOCX_AGG(1.0),Social expenditure aggregates,I,IRL,Ireland,A,Annual,SOCX,Social expenditure,USD_PPP_PS,"US dollars per person, PPP converted",ES10,Public,K,In kind spending,TP31,Incapacity related,Q,Constant prices,2011,,35.373,,A,Normal value,0,Units,1,One,_Z,Not applicable,,
DATAFLOW,OECD.ELS.SPD:DSD_SOCX_AGG@DF_SOCX_AGG(1.0),Social expenditure aggregates,I,IRL,Ireland,A,Annual,SOCX,Social expenditure,USD_PPP_PS,"US dollars per person, PPP converted",ES10,Public,K,In kind spending,TP31,Incapacity related,Q,Constant prices,2012,,31.061,,A,Normal value,0,Units,1,One,_Z,Not applicable,,
DATAFLOW,OECD.ELS.SPD:DSD_SOCX_AGG@DF_SOCX_AGG(1.0),Social expenditure aggregates,I,IRL,Ireland,A,Annual,SOCX,Social expenditure,USD_PPP_PS,"US dollars per person, PPP converted",ES10,Public,K,In kind spending,TP31,Incapacity related,Q,Constant prices,2013,,29.061,,A,Normal value,0,Units,1,One,_Z,Not applicable,,
DATAFLOW,OECD.ELS.SPD:DSD_SOCX_AGG@DF_SOCX_AGG(1.0),Social expenditure aggregates,I,IRL,Ireland,A,Annual,SOCX,Social expenditure,USD_PPP_PS,"US dollars per person, PPP converted",ES10,Public,K,In kind spending,TP31,Incapacity related,Q,Constant prices,2014,,26.552,,A,Normal value,0,Units,1,One,_Z,Not applicable,,
DATAFLOW,OECD.ELS.SPD:DSD_SOCX_AGG@DF_SOCX_AGG(1.0),Social expenditure aggregates,I,IRL,Ireland,A,Annual,SOCX,Social expenditure,USD_PPP_PS,"US dollars per person, PPP converted",ES10,Public,K,In kind spending,TP31,Incapacity related,Q,Constant prices,2015,,23.711,,A,Normal value,0,Units,1,One,_Z,Not applicable,,
DATAFLOW,OECD.ELS.SPD:DSD_SOCX_AGG@DF_SOCX_AGG(1.0),Social expenditure aggregates,I,IRL,Ireland,A,Annual,SOCX,Social expenditure,USD_PPP_PS,"US dollars per person, PPP converted",ES10,Public,K,In kind spending,TP31,Incapacity related,Q,Constant prices,2016,,25.385,,A,Normal value,0,Units,1,One,_Z,Not applicable,,
DATAFLOW,OECD.ELS.SPD:DSD_SOCX_AGG@DF_SOCX_AGG(1.0),Social expenditure aggregates,I,IRL,Ireland,A,Annual,SOCX,Social expenditure,USD_PPP_PS,"US dollars per person, PPP converted",ES10,Public,K,In kind spending,TP31,Incapacity related,Q,Constant prices,2017,,25.786,,A,Normal value,0,Units,1,One,_Z,Not applicable,,
DATAFLOW,OECD.ELS.SPD:DSD_SOCX_AGG@DF_SOCX_AGG(1.0),Social expenditure aggregates,I,IRL,Ireland,A,Annual,SOCX,Social expenditure,USD_PPP_PS,"US dollars per person, PPP converted",ES10,Public,K,In kind spending,TP31,Incapacity related,Q,Constant prices,2018,,27.005,,A,Normal value,0,Units,1,One,_Z,Not applicable,,
DATAFLOW,OECD.ELS.SPD:DSD_SOCX_AGG@DF_SOCX_AGG(1.0),Social expenditure aggregates,I,IRL,Ireland,A,Annual,SOCX,Social expenditure,USD_PPP_PS,"US dollars per person, PPP converted",ES10,Public,K,In kind spending,TP31,Incapacity related,Q,Constant prices,2019,,28.089,,A,Normal value,0,Units,1,One,_Z,Not applicable,,
DATAFLOW,OECD.ELS.SPD:DSD_SOCX_AGG@DF_SOCX_AGG(1.0),Social expenditure aggregates,I,IRL,Ireland,A,Annual,SOCX,Social expenditure,USD_PPP_PS,"US dollars per person, PPP converted",ES10,Public,K,In kind spending,TP31,Incapacity related,Q,Constant prices,2020,,32.989,,A,Normal value,0,Units,1,One,_Z,Not applicable,,
DATAFLOW,OECD.ELS.SPD:DSD_SOCX_AGG@DF_SOCX_AGG(1.0),Social expenditure aggregates,I,IRL,Ireland,A,Annual,SOCX,Social expenditure,USD_PPP_PS,"US dollars per person, PPP converted",ES10,Public,K,In kind spending,TP31,Incapacity related,Q,Constant prices,2021,,34.008,,A,Normal value,0,Units,1,One,_Z,Not applicable,,
DATAFLOW,OECD.ELS.SPD:DSD_SOCX_AGG@DF_SOCX_AGG(1.0),Social expenditure aggregates,I,IRL,Ireland,A,Annual,SOCX,Social expenditure,USD_PPP_PS,"US dollars per person, PPP converted",ES10,Public,C,In cash spending,TP31,Incapacity related,Q,Constant prices,1990,,439.637,,A,Normal value,0,Units,1,One,_Z,Not applicable,,
DATAFLOW,OECD.ELS.SPD:DSD_SOCX_AGG@DF_SOCX_AGG(1.0),Social expenditure aggregates,I,IRL,Ireland,A,Annual,SOCX,Social expenditure,USD_PPP_PS,"US dollars per person, PPP converted",ES10,Public,C,In cash spending,TP31,Incapacity related,Q,Constant prices,1991,,457.608,,A,Normal value,0,Units,1,One,_Z,Not applicable,,
DATAFLOW,OECD.ELS.SPD:DSD_SOCX_AGG@DF_SOCX_AGG(1.0),Social expenditure aggregates,I,IRL,Ireland,A,Annual,SOCX,Social expenditure,USD_PPP_PS,"US dollars per person, PPP converted",ES10,Public,C,In cash spending,TP31,Incapacity related,Q,Constant prices,1992,,471.494,,A,Normal value,0,Units,1,One,_Z,Not applicable,,
DATAFLOW,OECD.ELS.SPD:DSD_SOCX_AGG@DF_SOCX_AGG(1.0),Social expenditure aggregates,I,IRL,Ireland,A,Annual,SOCX,Social expenditure,USD_PPP_PS,"US dollars per person, PPP converted",ES10,Public,C,In cash spending,TP31,Incapacity related,Q,Constant prices,1993,,468.716,,A,Normal value,0,Units,1,One,_Z,Not applicable,,
DATAFLOW,OECD.ELS.SPD:DSD_SOCX_AGG@DF_SOCX_AGG(1.0),Social expenditure aggregates,I,IRL,Ireland,A,Annual,SOCX,Social expenditure,USD_PPP_PS,"US dollars per person, PPP converted",ES10,Public,C,In cash spending,TP31,Incapacity related,Q,Constant prices,1994,,468.933,,A,Normal value,0,Units,1,One,_Z,Not applicable,,
DATAFLOW,OECD.ELS.SPD:DSD_SOCX_AGG@DF_SOCX_AGG(1.0),Social expenditure aggregates,I,IRL,Ireland,A,Annual,SOCX,Social expenditure,USD_PPP_PS,"US dollars per person, PPP converted",ES10,Public,C,In cash spending,TP31,Incapacity related,Q,Constant prices,1995,,586.165,,A,Normal value,0,Units,1,One,_Z,Not applicable,,
DATAFLOW,OECD.ELS.SPD:DSD_SOCX_AGG@DF_SOCX_AGG(1.0),Social expenditure aggregates,I,IRL,Ireland,A,Annual,SOCX,Social expenditure,USD_PPP_PS,"US dollars per person, PPP converted",ES10,Public,C,In cash spending,TP31,Incapacity related,Q,Constant prices,1996,,524.631,,A,Normal value,0,Units,1,One,_Z,Not applicable,,
DATAFLOW,OECD.ELS.SPD:DSD_SOCX_AGG@DF_SOCX_AGG(1.0),Social expenditure aggregates,I,IRL,Ireland,A,Annual,SOCX,Social expenditure,USD_PPP_PS,"US dollars per person, PPP converted",ES10,Public,C,In cash spending,TP31,Incapacity related,Q,Constant prices,1997,,518.026,,A,Normal value,0,Units,1,One,_Z,Not applicable,,
DATAFLOW,OECD.ELS.SPD:DSD_SOCX_AGG@DF_SOCX_AGG(1.0),Social expenditure aggregates,I,IRL,Ireland,A,Annual,SOCX,Social expenditure,USD_PPP_PS,"US dollars per person, PPP converted",ES10,Public,C,In cash spending,TP31,Incapacity related,Q,Constant prices,1998,,527.546,,A,Normal value,0,Units,1,One,_Z,Not applicable,,
DATAFLOW,OECD.ELS.SPD:DSD_SOCX_AGG@DF_SOCX_AGG(1.0),Social expenditure aggregates,I,IRL,Ireland,A,Annual,SOCX,Social expenditure,USD_PPP_PS,"US dollars per person, PPP converted",ES10,Public,C,In cash spending,TP31,Incapacity related,Q,Constant prices,1999,,536.306,,A,Normal value,0,Units,1,One,_Z,Not applicable,,
DATAFLOW,OECD.ELS.SPD:DSD_SOCX_AGG@DF_SOCX_AGG(1.0),Social expenditure aggregates,I,IRL,Ireland,A,Annual,SOCX,Social expenditure,USD_PPP_PS,"US dollars per person, PPP converted",ES10,Public,C,In cash spending,TP31,Incapacity related,Q,Constant prices,2000,,533.267,,A,Normal value,0,Units,1,One,_Z,Not applicable,,
DATAFLOW,OECD.ELS.SPD:DSD_SOCX_AGG@DF_SOCX_AGG(1.0),Social expenditure aggregates,I,IRL,Ireland,A,Annual,SOCX,Social expenditure,USD_PPP_PS,"US dollars per person, PPP converted",ES10,Public,C,In cash spending,TP31,Incapacity related,Q,Constant prices,2001,,577.657,,A,Normal value,0,Units,1,One,_Z,Not applicable,,
DATAFLOW,OECD.ELS.SPD:DSD_SOCX_AGG@DF_SOCX_AGG(1.0),Social expenditure aggregates,I,IRL,Ireland,A,Annual,SOCX,Social expenditure,USD_PPP_PS,"US dollars per person, PPP converted",ES10,Public,C,In cash spending,TP31,Incapacity related,Q,Constant prices,2002,,635.694,,A,Normal value,0,Units,1,One,_Z,Not applicable,,
DATAFLOW,OECD.ELS.SPD:DSD_SOCX_AGG@DF_SOCX_AGG(1.0),Social expenditure aggregates,I,IRL,Ireland,A,Annual,SOCX,Social expenditure,USD_PPP_PS,"US dollars per person, PPP converted",ES10,Public,C,In cash spending,TP31,Incapacity related,Q,Constant prices,2003,,671.919,,A,Normal value,0,Units,1,One,_Z,Not applicable,,
DATAFLOW,OECD.ELS.SPD:DSD_SOCX_AGG@DF_SOCX_AGG(1.0),Social expenditure aggregates,I,IRL,Ireland,A,Annual,SOCX,Social expenditure,USD_PPP_PS,"US dollars per person, PPP converted",ES10,Public,C,In cash spending,TP31,Incapacity related,Q,Constant prices,2004,,740.259,,A,Normal value,0,Units,1,One,_Z,Not applicable,,
DATAFLOW,OECD.ELS.SPD:DSD_SOCX_AGG@DF_SOCX_AGG(1.0),Social expenditure aggregates,I,IRL,Ireland,A,Annual,SOCX,Social expenditure,USD_PPP_PS,"US dollars per person, PPP converted",ES10,Public,C,In cash spending,TP31,Incapacity related,Q,Constant prices,2005,,794.987,,A,Normal value,0,Units,1,One,_Z,Not applicable,,
DATAFLOW,OECD.ELS.SPD:DSD_SOCX_AGG@DF_SOCX_AGG(1.0),Social expenditure aggregates,I,IRL,Ireland,A,Annual,SOCX,Social expenditure,USD_PPP_PS,"US dollars per person, PPP converted",ES10,Public,C,In cash spending,TP31,Incapacity related,Q,Constant prices,2006,,860.25,,A,Normal value,0,Units,1,One,_Z,Not applicable,,
DATAFLOW,OECD.ELS.SPD:DSD_SOCX_AGG@DF_SOCX_AGG(1.0),Social expenditure aggregates,I,IRL,Ireland,A,Annual,SOCX,Social expenditure,USD_PPP_PS,"US dollars per person, PPP converted",ES10,Public,C,In cash spending,TP31,Incapacity related,Q,Constant prices,2007,,954.051,,A,Normal value,0,Units,1,One,_Z,Not applicable,,
DATAFLOW,OECD.ELS.SPD:DSD_SOCX_AGG@DF_SOCX_AGG(1.0),Social expenditure aggregates,I,IRL,Ireland,A,Annual,SOCX,Social expenditure,USD_PPP_PS,"US dollars per person, PPP converted",ES10,Public,C,In cash spending,TP31,Incapacity related,Q,Constant prices,2008,,1063.614,,A,Normal value,0,Units,1,One,_Z,Not applicable,,
DATAFLOW,OECD.ELS.SPD:DSD_SOCX_AGG@DF_SOCX_AGG(1.0),Social expenditure aggregates,I,IRL,Ireland,A,Annual,SOCX,Social expenditure,USD_PPP_PS,"US dollars per person, PPP converted",ES10,Public,C,In cash spending,TP31,Incapacity related,Q,Constant prices,2009,,1162.432,,A,Normal value,0,Units,1,One,_Z,Not applicable,,
DATAFLOW,OECD.ELS.SPD:DSD_SOCX_AGG@DF_SOCX_AGG(1.0),Social expenditure aggregates,I,IRL,Ireland,A,Annual,SOCX,Social expenditure,USD_PPP_PS,"US dollars per person, PPP converted",ES10,Public,C,In cash spending,TP31,Incapacity related,Q,Constant prices,2010,,1202.979,,A,Normal value,0,Units,1,One,_Z,Not applicable,,
DATAFLOW,OECD.ELS.SPD:DSD_SOCX_AGG@DF_SOCX_AGG(1.0),Social expenditure aggregates,I,IRL,Ireland,A,Annual,SOCX,Social expenditure,USD_PPP_PS,"US dollars per person, PPP converted",ES10,Public,C,In cash spending,TP31,Incapacity related,Q,Constant prices,2011,,1128.631,,A,Normal value,0,Units,1,One,_Z,Not applicable,,
DATAFLOW,OECD.ELS.SPD:DSD_SOCX_AGG@DF_SOCX_AGG(1.0),Social expenditure aggregates,I,IRL,Ireland,A,Annual,SOCX,Social expenditure,USD_PPP_PS,"US dollars per person, PPP converted",ES10,Public,C,In cash spending,TP31,Incapacity related,Q,Constant prices,2012,,1069.462,,A,Normal value,0,Units,1,One,_Z,Not applicable,,
DATAFLOW,OECD.ELS.SPD:DSD_SOCX_AGG@DF_SOCX_AGG(1.0),Social expenditure aggregates,I,IRL,Ireland,A,Annual,SOCX,Social expenditure,USD_PPP_PS,"US dollars per person, PPP converted",ES10,Public,C,In cash spending,TP31,Incapacity related,Q,Constant prices,2013,,1071.094,,A,Normal value,0,Units,1,One,_Z,Not applicable,,
DATAFLOW,OECD.ELS.SPD:DSD_SOCX_AGG@DF_SOCX_AGG(1.0),Social expenditure aggregates,I,IRL,Ireland,A,Annual,SOCX,Social expenditure,USD_PPP_PS,"US dollars per person, PPP converted",ES10,Public,C,In cash spending,TP31,Incapacity related,Q,Constant prices,2014,,1052.582,,A,Normal value,0,Units,1,One,_Z,Not applicable,,
DATAFLOW,OECD.ELS.SPD:DSD_SOCX_AGG@DF_SOCX_AGG(1.0),Social expenditure aggregates,I,IRL,Ireland,A,Annual,SOCX,Social expenditure,USD_PPP_PS,"US dollars per person, PPP converted",ES10,Public,C,In cash spending,TP31,Incapacity related,Q,Constant prices,2015,,992.05,,A,Normal value,0,Units,1,One,_Z,Not applicable,,
DATAFLOW,OECD.ELS.SPD:DSD_SOCX_AGG@DF_SOCX_AGG(1.0),Social expenditure aggregates,I,IRL,Ireland,A,Annual,SOCX,Social expenditure,USD_PPP_PS,"US dollars per person, PPP converted",ES10,Public,C,In cash spending,TP31,Incapacity related,Q,Constant prices,2016,,1012.384,,A,Normal value,0,Units,1,One,_Z,Not applicable,,
DATAFLOW,OECD.ELS.SPD:DSD_SOCX_AGG@DF_SOCX_AGG(1.0),Social expenditure aggregates,I,IRL,Ireland,A,Annual,SOCX,Social expenditure,USD_PPP_PS,"US dollars per person, PPP converted",ES10,Public,C,In cash spending,TP31,Incapacity related,Q,Constant prices,2017,,1045.754,,A,Normal value,0,Units,1,One,_Z,Not applicable,,
DATAFLOW,OECD.ELS.SPD:DSD_SOCX_AGG@DF_SOCX_AGG(1.0),Social expenditure aggregates,I,IRL,Ireland,A,Annual,SOCX,Social expenditure,USD_PPP_PS,"US dollars per person, PPP converted",ES10,Public,C,In cash spending,TP31,Incapacity related,Q,Constant prices,2018,,1089.259,,A,Normal value,0,Units,1,One,_Z,Not applicable,,
DATAFLOW,OECD.ELS.SPD:DSD_SOCX_AGG@DF_SOCX_AGG(1.0),Social expenditure aggregates,I,IRL,Ireland,A,Annual,SOCX,Social expenditure,USD_PPP_PS,"US dollars per person, PPP converted",ES10,Public,C,In cash spending,TP31,Incapacity related,Q,Constant prices,2019,,1090.371,,A,Normal value,0,Units,1,One,_Z,Not applicable,,
DATAFLOW,OECD.ELS.SPD:DSD_SOCX_AGG@DF_SOCX_AGG(1.0),Social expenditure aggregates,I,IRL,Ireland,A,Annual,SOCX,Social expenditure,USD_PPP_PS,"US dollars per person, PPP converted",ES10,Public,C,In cash spending,TP31,Incapacity related,Q,Constant prices,2020,,1191.681,,A,Normal value,0,Units,1,One,_Z,Not applicable,,
DATAFLOW,OECD.ELS.SPD:DSD_SOCX_AGG@DF_SOCX_AGG(1.0),Social expenditure aggregates,I,IRL,Ireland,A,Annual,SOCX,Social expenditure,USD_PPP_PS,"US dollars per person, PPP converted",ES10,Public,C,In cash spending,TP31,Incapacity related,Q,Constant prices,2021,,1171.59,,A,Normal value,0,Units,1,One,_Z,Not applicable,,
DATAFLOW,OECD.ELS.SPD:DSD_SOCX_AGG@DF_SOCX_AGG(1.0),Social expenditure aggregates,I,NZL,New Zealand,A,Annual,SOCX,Social expenditure,USD_PPP_PS,"US dollars per person, PPP converted",ES10,Public,K,In kind spending,TP31,Incapacity related,Q,Constant prices,1990,,20.867,,A,Normal value,0,Units,1,One,_Z,Not applicable,,
DATAFLOW,OECD.ELS.SPD:DSD_SOCX_AGG@DF_SOCX_AGG(1.0),Social expenditure aggregates,I,NZL,New Zealand,A,Annual,SOCX,Social expenditure,USD_PPP_PS,"US dollars per person, PPP converted",ES10,Public,K,In kind spending,TP31,Incapacity related,Q,Constant prices,1991,,21.038,,A,Normal value,0,Units,1,One,_Z,Not applicable,,
DATAFLOW,OECD.ELS.SPD:DSD_SOCX_AGG@DF_SOCX_AGG(1.0),Social expenditure aggregates,I,NZL,New Zealand,A,Annual,SOCX,Social expenditure,USD_PPP_PS,"US dollars per person, PPP converted",ES10,Public,K,In kind spending,TP31,Incapacity related,Q,Constant prices,1992,,20.757,,A,Normal value,0,Units,1,One,_Z,Not applicable,,
DATAFLOW,OECD.ELS.SPD:DSD_SOCX_AGG@DF_SOCX_AGG(1.0),Social expenditure aggregates,I,NZL,New Zealand,A,Annual,SOCX,Social expenditure,USD_PPP_PS,"US dollars per person, PPP converted",ES10,Public,K,In kind spending,TP31,Incapacity related,Q,Constant prices,1993,,6.489,,A,Normal value,0,Units,1,One,_Z,Not applicable,,
DATAFLOW,OECD.ELS.SPD:DSD_SOCX_AGG@DF_SOCX_AGG(1.0),Social expenditure aggregates,I,NZL,New Zealand,A,Annual,SOCX,Social expenditure,USD_PPP_PS,"US dollars per person, PPP converted",ES10,Public,K,In kind spending,TP31,Incapacity related,Q,Constant prices,1994,,6.17,,A,Normal value,0,Units,1,One,_Z,Not applicable,,
DATAFLOW,OECD.ELS.SPD:DSD_SOCX_AGG@DF_SOCX_AGG(1.0),Social expenditure aggregates,I,NZL,New Zealand,A,Annual,SOCX,Social expenditure,USD_PPP_PS,"US dollars per person, PPP converted",ES10,Public,K,In kind spending,TP31,Incapacity related,Q,Constant prices,1995,,0.371,,A,Normal value,0,Units,1,One,_Z,Not applicable,,
DATAFLOW,OECD.ELS.SPD:DSD_SOCX_AGG@DF_SOCX_AGG(1.0),Social expenditure aggregates,I,NZL,New Zealand,A,Annual,SOCX,Social expenditure,USD_PPP_PS,"US dollars per person, PPP converted",ES10,Public,K,In kind spending,TP31,Incapacity related,Q,Constant prices,1996,,0.283,,A,Normal value,0,Units,1,One,_Z,Not applicable,,
DATAFLOW,OECD.ELS.SPD:DSD_SOCX_AGG@DF_SOCX_AGG(1.0),Social expenditure aggregates,I,NZL,New Zealand,A,Annual,SOCX,Social expenditure,USD_PPP_PS,"US dollars per person, PPP converted",ES10,Public,K,In kind spending,TP31,Incapacity related,Q,Constant prices,1997,,0.476,,A,Normal value,0,Units,1,One,_Z,Not applicable,,
DATAFLOW,OECD.ELS.SPD:DSD_SOCX_AGG@DF_SOCX_AGG(1.0),Social expenditure aggregates,I,NZL,New Zealand,A,Annual,SOCX,Social expenditure,USD_PPP_PS,"US dollars per person, PPP converted",ES10,Public,K,In kind spending,TP31,Incapacity related,Q,Constant prices,1998,,0.018,,A,Normal value,0,Units,1,One,_Z,Not applicable,,
DATAFLOW,OECD.ELS.SPD:DSD_SOCX_AGG@DF_SOCX_AGG(1.0),Social expenditure aggregates,I,NZL,New Zealand,A,Annual,SOCX,Social expenditure,USD_PPP_PS,"US dollars per person, PPP converted",ES10,Public,K,In kind spending,TP31,Incapacity related,Q,Constant prices,1999,,0.027,,A,Normal value,0,Units,1,One,_Z,Not applicable,,
DATAFLOW,OECD.ELS.SPD:DSD_SOCX_AGG@DF_SOCX_AGG(1.0),Social expenditure aggregates,I,NZL,New Zealand,A,Annual,SOCX,Social expenditure,USD_PPP_PS,"US dollars per person, PPP converted",ES10,Public,K,In kind spending,TP31,Incapacity related,Q,Constant prices,2000,,0.022,,A,Normal value,0,Units,1,One,_Z,Not applicable,,
DATAFLOW,OECD.ELS.SPD:DSD_SOCX_AGG@DF_SOCX_AGG(1.0),Social expenditure aggregates,I,NZL,New Zealand,A,Annual,SOCX,Social expenditure,USD_PPP_PS,"US dollars per person, PPP converted",ES10,Public,K,In kind spending,TP31,Incapacity related,Q,Constant prices,2001,,0.022,,A,Normal value,0,Units,1,One,_Z,Not applicable,,
DATAFLOW,OECD.ELS.SPD:DSD_SOCX_AGG@DF_SOCX_AGG(1.0),Social expenditure aggregates,I,NZL,New Zealand,A,Annual,SOCX,Social expenditure,USD_PPP_PS,"US dollars per person, PPP converted",ES10,Public,K,In kind spending,TP31,Incapacity related,Q,Constant prices,2002,,0.023,,A,Normal value,0,Units,1,One,_Z,Not applicable,,
DATAFLOW,OECD.ELS.SPD:DSD_SOCX_AGG@DF_SOCX_AGG(1.0),Social expenditure aggregates,I,NZL,New Zealand,A,Annual,SOCX,Social expenditure,USD_PPP_PS,"US dollars per person, PPP converted",ES10,Public,K,In kind spending,TP31,Incapacity related,Q,Constant prices,2003,,0.284,,A,Normal value,0,Units,1,One,_Z,Not applicable,,
DATAFLOW,OECD.ELS.SPD:DSD_SOCX_AGG@DF_SOCX_AGG(1.0),Social expenditure aggregates,I,NZL,New Zealand,A,Annual,SOCX,Social expenditure,USD_PPP_PS,"US dollars per person, PPP converted",ES10,Public,K,In kind spending,TP31,Incapacity related,Q,Constant prices,2004,,0.299,,A,Normal value,0,Units,1,One,_Z,Not applicable,,
DATAFLOW,OECD.ELS.SPD:DSD_SOCX_AGG@DF_SOCX_AGG(1.0),Social expenditure aggregates,I,NZL,New Zealand,A,Annual,SOCX,Social expenditure,USD_PPP_PS,"US dollars per person, PPP converted",ES10,Public,K,In kind spending,TP31,Incapacity related,Q,Constant prices,2005,,3.373,,A,Normal value,0,Units,1,One,_Z,Not applicable,,
DATAFLOW,OECD.ELS.SPD:DSD_SOCX_AGG@DF_SOCX_AGG(1.0),Social expenditure aggregates,I,NZL,New Zealand,A,Annual,SOCX,Social expenditure,USD_PPP_PS,"US dollars per person, PPP converted",ES10,Public,K,In kind spending,TP31,Incapacity related,Q,Constant prices,2006,,4.008,,A,Normal value,0,Units,1,One,_Z,Not applicable,,
DATAFLOW,OECD.ELS.SPD:DSD_SOCX_AGG@DF_SOCX_AGG(1.0),Social expenditure aggregates,I,NZL,New Zealand,A,Annual,SOCX,Social expenditure,USD_PPP_PS,"US dollars per person, PPP converted",ES10,Public,K,In kind spending,TP31,Incapacity related,Q,Constant prices,2007,,3.82,,A,Normal value,0,Units,1,One,_Z,Not applicable,,
DATAFLOW,OECD.ELS.SPD:DSD_SOCX_AGG@DF_SOCX_AGG(1.0),Social expenditure aggregates,I,NZL,New Zealand,A,Annual,SOCX,Social expenditure,USD_PPP_PS,"US dollars per person, PPP converted",ES10,Public,K,In kind spending,TP31,Incapacity related,Q,Constant prices,2008,,4.138,,A,Normal value,0,Units,1,One,_Z,Not applicable,,
DATAFLOW,OECD.ELS.SPD:DSD_SOCX_AGG@DF_SOCX_AGG(1.0),Social expenditure aggregates,I,NZL,New Zealand,A,Annual,SOCX,Social expenditure,USD_PPP_PS,"US dollars per person, PPP converted",ES10,Public,K,In kind spending,TP31,Incapacity related,Q,Constant prices,2009,,19.237,,A,Normal value,0,Units,1,One,_Z,Not applicable,,
DATAFLOW,OECD.ELS.SPD:DSD_SOCX_AGG@DF_SOCX_AGG(1.0),Social expenditure aggregates,I,NZL,New Zealand,A,Annual,SOCX,Social expenditure,USD_PPP_PS,"US dollars per person, PPP converted",ES10,Public,K,In kind spending,TP31,Incapacity related,Q,Constant prices,2010,,18.262,,A,Normal value,0,Units,1,One,_Z,Not applicable,,
DATAFLOW,OECD.ELS.SPD:DSD_SOCX_AGG@DF_SOCX_AGG(1.0),Social expenditure aggregates,I,NZL,New Zealand,A,Annual,SOCX,Social expenditure,USD_PPP_PS,"US dollars per person, PPP converted",ES10,Public,K,In kind spending,TP31,Incapacity related,Q,Constant prices,2011,,17.928,,A,Normal value,0,Units,1,One,_Z,Not applicable,,
DATAFLOW,OECD.ELS.SPD:DSD_SOCX_AGG@DF_SOCX_AGG(1.0),Social expenditure aggregates,I,NZL,New Zealand,A,Annual,SOCX,Social expenditure,USD_PPP_PS,"US dollars per person, PPP converted",ES10,Public,K,In kind spending,TP31,Incapacity related,Q,Constant prices,2012,,17.758,,A,Normal value,0,Units,1,One,_Z,Not applicable,,
DATAFLOW,OECD.ELS.SPD:DSD_SOCX_AGG@DF_SOCX_AGG(1.0),Social expenditure aggregates,I,NZL,New Zealand,A,Annual,SOCX,Social expenditure,USD_PPP_PS,"US dollars per person, PPP converted",ES10,Public,K,In kind spending,TP31,Incapacity related,Q,Constant prices,2013,,16.943,,A,Normal value,0,Units,1,One,_Z,Not applicable,,
DATAFLOW,OECD.ELS.SPD:DSD_SOCX_AGG@DF_SOCX_AGG(1.0),Social expenditure aggregates,I,NZL,New Zealand,A,Annual,SOCX,Social expenditure,USD_PPP_PS,"US dollars per person, PPP converted",ES10,Public,K,In kind spending,TP31,Incapacity related,Q,Constant prices,2014,,13.003,,A,Normal value,0,Units,1,One,_Z,Not applicable,,
DATAFLOW,OECD.ELS.SPD:DSD_SOCX_AGG@DF_SOCX_AGG(1.0),Social expenditure aggregates,I,NZL,New Zealand,A,Annual,SOCX,Social expenditure,USD_PPP_PS,"US dollars per person, PPP converted",ES10,Public,K,In kind spending,TP31,Incapacity related,Q,Constant prices,2015,,0.845,,A,Normal value,0,Units,1,One,_Z,Not applicable,,
DATAFLOW,OECD.ELS.SPD:DSD_SOCX_AGG@DF_SOCX_AGG(1.0),Social expenditure aggregates,I,NZL,New Zealand,A,Annual,SOCX,Social expenditure,USD_PPP_PS,"US dollars per person, PPP converted",ES10,Public,K,In kind spending,TP31,Incapacity related,Q,Constant prices,2016,,0.572,,A,Normal value,0,Units,1,One,_Z,Not applicable,,
DATAFLOW,OECD.ELS.SPD:DSD_SOCX_AGG@DF_SOCX_AGG(1.0),Social expenditure aggregates,I,NZL,New Zealand,A,Annual,SOCX,Social expenditure,USD_PPP_PS,"US dollars per person, PPP converted",ES10,Public,K,In kind spending,TP31,Incapacity related,Q,Constant prices,2017,,1.299,,A,Normal value,0,Units,1,One,_Z,Not applicable,,
DATAFLOW,OECD.ELS.SPD:DSD_SOCX_AGG@DF_SOCX_AGG(1.0),Social expenditure aggregates,I,NZL,New Zealand,A,Annual,SOCX,Social expenditure,USD_PPP_PS,"US dollars per person, PPP converted",ES10,Public,K,In kind spending,TP31,Incapacity related,Q,Constant prices,2018,,1.28,,A,Normal value,0,Units,1,One,_Z,Not applicable,,
DATAFLOW,OECD.ELS.SPD:DSD_SOCX_AGG@DF_SOCX_AGG(1.0),Social expenditure aggregates,I,NZL,New Zealand,A,Annual,SOCX,Social expenditure,USD_PPP_PS,"US dollars per person, PPP converted",ES10,Public,K,In kind spending,TP31,Incapacity related,Q,Constant prices,2019,,1.367,,A,Normal value,0,Units,1,One,_Z,Not applicable,,
DATAFLOW,OECD.ELS.SPD:DSD_SOCX_AGG@DF_SOCX_AGG(1.0),Social expenditure aggregates,I,NZL,New Zealand,A,Annual,SOCX,Social expenditure,USD_PPP_PS,"US dollars per person, PPP converted",ES10,Public,K,In kind spending,TP31,Incapacity related,Q,Constant prices,2020,,1.837,,A,Normal value,0,Units,1,One,_Z,Not applicable,,
DATAFLOW,OECD.ELS.SPD:DSD_SOCX_AGG@DF_SOCX_AGG(1.0),Social expenditure aggregates,I,NZL,New Zealand,A,Annual,SOCX,Social expenditure,USD_PPP_PS,"US dollars per person, PPP converted",ES10,Public,K,In kind spending,TP31,Incapacity related,Q,Constant prices,2021,,1.921,,A,Normal value,0,Units,1,One,_Z,Not applicable,,
DATAFLOW,OECD.ELS.SPD:DSD_SOCX_AGG@DF_SOCX_AGG(1.0),Social expenditure aggregates,I,NZL,New Zealand,A,Annual,SOCX,Social expenditure,USD_PPP_PS,"US dollars per person, PPP converted",ES10,Public,K,In kind spending,TP31,Incapacity related,Q,Constant prices,2022,,217.632,,A,Normal value,0,Units,1,One,_Z,Not applicable,,
DATAFLOW,OECD.ELS.SPD:DSD_SOCX_AGG@DF_SOCX_AGG(1.0),Social expenditure aggregates,I,NZL,New Zealand,A,Annual,SOCX,Social expenditure,USD_PPP_PS,"US dollars per person, PPP converted",ES10,Public,C,In cash spending,TP31,Incapacity related,Q,Constant prices,1990,,672.987,,A,Normal value,0,Units,1,One,_Z,Not applicable,,
DATAFLOW,OECD.ELS.SPD:DSD_SOCX_AGG@DF_SOCX_AGG(1.0),Social expenditure aggregates,I,NZL,New Zealand,A,Annual,SOCX,Social expenditure,USD_PPP_PS,"US dollars per person, PPP converted",ES10,Public,C,In cash spending,TP31,Incapacity related,Q,Constant prices,1991,,651.286,,A,Normal value,0,Units,1,One,_Z,Not applicable,,
DATAFLOW,OECD.ELS.SPD:DSD_SOCX_AGG@DF_SOCX_AGG(1.0),Social expenditure aggregates,I,NZL,New Zealand,A,Annual,SOCX,Social expenditure,USD_PPP_PS,"US dollars per person, PPP converted",ES10,Public,C,In cash spending,TP31,Incapacity related,Q,Constant prices,1992,,694.504,,A,Normal value,0,Units,1,One,_Z,Not applicable,,
DATAFLOW,OECD.ELS.SPD:DSD_SOCX_AGG@DF_SOCX_AGG(1.0),Social expenditure aggregates,I,NZL,New Zealand,A,Annual,SOCX,Social expenditure,USD_PPP_PS,"US dollars per person, PPP converted",ES10,Public,C,In cash spending,TP31,Incapacity related,Q,Constant prices,1993,,700.86,,A,Normal value,0,Units,1,One,_Z,Not applicable,,
DATAFLOW,OECD.ELS.SPD:DSD_SOCX_AGG@DF_SOCX_AGG(1.0),Social expenditure aggregates,I,NZL,New Zealand,A,Annual,SOCX,Social expenditure,USD_PPP_PS,"US dollars per person, PPP converted",ES10,Public,C,In cash spending,TP31,Incapacity related,Q,Constant prices,1994,,693.539,,A,Normal value,0,Units,1,One,_Z,Not applicable,,
DATAFLOW,OECD.ELS.SPD:DSD_SOCX_AGG@DF_SOCX_AGG(1.0),Social expenditure aggregates,I,NZL,New Zealand,A,Annual,SOCX,Social expenditure,USD_PPP_PS,"US dollars per person, PPP converted",ES10,Public,C,In cash spending,TP31,Incapacity related,Q,Constant prices,1995,,691.043,,A,Normal value,0,Units,1,One,_Z,Not applicable,,
DATAFLOW,OECD.ELS.SPD:DSD_SOCX_AGG@DF_SOCX_AGG(1.0),Social expenditure aggregates,I,NZL,New Zealand,A,Annual,SOCX,Social expenditure,USD_PPP_PS,"US dollars per person, PPP converted",ES10,Public,C,In cash spending,TP31,Incapacity related,Q,Constant prices,1996,,713.189,,A,Normal value,0,Units,1,One,_Z,Not applicable,,
DATAFLOW,OECD.ELS.SPD:DSD_SOCX_AGG@DF_SOCX_AGG(1.0),Social expenditure aggregates,I,NZL,New Zealand,A,Annual,SOCX,Social expenditure,USD_PPP_PS,"US dollars per person, PPP converted",ES10,Public,C,In cash spending,TP31,Incapacity related,Q,Constant prices,1997,,774.842,,A,Normal value,0,Units,1,One,_Z,Not applicable,,
DATAFLOW,OECD.ELS.SPD:DSD_SOCX_AGG@DF_SOCX_AGG(1.0),Social expenditure aggregates,I,NZL,New Zealand,A,Annual,SOCX,Social expenditure,USD_PPP_PS,"US dollars per person, PPP converted",ES10,Public,C,In cash spending,TP31,Incapacity related,Q,Constant prices,1998,,750.536,,A,Normal value,0,Units,1,One,_Z,Not applicable,,
DATAFLOW,OECD.ELS.SPD:DSD_SOCX_AGG@DF_SOCX_AGG(1.0),Social expenditure aggregates,I,NZL,New Zealand,A,Annual,SOCX,Social expenditure,USD_PPP_PS,"US dollars per person, PPP converted",ES10,Public,C,In cash spending,TP31,Incapacity related,Q,Constant prices,1999,,742.654,,A,Normal value,0,Units,1,One,_Z,Not applicable,,
DATAFLOW,OECD.ELS.SPD:DSD_SOCX_AGG@DF_SOCX_AGG(1.0),Social expenditure aggregates,I,NZL,New Zealand,A,Annual,SOCX,Social expenditure,USD_PPP_PS,"US dollars per person, PPP converted",ES10,Public,C,In cash spending,TP31,Incapacity related,Q,Constant prices,2000,,768.803,,A,Normal value,0,Units,1,One,_Z,Not applicable,,
DATAFLOW,OECD.ELS.SPD:DSD_SOCX_AGG@DF_SOCX_AGG(1.0),Social expenditure aggregates,I,NZL,New Zealand,A,Annual,SOCX,Social expenditure,USD_PPP_PS,"US dollars per person, PPP converted",ES10,Public,C,In cash spending,TP31,Incapacity related,Q,Constant prices,2001,,797.358,,A,Normal value,0,Units,1,One,_Z,Not applicable,,
DATAFLOW,OECD.ELS.SPD:DSD_SOCX_AGG@DF_SOCX_AGG(1.0),Social expenditure aggregates,I,NZL,New Zealand,A,Annual,SOCX,Social expenditure,USD_PPP_PS,"US dollars per person, PPP converted",ES10,Public,C,In cash spending,TP31,Incapacity related,Q,Constant prices,2002,,840.488,,A,Normal value,0,Units,1,One,_Z,Not applicable,,
DATAFLOW,OECD.ELS.SPD:DSD_SOCX_AGG@DF_SOCX_AGG(1.0),Social expenditure aggregates,I,NZL,New Zealand,A,Annual,SOCX,Social expenditure,USD_PPP_PS,"US dollars per person, PPP converted",ES10,Public,C,In cash spending,TP31,Incapacity related,Q,Constant prices,2003,,872.648,,A,Normal value,0,Units,1,One,_Z,Not applicable,,
DATAFLOW,OECD.ELS.SPD:DSD_SOCX_AGG@DF_SOCX_AGG(1.0),Social expenditure aggregates,I,NZL,New Zealand,A,Annual,SOCX,Social expenditure,USD_PPP_PS,"US dollars per person, PPP converted",ES10,Public,C,In cash spending,TP31,Incapacity related,Q,Constant prices,2004,,889.243,,A,Normal value,0,Units,1,One,_Z,Not applicable,,
DATAFLOW,OECD.ELS.SPD:DSD_SOCX_AGG@DF_SOCX_AGG(1.0),Social expenditure aggregates,I,NZL,New Zealand,A,Annual,SOCX,Social expenditure,USD_PPP_PS,"US dollars per person, PPP converted",ES10,Public,C,In cash spending,TP31,Incapacity related,Q,Constant prices,2005,,922.566,,A,Normal value,0,Units,1,One,_Z,Not applicable,,
DATAFLOW,OECD.ELS.SPD:DSD_SOCX_AGG@DF_SOCX_AGG(1.0),Social expenditure aggregates,I,NZL,New Zealand,A,Annual,SOCX,Social expenditure,USD_PPP_PS,"US dollars per person, PPP converted",ES10,Public,C,In cash spending,TP31,Incapacity related,Q,Constant prices,2006,,824.778,,A,Normal value,0,Units,1,One,_Z,Not applicable,,
DATAFLOW,OECD.ELS.SPD:DSD_SOCX_AGG@DF_SOCX_AGG(1.0),Social expenditure aggregates,I,NZL,New Zealand,A,Annual,SOCX,Social expenditure,USD_PPP_PS,"US dollars per person, PPP converted",ES10,Public,C,In cash spending,TP31,Incapacity related,Q,Constant prices,2007,,980.696,,A,Normal value,0,Units,1,One,_Z,Not applicable,,
DATAFLOW,OECD.ELS.SPD:DSD_SOCX_AGG@DF_SOCX_AGG(1.0),Social expenditure aggregates,I,NZL,New Zealand,A,Annual,SOCX,Social expenditure,USD_PPP_PS,"US dollars per person, PPP converted",ES10,Public,C,In cash spending,TP31,Incapacity related,Q,Constant prices,2008,,992.548,,A,Normal value,0,Units,1,One,_Z,Not applicable,,
DATAFLOW,OECD.ELS.SPD:DSD_SOCX_AGG@DF_SOCX_AGG(1.0),Social expenditure aggregates,I,NZL,New Zealand,A,Annual,SOCX,Social expenditure,USD_PPP_PS,"US dollars per person, PPP converted",ES10,Public,C,In cash spending,TP31,Incapacity related,Q,Constant prices,2009,,923.765,,A,Normal value,0,Units,1,One,_Z,Not applicable,,
DATAFLOW,OECD.ELS.SPD:DSD_SOCX_AGG@DF_SOCX_AGG(1.0),Social expenditure aggregates,I,NZL,New Zealand,A,Annual,SOCX,Social expenditure,USD_PPP_PS,"US dollars per person, PPP converted",ES10,Public,C,In cash spending,TP31,Incapacity related,Q,Constant prices,2010,,842.436,,A,Normal value,0,Units,1,One,_Z,Not applicable,,
DATAFLOW,OECD.ELS.SPD:DSD_SOCX_AGG@DF_SOCX_AGG(1.0),Social expenditure aggregates,I,NZL,New Zealand,A,Annual,SOCX,Social expenditure,USD_PPP_PS,"US dollars per person, PPP converted",ES10,Public,C,In cash spending,TP31,Incapacity related,Q,Constant prices,2011,,825.391,,A,Normal value,0,Units,1,One,_Z,Not applicable,,
DATAFLOW,OECD.ELS.SPD:DSD_SOCX_AGG@DF_SOCX_AGG(1.0),Social expenditure aggregates,I,NZL,New Zealand,A,Annual,SOCX,Social expenditure,USD_PPP_PS,"US dollars per person, PPP converted",ES10,Public,C,In cash spending,TP31,Incapacity related,Q,Constant prices,2012,,833.139,,A,Normal value,0,Units,1,One,_Z,Not applicable,,
DATAFLOW,OECD.ELS.SPD:DSD_SOCX_AGG@DF_SOCX_AGG(1.0),Social expenditure aggregates,I,NZL,New Zealand,A,Annual,SOCX,Social expenditure,USD_PPP_PS,"US dollars per person, PPP converted",ES10,Public,C,In cash spending,TP31,Incapacity related,Q,Constant prices,2013,,882.654,,A,Normal value,0,Units,1,One,_Z,Not applicable,,
DATAFLOW,OECD.ELS.SPD:DSD_SOCX_AGG@DF_SOCX_AGG(1.0),Social expenditure aggregates,I,NZL,New Zealand,A,Annual,SOCX,Social expenditure,USD_PPP_PS,"US dollars per person, PPP converted",ES10,Public,C,In cash spending,TP31,Incapacity related,Q,Constant prices,2014,,894.53,,A,Normal value,0,Units,1,One,_Z,Not applicable,,
DATAFLOW,OECD.ELS.SPD:DSD_SOCX_AGG@DF_SOCX_AGG(1.0),Social expenditure aggregates,I,NZL,New Zealand,A,Annual,SOCX,Social expenditure,USD_PPP_PS,"US dollars per person, PPP converted",ES10,Public,C,In cash spending,TP31,Incapacity related,Q,Constant prices,2015,,901.834,,A,Normal value,0,Units,1,One,_Z,Not applicable,,
DATAFLOW,OECD.ELS.SPD:DSD_SOCX_AGG@DF_SOCX_AGG(1.0),Social expenditure aggregates,I,NZL,New Zealand,A,Annual,SOCX,Social expenditure,USD_PPP_PS,"US dollars per person, PPP converted",ES10,Public,C,In cash spending,TP31,Incapacity related,Q,Constant prices,2016,,895.069,,A,Normal value,0,Units,1,One,_Z,Not applicable,,
DATAFLOW,OECD.ELS.SPD:DSD_SOCX_AGG@DF_SOCX_AGG(1.0),Social expenditure aggregates,I,NZL,New Zealand,A,Annual,SOCX,Social expenditure,USD_PPP_PS,"US dollars per person, PPP converted",ES10,Public,C,In cash spending,TP31,Incapacity related,Q,Constant prices,2017,,899.289,,A,Normal value,0,Units,1,One,_Z,Not applicable,,
DATAFLOW,OECD.ELS.SPD:DSD_SOCX_AGG@DF_SOCX_AGG(1.0),Social expenditure aggregates,I,NZL,New Zealand,A,Annual,SOCX,Social expenditure,USD_PPP_PS,"US dollars per person, PPP converted",ES10,Public,C,In cash spending,TP31,Incapacity related,Q,Constant prices,2018,,927.075,,A,Normal value,0,Units,1,One,_Z,Not applicable,,
DATAFLOW,OECD.ELS.SPD:DSD_SOCX_AGG@DF_SOCX_AGG(1.0),Social expenditure aggregates,I,NZL,New Zealand,A,Annual,SOCX,Social expenditure,USD_PPP_PS,"US dollars per person, PPP converted",ES10,Public,C,In cash spending,TP31,Incapacity related,Q,Constant prices,2019,,940.035,,A,Normal value,0,Units,1,One,_Z,Not applicable,,
DATAFLOW,OECD.ELS.SPD:DSD_SOCX_AGG@DF_SOCX_AGG(1.0),Social expenditure aggregates,I,NZL,New Zealand,A,Annual,SOCX,Social expenditure,USD_PPP_PS,"US dollars per person, PPP converted",ES10,Public,C,In cash spending,TP31,Incapacity related,Q,Constant prices,2020,,1030.575,,A,Normal value,0,Units,1,One,_Z,Not applicable,,
DATAFLOW,OECD.ELS.SPD:DSD_SOCX_AGG@DF_SOCX_AGG(1.0),Social expenditure aggregates,I,NZL,New Zealand,A,Annual,SOCX,Social expenditure,USD_PPP_PS,"US dollars per person, PPP converted",ES10,Public,C,In cash spending,TP31,Incapacity related,Q,Constant prices,2021,,1053.486,,A,Normal value,0,Units,1,One,_Z,Not applicable,,
DATAFLOW,OECD.ELS.SPD:DSD_SOCX_AGG@DF_SOCX_AGG(1.0),Social expenditure aggregates,I,NZL,New Zealand,A,Annual,SOCX,Social expenditure,USD_PPP_PS,"US dollars per person, PPP converted",ES10,Public,C,In cash spending,TP31,Incapacity related,Q,Constant prices,2022,,1115.95,,A,Normal value,0,Units,1,One,_Z,Not applicable,,
DATAFLOW,OECD.ELS.SPD:DSD_SOCX_AGG@DF_SOCX_AGG(1.0),Social expenditure aggregates,I,NZL,New Zealand,A,Annual,SOCX,Social expenditure,USD_PPP_PS,"US dollars per person, PPP converted",ES10,Public,_T,Total,TP31,Incapacity related,Q,Constant prices,1990,,693.854,,A,Normal value,0,Units,1,One,_Z,Not applicable,,
DATAFLOW,OECD.ELS.SPD:DSD_SOCX_AGG@DF_SOCX_AGG(1.0),Social expenditure aggregates,I,NZL,New Zealand,A,Annual,SOCX,Social expenditure,USD_PPP_PS,"US dollars per person, PPP converted",ES10,Public,_T,Total,TP31,Incapacity related,Q,Constant prices,1991,,672.324,,A,Normal value,0,Units,1,One,_Z,Not applicable,,
DATAFLOW,OECD.ELS.SPD:DSD_SOCX_AGG@DF_SOCX_AGG(1.0),Social expenditure aggregates,I,NZL,New Zealand,A,Annual,SOCX,Social expenditure,USD_PPP_PS,"US dollars per person, PPP converted",ES10,Public,_T,Total,TP31,Incapacity related,Q,Constant prices,1992,,715.261,,A,Normal value,0,Units,1,One,_Z,Not applicable,,
DATAFLOW,OECD.ELS.SPD:DSD_SOCX_AGG@DF_SOCX_AGG(1.0),Social expenditure aggregates,I,NZL,New Zealand,A,Annual,SOCX,Social expenditure,USD_PPP_PS,"US dollars per person, PPP converted",ES10,Public,_T,Total,TP31,Incapacity related,Q,Constant prices,1993,,707.349,,A,Normal value,0,Units,1,One,_Z,Not applicable,,
DATAFLOW,OECD.ELS.SPD:DSD_SOCX_AGG@DF_SOCX_AGG(1.0),Social expenditure aggregates,I,NZL,New Zealand,A,Annual,SOCX,Social expenditure,USD_PPP_PS,"US dollars per person, PPP converted",ES10,Public,_T,Total,TP31,Incapacity related,Q,Constant prices,1994,,699.709,,A,Normal value,0,Units,1,One,_Z,Not applicable,,
DATAFLOW,OECD.ELS.SPD:DSD_SOCX_AGG@DF_SOCX_AGG(1.0),Social expenditure aggregates,I,NZL,New Zealand,A,Annual,SOCX,Social expenditure,USD_PPP_PS,"US dollars per person, PPP converted",ES10,Public,_T,Total,TP31,Incapacity related,Q,Constant prices,1995,,691.414,,A,Normal value,0,Units,1,One,_Z,Not applicable,,
DATAFLOW,OECD.ELS.SPD:DSD_SOCX_AGG@DF_SOCX_AGG(1.0),Social expenditure aggregates,I,NZL,New Zealand,A,Annual,SOCX,Social expenditure,USD_PPP_PS,"US dollars per person, PPP converted",ES10,Public,_T,Total,TP31,Incapacity related,Q,Constant prices,1996,,713.472,,A,Normal value,0,Units,1,One,_Z,Not applicable,,
DATAFLOW,OECD.ELS.SPD:DSD_SOCX_AGG@DF_SOCX_AGG(1.0),Social expenditure aggregates,I,NZL,New Zealand,A,Annual,SOCX,Social expenditure,USD_PPP_PS,"US dollars per person, PPP converted",ES10,Public,_T,Total,TP31,Incapacity related,Q,Constant prices,1997,,775.318,,A,Normal value,0,Units,1,One,_Z,Not applicable,,
DATAFLOW,OECD.ELS.SPD:DSD_SOCX_AGG@DF_SOCX_AGG(1.0),Social expenditure aggregates,I,NZL,New Zealand,A,Annual,SOCX,Social expenditure,USD_PPP_PS,"US dollars per person, PPP converted",ES10,Public,_T,Total,TP31,Incapacity related,Q,Constant prices,1998,,750.555,,A,Normal value,0,Units,1,One,_Z,Not applicable,,
DATAFLOW,OECD.ELS.SPD:DSD_SOCX_AGG@DF_SOCX_AGG(1.0),Social expenditure aggregates,I,NZL,New Zealand,A,Annual,SOCX,Social expenditure,USD_PPP_PS,"US dollars per person, PPP converted",ES10,Public,_T,Total,TP31,Incapacity related,Q,Constant prices,1999,,742.681,,A,Normal value,0,Units,1,One,_Z,Not applicable,,
DATAFLOW,OECD.ELS.SPD:DSD_SOCX_AGG@DF_SOCX_AGG(1.0),Social expenditure aggregates,I,NZL,New Zealand,A,Annual,SOCX,Social expenditure,USD_PPP_PS,"US dollars per person, PPP converted",ES10,Public,_T,Total,TP31,Incapacity related,Q,Constant prices,2000,,768.825,,A,Normal value,0,Units,1,One,_Z,Not applicable,,
DATAFLOW,OECD.ELS.SPD:DSD_SOCX_AGG@DF_SOCX_AGG(1.0),Social expenditure aggregates,I,NZL,New Zealand,A,Annual,SOCX,Social expenditure,USD_PPP_PS,"US dollars per person, PPP converted",ES10,Public,_T,Total,TP31,Incapacity related,Q,Constant prices,2001,,797.38,,A,Normal value,0,Units,1,One,_Z,Not applicable,,
DATAFLOW,OECD.ELS.SPD:DSD_SOCX_AGG@DF_SOCX_AGG(1.0),Social expenditure aggregates,I,NZL,New Zealand,A,Annual,SOCX,Social expenditure,USD_PPP_PS,"US dollars per person, PPP converted",ES10,Public,_T,Total,TP31,Incapacity related,Q,Constant prices,2002,,840.511,,A,Normal value,0,Units,1,One,_Z,Not applicable,,
DATAFLOW,OECD.ELS.SPD:DSD_SOCX_AGG@DF_SOCX_AGG(1.0),Social expenditure aggregates,I,NZL,New Zealand,A,Annual,SOCX,Social expenditure,USD_PPP_PS,"US dollars per person, PPP converted",ES10,Public,_T,Total,TP31,Incapacity related,Q,Constant prices,2003,,872.932,,A,Normal value,0,Units,1,One,_Z,Not applicable,,
DATAFLOW,OECD.ELS.SPD:DSD_SOCX_AGG@DF_SOCX_AGG(1.0),Social expenditure aggregates,I,NZL,New Zealand,A,Annual,SOCX,Social expenditure,USD_PPP_PS,"US dollars per person, PPP converted",ES10,Public,_T,Total,TP31,Incapacity related,Q,Constant prices,2004,,889.542,,A,Normal value,0,Units,1,One,_Z,Not applicable,,
DATAFLOW,OECD.ELS.SPD:DSD_SOCX_AGG@DF_SOCX_AGG(1.0),Social expenditure aggregates,I,NZL,New Zealand,A,Annual,SOCX,Social expenditure,USD_PPP_PS,"US dollars per person, PPP converted",ES10,Public,_T,Total,TP31,Incapacity related,Q,Constant prices,2005,,925.939,,A,Normal value,0,Units,1,One,_Z,Not applicable,,
DATAFLOW,OECD.ELS.SPD:DSD_SOCX_AGG@DF_SOCX_AGG(1.0),Social expenditure aggregates,I,NZL,New Zealand,A,Annual,SOCX,Social expenditure,USD_PPP_PS,"US dollars per person, PPP converted",ES10,Public,_T,Total,TP31,Incapacity related,Q,Constant prices,2006,,828.786,,A,Normal value,0,Units,1,One,_Z,Not applicable,,
DATAFLOW,OECD.ELS.SPD:DSD_SOCX_AGG@DF_SOCX_AGG(1.0),Social expenditure aggregates,I,NZL,New Zealand,A,Annual,SOCX,Social expenditure,USD_PPP_PS,"US dollars per person, PPP converted",ES10,Public,_T,Total,TP31,Incapacity related,Q,Constant prices,2007,,984.516,,A,Normal value,0,Units,1,One,_Z,Not applicable,,
DATAFLOW,OECD.ELS.SPD:DSD_SOCX_AGG@DF_SOCX_AGG(1.0),Social expenditure aggregates,I,NZL,New Zealand,A,Annual,SOCX,Social expenditure,USD_PPP_PS,"US dollars per person, PPP converted",ES10,Public,_T,Total,TP31,Incapacity related,Q,Constant prices,2008,,996.687,,A,Normal value,0,Units,1,One,_Z,Not applicable,,
DATAFLOW,OECD.ELS.SPD:DSD_SOCX_AGG@DF_SOCX_AGG(1.0),Social expenditure aggregates,I,NZL,New Zealand,A,Annual,SOCX,Social expenditure,USD_PPP_PS,"US dollars per person, PPP converted",ES10,Public,_T,Total,TP31,Incapacity related,Q,Constant prices,2009,,943.002,,A,Normal value,0,Units,1,One,_Z,Not applicable,,
DATAFLOW,OECD.ELS.SPD:DSD_SOCX_AGG@DF_SOCX_AGG(1.0),Social expenditure aggregates,I,NZL,New Zealand,A,Annual,SOCX,Social expenditure,USD_PPP_PS,"US dollars per person, PPP converted",ES10,Public,_T,Total,TP31,Incapacity related,Q,Constant prices,2010,,860.698,,A,Normal value,0,Units,1,One,_Z,Not applicable,,
DATAFLOW,OECD.ELS.SPD:DSD_SOCX_AGG@DF_SOCX_AGG(1.0),Social expenditure aggregates,I,NZL,New Zealand,A,Annual,SOCX,Social expenditure,USD_PPP_PS,"US dollars per person, PPP converted",ES10,Public,_T,Total,TP31,Incapacity related,Q,Constant prices,2011,,843.319,,A,Normal value,0,Units,1,One,_Z,Not applicable,,
DATAFLOW,OECD.ELS.SPD:DSD_SOCX_AGG@DF_SOCX_AGG(1.0),Social expenditure aggregates,I,NZL,New Zealand,A,Annual,SOCX,Social expenditure,USD_PPP_PS,"US dollars per person, PPP converted",ES10,Public,_T,Total,TP31,Incapacity related,Q,Constant prices,2012,,850.897,,A,Normal value,0,Units,1,One,_Z,Not applicable,,
DATAFLOW,OECD.ELS.SPD:DSD_SOCX_AGG@DF_SOCX_AGG(1.0),Social expenditure aggregates,I,NZL,New Zealand,A,Annual,SOCX,Social expenditure,USD_PPP_PS,"US dollars per person, PPP converted",ES10,Public,_T,Total,TP31,Incapacity related,Q,Constant prices,2013,,899.597,,A,Normal value,0,Units,1,One,_Z,Not applicable,,
DATAFLOW,OECD.ELS.SPD:DSD_SOCX_AGG@DF_SOCX_AGG(1.0),Social expenditure aggregates,I,NZL,New Zealand,A,Annual,SOCX,Social expenditure,USD_PPP_PS,"US dollars per person, PPP converted",ES10,Public,_T,Total,TP31,Incapacity related,Q,Constant prices,2014,,907.533,,A,Normal value,0,Units,1,One,_Z,Not applicable,,
DATAFLOW,OECD.ELS.SPD:DSD_SOCX_AGG@DF_SOCX_AGG(1.0),Social expenditure aggregates,I,NZL,New Zealand,A,Annual,SOCX,Social expenditure,USD_PPP_PS,"US dollars per person, PPP converted",ES10,Public,_T,Total,TP31,Incapacity related,Q,Constant prices,2015,,902.679,,A,Normal value,0,Units,1,One,_Z,Not applicable,,
DATAFLOW,OECD.ELS.SPD:DSD_SOCX_AGG@DF_SOCX_AGG(1.0),Social expenditure aggregates,I,NZL,New Zealand,A,Annual,SOCX,Social expenditure,USD_PPP_PS,"US dollars per person, PPP converted",ES10,Public,_T,Total,TP31,Incapacity related,Q,Constant prices,2016,,895.641,,A,Normal value,0,Units,1,One,_Z,Not applicable,,
DATAFLOW,OECD.ELS.SPD:DSD_SOCX_AGG@DF_SOCX_AGG(1.0),Social expenditure aggregates,I,NZL,New Zealand,A,Annual,SOCX,Social expenditure,USD_PPP_PS,"US dollars per person, PPP converted",ES10,Public,_T,Total,TP31,Incapacity related,Q,Constant prices,2017,,900.588,,A,Normal value,0,Units,1,One,_Z,Not applicable,,
DATAFLOW,OECD.ELS.SPD:DSD_SOCX_AGG@DF_SOCX_AGG(1.0),Social expenditure aggregates,I,NZL,New Zealand,A,Annual,SOCX,Social expenditure,USD_PPP_PS,"US dollars per person, PPP converted",ES10,Public,_T,Total,TP31,Incapacity related,Q,Constant prices,2018,,928.356,,A,Normal value,0,Units,1,One,_Z,Not applicable,,
DATAFLOW,OECD.ELS.SPD:DSD_SOCX_AGG@DF_SOCX_AGG(1.0),Social expenditure aggregates,I,NZL,New Zealand,A,Annual,SOCX,Social expenditure,USD_PPP_PS,"US dollars per person, PPP converted",ES10,Public,_T,Total,TP31,Incapacity related,Q,Constant prices,2019,,941.402,,A,Normal value,0,Units,1,One,_Z,Not applicable,,
DATAFLOW,OECD.ELS.SPD:DSD_SOCX_AGG@DF_SOCX_AGG(1.0),Social expenditure aggregates,I,NZL,New Zealand,A,Annual,SOCX,Social expenditure,USD_PPP_PS,"US dollars per person, PPP converted",ES10,Public,_T,Total,TP31,Incapacity related,Q,Constant prices,2020,,1032.412,,A,Normal value,0,Units,1,One,_Z,Not applicable,,
DATAFLOW,OECD.ELS.SPD:DSD_SOCX_AGG@DF_SOCX_AGG(1.0),Social expenditure aggregates,I,NZL,New Zealand,A,Annual,SOCX,Social expenditure,USD_PPP_PS,"US dollars per person, PPP converted",ES10,Public,_T,Total,TP31,Incapacity related,Q,Constant prices,2021,,1055.407,,A,Normal value,0,Units,1,One,_Z,Not applicable,,
DATAFLOW,OECD.ELS.SPD:DSD_SOCX_AGG@DF_SOCX_AGG(1.0),Social expenditure aggregates,I,NZL,New Zealand,A,Annual,SOCX,Social expenditure,USD_PPP_PS,"US dollars per person, PPP converted",ES10,Public,_T,Total,TP31,Incapacity related,Q,Constant prices,2022,,1333.582,,A,Normal value,0,Units,1,One,_Z,Not applicable,,
DATAFLOW,OECD.ELS.SPD:DSD_SOCX_AGG@DF_SOCX_AGG(1.0),Social expenditure aggregates,I,NOR,Norway,A,Annual,SOCX,Social expenditure,USD_PPP_PS,"US dollars per person, PPP converted",ES10,Public,_T,Total,TP31,Incapacity related,Q,Constant prices,1990,,1875.897,,A,Normal value,0,Units,1,One,_Z,Not applicable,,
DATAFLOW,OECD.ELS.SPD:DSD_SOCX_AGG@DF_SOCX_AGG(1.0),Social expenditure aggregates,I,NOR,Norway,A,Annual,SOCX,Social expenditure,USD_PPP_PS,"US dollars per person, PPP converted",ES10,Public,_T,Total,TP31,Incapacity related,Q,Constant prices,1991,,2048.279,,A,Normal value,0,Units,1,One,_Z,Not applicable,,
DATAFLOW,OECD.ELS.SPD:DSD_SOCX_AGG@DF_SOCX_AGG(1.0),Social expenditure aggregates,I,NOR,Norway,A,Annual,SOCX,Social expenditure,USD_PPP_PS,"US dollars per person, PPP converted",ES10,Public,_T,Total,TP31,Incapacity related,Q,Constant prices,1992,,2081.88,,A,Normal value,0,Units,1,One,_Z,Not applicable,,
DATAFLOW,OECD.ELS.SPD:DSD_SOCX_AGG@DF_SOCX_AGG(1.0),Social expenditure aggregates,I,NOR,Norway,A,Annual,SOCX,Social expenditure,USD_PPP_PS,"US dollars per person, PPP converted",ES10,Public,_T,Total,TP31,Incapacity related,Q,Constant prices,1993,,2077.488,,A,Normal value,0,Units,1,One,_Z,Not applicable,,
DATAFLOW,OECD.ELS.SPD:DSD_SOCX_AGG@DF_SOCX_AGG(1.0),Social expenditure aggregates,I,NOR,Norway,A,Annual,SOCX,Social expenditure,USD_PPP_PS,"US dollars per person, PPP converted",ES10,Public,_T,Total,TP31,Incapacity related,Q,Constant prices,1994,,2088.576,,A,Normal value,0,Units,1,One,_Z,Not applicable,,
DATAFLOW,OECD.ELS.SPD:DSD_SOCX_AGG@DF_SOCX_AGG(1.0),Social expenditure aggregates,I,NOR,Norway,A,Annual,SOCX,Social expenditure,USD_PPP_PS,"US dollars per person, PPP converted",ES10,Public,_T,Total,TP31,Incapacity related,Q,Constant prices,1995,,2159.587,,A,Normal value,0,Units,1,One,_Z,Not applicable,,
DATAFLOW,OECD.ELS.SPD:DSD_SOCX_AGG@DF_SOCX_AGG(1.0),Social expenditure aggregates,I,NOR,Norway,A,Annual,SOCX,Social expenditure,USD_PPP_PS,"US dollars per person, PPP converted",ES10,Public,_T,Total,TP31,Incapacity related,Q,Constant prices,1996,,2263.377,,A,Normal value,0,Units,1,One,_Z,Not applicable,,
DATAFLOW,OECD.ELS.SPD:DSD_SOCX_AGG@DF_SOCX_AGG(1.0),Social expenditure aggregates,I,NOR,Norway,A,Annual,SOCX,Social expenditure,USD_PPP_PS,"US dollars per person, PPP converted",ES10,Public,_T,Total,TP31,Incapacity related,Q,Constant prices,1997,,2355.521,,A,Normal value,0,Units,1,One,_Z,Not applicable,,
DATAFLOW,OECD.ELS.SPD:DSD_SOCX_AGG@DF_SOCX_AGG(1.0),Social expenditure aggregates,I,NOR,Norway,A,Annual,SOCX,Social expenditure,USD_PPP_PS,"US dollars per person, PPP converted",ES10,Public,_T,Total,TP31,Incapacity related,Q,Constant prices,1998,,2601.99,,A,Normal value,0,Units,1,One,_Z,Not applicable,,
DATAFLOW,OECD.ELS.SPD:DSD_SOCX_AGG@DF_SOCX_AGG(1.0),Social expenditure aggregates,I,NOR,Norway,A,Annual,SOCX,Social expenditure,USD_PPP_PS,"US dollars per person, PPP converted",ES10,Public,_T,Total,TP31,Incapacity related,Q,Constant prices,1999,,2654.618,,A,Normal value,0,Units,1,One,_Z,Not applicable,,
DATAFLOW,OECD.ELS.SPD:DSD_SOCX_AGG@DF_SOCX_AGG(1.0),Social expenditure aggregates,I,NOR,Norway,A,Annual,SOCX,Social expenditure,USD_PPP_PS,"US dollars per person, PPP converted",ES10,Public,_T,Total,TP31,Incapacity related,Q,Constant prices,2000,,2511.006,,A,Normal value,0,Units,1,One,_Z,Not applicable,,
DATAFLOW,OECD.ELS.SPD:DSD_SOCX_AGG@DF_SOCX_AGG(1.0),Social expenditure aggregates,I,NOR,Norway,A,Annual,SOCX,Social expenditure,USD_PPP_PS,"US dollars per person, PPP converted",ES10,Public,_T,Total,TP31,Incapacity related,Q,Constant prices,2001,,2639.351,,A,Normal value,0,Units,1,One,_Z,Not applicable,,
DATAFLOW,OECD.ELS.SPD:DSD_SOCX_AGG@DF_SOCX_AGG(1.0),Social expenditure aggregates,I,NOR,Norway,A,Annual,SOCX,Social expenditure,USD_PPP_PS,"US dollars per person, PPP converted",ES10,Public,_T,Total,TP31,Incapacity related,Q,Constant prices,2002,,2858.124,,A,Normal value,0,Units,1,One,_Z,Not applicable,,
DATAFLOW,OECD.ELS.SPD:DSD_SOCX_AGG@DF_SOCX_AGG(1.0),Social expenditure aggregates,I,NOR,Norway,A,Annual,SOCX,Social expenditure,USD_PPP_PS,"US dollars per person, PPP converted",ES10,Public,_T,Total,TP31,Incapacity related,Q,Constant prices,2003,,3004.768,,A,Normal value,0,Units,1,One,_Z,Not applicable,,
DATAFLOW,OECD.ELS.SPD:DSD_SOCX_AGG@DF_SOCX_AGG(1.0),Social expenditure aggregates,I,NOR,Norway,A,Annual,SOCX,Social expenditure,USD_PPP_PS,"US dollars per person, PPP converted",ES10,Public,_T,Total,TP31,Incapacity related,Q,Constant prices,2004,,2744.497,,A,Normal value,0,Units,1,One,_Z,Not applicable,,
DATAFLOW,OECD.ELS.SPD:DSD_SOCX_AGG@DF_SOCX_AGG(1.0),Social expenditure aggregates,I,NOR,Norway,A,Annual,SOCX,Social expenditure,USD_PPP_PS,"US dollars per person, PPP converted",ES10,Public,_T,Total,TP31,Incapacity related,Q,Constant prices,2005,,2559.035,,A,Normal value,0,Units,1,One,_Z,Not applicable,,
DATAFLOW,OECD.ELS.SPD:DSD_SOCX_AGG@DF_SOCX_AGG(1.0),Social expenditure aggregates,I,NOR,Norway,A,Annual,SOCX,Social expenditure,USD_PPP_PS,"US dollars per person, PPP converted",ES10,Public,K,In kind spending,TP31,Incapacity related,Q,Constant prices,1990,,284.474,,A,Normal value,0,Units,1,One,_Z,Not applicable,,
DATAFLOW,OECD.ELS.SPD:DSD_SOCX_AGG@DF_SOCX_AGG(1.0),Social expenditure aggregates,I,NOR,Norway,A,Annual,SOCX,Social expenditure,USD_PPP_PS,"US dollars per person, PPP converted",ES10,Public,K,In kind spending,TP31,Incapacity related,Q,Constant prices,1991,,353.624,,A,Normal value,0,Units,1,One,_Z,Not applicable,,
DATAFLOW,OECD.ELS.SPD:DSD_SOCX_AGG@DF_SOCX_AGG(1.0),Social expenditure aggregates,I,NOR,Norway,A,Annual,SOCX,Social expenditure,USD_PPP_PS,"US dollars per person, PPP converted",ES10,Public,K,In kind spending,TP31,Incapacity related,Q,Constant prices,1992,,371.423,,A,Normal value,0,Units,1,One,_Z,Not applicable,,
DATAFLOW,OECD.ELS.SPD:DSD_SOCX_AGG@DF_SOCX_AGG(1.0),Social expenditure aggregates,I,NOR,Norway,A,Annual,SOCX,Social expenditure,USD_PPP_PS,"US dollars per person, PPP converted",ES10,Public,K,In kind spending,TP31,Incapacity related,Q,Constant prices,1993,,418.323,,A,Normal value,0,Units,1,One,_Z,Not applicable,,
DATAFLOW,OECD.ELS.SPD:DSD_SOCX_AGG@DF_SOCX_AGG(1.0),Social expenditure aggregates,I,NOR,Norway,A,Annual,SOCX,Social expenditure,USD_PPP_PS,"US dollars per person, PPP converted",ES10,Public,K,In kind spending,TP31,Incapacity related,Q,Constant prices,1994,,450.93,,A,Normal value,0,Units,1,One,_Z,Not applicable,,
DATAFLOW,OECD.ELS.SPD:DSD_SOCX_AGG@DF_SOCX_AGG(1.0),Social expenditure aggregates,I,NOR,Norway,A,Annual,SOCX,Social expenditure,USD_PPP_PS,"US dollars per person, PPP converted",ES10,Public,K,In kind spending,TP31,Incapacity related,Q,Constant prices,1995,,477.593,,A,Normal value,0,Units,1,One,_Z,Not applicable,,
DATAFLOW,OECD.ELS.SPD:DSD_SOCX_AGG@DF_SOCX_AGG(1.0),Social expenditure aggregates,I,NOR,Norway,A,Annual,SOCX,Social expenditure,USD_PPP_PS,"US dollars per person, PPP converted",ES10,Public,K,In kind spending,TP31,Incapacity related,Q,Constant prices,1996,,488.838,,A,Normal value,0,Units,1,One,_Z,Not applicable,,
DATAFLOW,OECD.ELS.SPD:DSD_SOCX_AGG@DF_SOCX_AGG(1.0),Social expenditure aggregates,I,NOR,Norway,A,Annual,SOCX,Social expenditure,USD_PPP_PS,"US dollars per person, PPP converted",ES10,Public,K,In kind spending,TP31,Incapacity related,Q,Constant prices,1997,,490.567,,A,Normal value,0,Units,1,One,_Z,Not applicable,,
DATAFLOW,OECD.ELS.SPD:DSD_SOCX_AGG@DF_SOCX_AGG(1.0),Social expenditure aggregates,I,NOR,Norway,A,Annual,SOCX,Social expenditure,USD_PPP_PS,"US dollars per person, PPP converted",ES10,Public,K,In kind spending,TP31,Incapacity related,Q,Constant prices,1998,,510.85,,A,Normal value,0,Units,1,One,_Z,Not applicable,,
DATAFLOW,OECD.ELS.SPD:DSD_SOCX_AGG@DF_SOCX_AGG(1.0),Social expenditure aggregates,I,NOR,Norway,A,Annual,SOCX,Social expenditure,USD_PPP_PS,"US dollars per person, PPP converted",ES10,Public,K,In kind spending,TP31,Incapacity related,Q,Constant prices,1999,,512.773,,A,Normal value,0,Units,1,One,_Z,Not applicable,,
DATAFLOW,OECD.ELS.SPD:DSD_SOCX_AGG@DF_SOCX_AGG(1.0),Social expenditure aggregates,I,NOR,Norway,A,Annual,SOCX,Social expenditure,USD_PPP_PS,"US dollars per person, PPP converted",ES10,Public,K,In kind spending,TP31,Incapacity related,Q,Constant prices,2000,,467.74,,A,Normal value,0,Units,1,One,_Z,Not applicable,,
DATAFLOW,OECD.ELS.SPD:DSD_SOCX_AGG@DF_SOCX_AGG(1.0),Social expenditure aggregates,I,NOR,Norway,A,Annual,SOCX,Social expenditure,USD_PPP_PS,"US dollars per person, PPP converted",ES10,Public,K,In kind spending,TP31,Incapacity related,Q,Constant prices,2001,,491.773,,A,Normal value,0,Units,1,One,_Z,Not applicable,,
DATAFLOW,OECD.ELS.SPD:DSD_SOCX_AGG@DF_SOCX_AGG(1.0),Social expenditure aggregates,I,NOR,Norway,A,Annual,SOCX,Social expenditure,USD_PPP_PS,"US dollars per person, PPP converted",ES10,Public,K,In kind spending,TP31,Incapacity related,Q,Constant prices,2002,,494.163,,A,Normal value,0,Units,1,One,_Z,Not applicable,,
DATAFLOW,OECD.ELS.SPD:DSD_SOCX_AGG@DF_SOCX_AGG(1.0),Social expenditure aggregates,I,NOR,Norway,A,Annual,SOCX,Social expenditure,USD_PPP_PS,"US dollars per person, PPP converted",ES10,Public,K,In kind spending,TP31,Incapacity related,Q,Constant prices,2003,,496.676,,A,Normal value,0,Units,1,One,_Z,Not applicable,,
DATAFLOW,OECD.ELS.SPD:DSD_SOCX_AGG@DF_SOCX_AGG(1.0),Social expenditure aggregates,I,NOR,Norway,A,Annual,SOCX,Social expenditure,USD_PPP_PS,"US dollars per person, PPP converted",ES10,Public,K,In kind spending,TP31,Incapacity related,Q,Constant prices,2004,,484.077,,A,Normal value,0,Units,1,One,_Z,Not applicable,,
DATAFLOW,OECD.ELS.SPD:DSD_SOCX_AGG@DF_SOCX_AGG(1.0),Social expenditure aggregates,I,NOR,Norway,A,Annual,SOCX,Social expenditure,USD_PPP_PS,"US dollars per person, PPP converted",ES10,Public,K,In kind spending,TP31,Incapacity related,Q,Constant prices,2005,,453.061,,A,Normal value,0,Units,1,One,_Z,Not applicable,,
DATAFLOW,OECD.ELS.SPD:DSD_SOCX_AGG@DF_SOCX_AGG(1.0),Social expenditure aggregates,I,NOR,Norway,A,Annual,SOCX,Social expenditure,USD_PPP_PS,"US dollars per person, PPP converted",ES10,Public,C,In cash spending,TP31,Incapacity related,Q,Constant prices,1990,,1591.423,,A,Normal value,0,Units,1,One,_Z,Not applicable,,
DATAFLOW,OECD.ELS.SPD:DSD_SOCX_AGG@DF_SOCX_AGG(1.0),Social expenditure aggregates,I,NOR,Norway,A,Annual,SOCX,Social expenditure,USD_PPP_PS,"US dollars per person, PPP converted",ES10,Public,C,In cash spending,TP31,Incapacity related,Q,Constant prices,1991,,1694.655,,A,Normal value,0,Units,1,One,_Z,Not applicable,,
DATAFLOW,OECD.ELS.SPD:DSD_SOCX_AGG@DF_SOCX_AGG(1.0),Social expenditure aggregates,I,NOR,Norway,A,Annual,SOCX,Social expenditure,USD_PPP_PS,"US dollars per person, PPP converted",ES10,Public,C,In cash spending,TP31,Incapacity related,Q,Constant prices,1992,,1710.457,,A,Normal value,0,Units,1,One,_Z,Not applicable,,
DATAFLOW,OECD.ELS.SPD:DSD_SOCX_AGG@DF_SOCX_AGG(1.0),Social expenditure aggregates,I,NOR,Norway,A,Annual,SOCX,Social expenditure,USD_PPP_PS,"US dollars per person, PPP converted",ES10,Public,C,In cash spending,TP31,Incapacity related,Q,Constant prices,1993,,1659.165,,A,Normal value,0,Units,1,One,_Z,Not applicable,,
DATAFLOW,OECD.ELS.SPD:DSD_SOCX_AGG@DF_SOCX_AGG(1.0),Social expenditure aggregates,I,NOR,Norway,A,Annual,SOCX,Social expenditure,USD_PPP_PS,"US dollars per person, PPP converted",ES10,Public,C,In cash spending,TP31,Incapacity related,Q,Constant prices,1994,,1637.647,,A,Normal value,0,Units,1,One,_Z,Not applicable,,
DATAFLOW,OECD.ELS.SPD:DSD_SOCX_AGG@DF_SOCX_AGG(1.0),Social expenditure aggregates,I,NOR,Norway,A,Annual,SOCX,Social expenditure,USD_PPP_PS,"US dollars per person, PPP converted",ES10,Public,C,In cash spending,TP31,Incapacity related,Q,Constant prices,1995,,1681.995,,A,Normal value,0,Units,1,One,_Z,Not applicable,,
DATAFLOW,OECD.ELS.SPD:DSD_SOCX_AGG@DF_SOCX_AGG(1.0),Social expenditure aggregates,I,NOR,Norway,A,Annual,SOCX,Social expenditure,USD_PPP_PS,"US dollars per person, PPP converted",ES10,Public,C,In cash spending,TP31,Incapacity related,Q,Constant prices,1996,,1774.54,,A,Normal value,0,Units,1,One,_Z,Not applicable,,
DATAFLOW,OECD.ELS.SPD:DSD_SOCX_AGG@DF_SOCX_AGG(1.0),Social expenditure aggregates,I,NOR,Norway,A,Annual,SOCX,Social expenditure,USD_PPP_PS,"US dollars per person, PPP converted",ES10,Public,C,In cash spending,TP31,Incapacity related,Q,Constant prices,1997,,1864.954,,A,Normal value,0,Units,1,One,_Z,Not applicable,,
DATAFLOW,OECD.ELS.SPD:DSD_SOCX_AGG@DF_SOCX_AGG(1.0),Social expenditure aggregates,I,NOR,Norway,A,Annual,SOCX,Social expenditure,USD_PPP_PS,"US dollars per person, PPP converted",ES10,Public,C,In cash spending,TP31,Incapacity related,Q,Constant prices,1998,,2091.14,,A,Normal value,0,Units,1,One,_Z,Not applicable,,
DATAFLOW,OECD.ELS.SPD:DSD_SOCX_AGG@DF_SOCX_AGG(1.0),Social expenditure aggregates,I,NOR,Norway,A,Annual,SOCX,Social expenditure,USD_PPP_PS,"US dollars per person, PPP converted",ES10,Public,C,In cash spending,TP31,Incapacity related,Q,Constant prices,1999,,2141.845,,A,Normal value,0,Units,1,One,_Z,Not applicable,,
DATAFLOW,OECD.ELS.SPD:DSD_SOCX_AGG@DF_SOCX_AGG(1.0),Social expenditure aggregates,I,NOR,Norway,A,Annual,SOCX,Social expenditure,USD_PPP_PS,"US dollars per person, PPP converted",ES10,Public,C,In cash spending,TP31,Incapacity related,Q,Constant prices,2000,,2043.266,,A,Normal value,0,Units,1,One,_Z,Not applicable,,
DATAFLOW,OECD.ELS.SPD:DSD_SOCX_AGG@DF_SOCX_AGG(1.0),Social expenditure aggregates,I,NOR,Norway,A,Annual,SOCX,Social expenditure,USD_PPP_PS,"US dollars per person, PPP converted",ES10,Public,C,In cash spending,TP31,Incapacity related,Q,Constant prices,2001,,2147.578,,A,Normal value,0,Units,1,One,_Z,Not applicable,,
DATAFLOW,OECD.ELS.SPD:DSD_SOCX_AGG@DF_SOCX_AGG(1.0),Social expenditure aggregates,I,NOR,Norway,A,Annual,SOCX,Social expenditure,USD_PPP_PS,"US dollars per person, PPP converted",ES10,Public,C,In cash spending,TP31,Incapacity related,Q,Constant prices,2002,,2363.961,,A,Normal value,0,Units,1,One,_Z,Not applicable,,
DATAFLOW,OECD.ELS.SPD:DSD_SOCX_AGG@DF_SOCX_AGG(1.0),Social expenditure aggregates,I,NOR,Norway,A,Annual,SOCX,Social expenditure,USD_PPP_PS,"US dollars per person, PPP converted",ES10,Public,C,In cash spending,TP31,Incapacity related,Q,Constant prices,2003,,2508.092,,A,Normal value,0,Units,1,One,_Z,Not applicable,,
DATAFLOW,OECD.ELS.SPD:DSD_SOCX_AGG@DF_SOCX_AGG(1.0),Social expenditure aggregates,I,NOR,Norway,A,Annual,SOCX,Social expenditure,USD_PPP_PS,"US dollars per person, PPP converted",ES10,Public,C,In cash spending,TP31,Incapacity related,Q,Constant prices,2004,,2260.421,,A,Normal value,0,Units,1,One,_Z,Not applicable,,
DATAFLOW,OECD.ELS.SPD:DSD_SOCX_AGG@DF_SOCX_AGG(1.0),Social expenditure aggregates,I,NOR,Norway,A,Annual,SOCX,Social expenditure,USD_PPP_PS,"US dollars per person, PPP converted",ES10,Public,C,In cash spending,TP31,Incapacity related,Q,Constant prices,2005,,2105.974,,A,Normal value,0,Units,1,One,_Z,Not applicable,,
DATAFLOW,OECD.ELS.SPD:DSD_SOCX_AGG@DF_SOCX_AGG(1.0),Social expenditure aggregates,I,AUS,Australia,A,Annual,SOCX,Social expenditure,USD_PPP_PS,"US dollars per person, PPP converted",ES10,Public,_T,Total,TP31,Incapacity related,Q,Constant prices,1993,,723.833,,A,Normal value,0,Units,1,One,_Z,Not applicable,,
DATAFLOW,OECD.ELS.SPD:DSD_SOCX_AGG@DF_SOCX_AGG(1.0),Social expenditure aggregates,I,AUS,Australia,A,Annual,SOCX,Social expenditure,USD_PPP_PS,"US dollars per person, PPP converted",ES10,Public,_T,Total,TP31,Incapacity related,Q,Constant prices,1994,,729.105,,A,Normal value,0,Units,1,One,_Z,Not applicable,,
DATAFLOW,OECD.ELS.SPD:DSD_SOCX_AGG@DF_SOCX_AGG(1.0),Social expenditure aggregates,I,AUS,Australia,A,Annual,SOCX,Social expenditure,USD_PPP_PS,"US dollars per person, PPP converted",ES10,Public,_T,Total,TP31,Incapacity related,Q,Constant prices,1995,,779.691,,A,Normal value,0,Units,1,One,_Z,Not applicable,,
DATAFLOW,OECD.ELS.SPD:DSD_SOCX_AGG@DF_SOCX_AGG(1.0),Social expenditure aggregates,I,AUS,Australia,A,Annual,SOCX,Social expenditure,USD_PPP_PS,"US dollars per person, PPP converted",ES10,Public,_T,Total,TP31,Incapacity related,Q,Constant prices,1996,,814.865,,A,Normal value,0,Units,1,One,_Z,Not applicable,,
DATAFLOW,OECD.ELS.SPD:DSD_SOCX_AGG@DF_SOCX_AGG(1.0),Social expenditure aggregates,I,AUS,Australia,A,Annual,SOCX,Social expenditure,USD_PPP_PS,"US dollars per person, PPP converted",ES10,Public,_T,Total,TP31,Incapacity related,Q,Constant prices,1997,,840.235,,A,Normal value,0,Units,1,One,_Z,Not applicable,,
DATAFLOW,OECD.ELS.SPD:DSD_SOCX_AGG@DF_SOCX_AGG(1.0),Social expenditure aggregates,I,AUS,Australia,A,Annual,SOCX,Social expenditure,USD_PPP_PS,"US dollars per person, PPP converted",ES10,Public,_T,Total,TP31,Incapacity related,Q,Constant prices,1998,,947.618,,A,Normal value,0,Units,1,One,_Z,Not applicable,,
DATAFLOW,OECD.ELS.SPD:DSD_SOCX_AGG@DF_SOCX_AGG(1.0),Social expenditure aggregates,I,AUS,Australia,A,Annual,SOCX,Social expenditure,USD_PPP_PS,"US dollars per person, PPP converted",ES10,Public,_T,Total,TP31,Incapacity related,Q,Constant prices,1999,,963.74,,A,Normal value,0,Units,1,One,_Z,Not applicable,,
DATAFLOW,OECD.ELS.SPD:DSD_SOCX_AGG@DF_SOCX_AGG(1.0),Social expenditure aggregates,I,AUS,Australia,A,Annual,SOCX,Social expenditure,USD_PPP_PS,"US dollars per person, PPP converted",ES10,Public,_T,Total,TP31,Incapacity related,Q,Constant prices,2000,,966.636,,A,Normal value,0,Units,1,One,_Z,Not applicable,,
DATAFLOW,OECD.ELS.SPD:DSD_SOCX_AGG@DF_SOCX_AGG(1.0),Social expenditure aggregates,I,AUS,Australia,A,Annual,SOCX,Social expenditure,USD_PPP_PS,"US dollars per person, PPP converted",ES10,Public,_T,Total,TP31,Incapacity related,Q,Constant prices,2001,,983.452,,A,Normal value,0,Units,1,One,_Z,Not applicable,,
DATAFLOW,OECD.ELS.SPD:DSD_SOCX_AGG@DF_SOCX_AGG(1.0),Social expenditure aggregates,I,AUS,Australia,A,Annual,SOCX,Social expenditure,USD_PPP_PS,"US dollars per person, PPP converted",ES10,Public,_T,Total,TP31,Incapacity related,Q,Constant prices,2002,,998.884,,A,Normal value,0,Units,1,One,_Z,Not applicable,,
DATAFLOW,OECD.ELS.SPD:DSD_SOCX_AGG@DF_SOCX_AGG(1.0),Social expenditure aggregates,I,AUS,Australia,A,Annual,SOCX,Social expenditure,USD_PPP_PS,"US dollars per person, PPP converted",ES10,Public,_T,Total,TP31,Incapacity related,Q,Constant prices,2003,,1003.001,,A,Normal value,0,Units,1,One,_Z,Not applicable,,
DATAFLOW,OECD.ELS.SPD:DSD_SOCX_AGG@DF_SOCX_AGG(1.0),Social expenditure aggregates,I,AUS,Australia,A,Annual,SOCX,Social expenditure,USD_PPP_PS,"US dollars per person, PPP converted",ES10,Public,_T,Total,TP31,Incapacity related,Q,Constant prices,2004,,978.358,,A,Normal value,0,Units,1,One,_Z,Not applicable,,
DATAFLOW,OECD.ELS.SPD:DSD_SOCX_AGG@DF_SOCX_AGG(1.0),Social expenditure aggregates,I,AUS,Australia,A,Annual,SOCX,Social expenditure,USD_PPP_PS,"US dollars per person, PPP converted",ES10,Public,K,In kind spending,TP31,Incapacity related,Q,Constant prices,1993,,117.614,,A,Normal value,0,Units,1,One,_Z,Not applicable,,
DATAFLOW,OECD.ELS.SPD:DSD_SOCX_AGG@DF_SOCX_AGG(1.0),Social expenditure aggregates,I,AUS,Australia,A,Annual,SOCX,Social expenditure,USD_PPP_PS,"US dollars per person, PPP converted",ES10,Public,K,In kind spending,TP31,Incapacity related,Q,Constant prices,1994,,118.265,,A,Normal value,0,Units,1,One,_Z,Not applicable,,
DATAFLOW,OECD.ELS.SPD:DSD_SOCX_AGG@DF_SOCX_AGG(1.0),Social expenditure aggregates,I,AUS,Australia,A,Annual,SOCX,Social expenditure,USD_PPP_PS,"US dollars per person, PPP converted",ES10,Public,K,In kind spending,TP31,Incapacity related,Q,Constant prices,1995,,118.134,,A,Normal value,0,Units,1,One,_Z,Not applicable,,
DATAFLOW,OECD.ELS.SPD:DSD_SOCX_AGG@DF_SOCX_AGG(1.0),Social expenditure aggregates,I,AUS,Australia,A,Annual,SOCX,Social expenditure,USD_PPP_PS,"US dollars per person, PPP converted",ES10,Public,K,In kind spending,TP31,Incapacity related,Q,Constant prices,1996,,123.055,,A,Normal value,0,Units,1,One,_Z,Not applicable,,
DATAFLOW,OECD.ELS.SPD:DSD_SOCX_AGG@DF_SOCX_AGG(1.0),Social expenditure aggregates,I,AUS,Australia,A,Annual,SOCX,Social expenditure,USD_PPP_PS,"US dollars per person, PPP converted",ES10,Public,K,In kind spending,TP31,Incapacity related,Q,Constant prices,1997,,130.685,,A,Normal value,0,Units,1,One,_Z,Not applicable,,
DATAFLOW,OECD.ELS.SPD:DSD_SOCX_AGG@DF_SOCX_AGG(1.0),Social expenditure aggregates,I,AUS,Australia,A,Annual,SOCX,Social expenditure,USD_PPP_PS,"US dollars per person, PPP converted",ES10,Public,K,In kind spending,TP31,Incapacity related,Q,Constant prices,1998,,184.609,,A,Normal value,0,Units,1,One,_Z,Not applicable,,
DATAFLOW,OECD.ELS.SPD:DSD_SOCX_AGG@DF_SOCX_AGG(1.0),Social expenditure aggregates,I,AUS,Australia,A,Annual,SOCX,Social expenditure,USD_PPP_PS,"US dollars per person, PPP converted",ES10,Public,K,In kind spending,TP31,Incapacity related,Q,Constant prices,1999,,189.206,,A,Normal value,0,Units,1,One,_Z,Not applicable,,
DATAFLOW,OECD.ELS.SPD:DSD_SOCX_AGG@DF_SOCX_AGG(1.0),Social expenditure aggregates,I,AUS,Australia,A,Annual,SOCX,Social expenditure,USD_PPP_PS,"US dollars per person, PPP converted",ES10,Public,K,In kind spending,TP31,Incapacity related,Q,Constant prices,2000,,189.111,,A,Normal value,0,Units,1,One,_Z,Not applicable,,
DATAFLOW,OECD.ELS.SPD:DSD_SOCX_AGG@DF_SOCX_AGG(1.0),Social expenditure aggregates,I,AUS,Australia,A,Annual,SOCX,Social expenditure,USD_PPP_PS,"US dollars per person, PPP converted",ES10,Public,K,In kind spending,TP31,Incapacity related,Q,Constant prices,2001,,195.278,,A,Normal value,0,Units,1,One,_Z,Not applicable,,
DATAFLOW,OECD.ELS.SPD:DSD_SOCX_AGG@DF_SOCX_AGG(1.0),Social expenditure aggregates,I,AUS,Australia,A,Annual,SOCX,Social expenditure,USD_PPP_PS,"US dollars per person, PPP converted",ES10,Public,K,In kind spending,TP31,Incapacity related,Q,Constant prices,2002,,207.098,,A,Normal value,0,Units,1,One,_Z,Not applicable,,
DATAFLOW,OECD.ELS.SPD:DSD_SOCX_AGG@DF_SOCX_AGG(1.0),Social expenditure aggregates,I,AUS,Australia,A,Annual,SOCX,Social expenditure,USD_PPP_PS,"US dollars per person, PPP converted",ES10,Public,K,In kind spending,TP31,Incapacity related,Q,Constant prices,2003,,212.593,,A,Normal value,0,Units,1,One,_Z,Not applicable,,
DATAFLOW,OECD.ELS.SPD:DSD_SOCX_AGG@DF_SOCX_AGG(1.0),Social expenditure aggregates,I,AUS,Australia,A,Annual,SOCX,Social expenditure,USD_PPP_PS,"US dollars per person, PPP converted",ES10,Public,K,In kind spending,TP31,Incapacity related,Q,Constant prices,2004,,183.807,,A,Normal value,0,Units,1,One,_Z,Not applicable,,
DATAFLOW,OECD.ELS.SPD:DSD_SOCX_AGG@DF_SOCX_AGG(1.0),Social expenditure aggregates,I,AUS,Australia,A,Annual,SOCX,Social expenditure,USD_PPP_PS,"US dollars per person, PPP converted",ES10,Public,C,In cash spending,TP31,Incapacity related,Q,Constant prices,1993,,606.219,,A,Normal value,0,Units,1,One,_Z,Not applicable,,
DATAFLOW,OECD.ELS.SPD:DSD_SOCX_AGG@DF_SOCX_AGG(1.0),Social expenditure aggregates,I,AUS,Australia,A,Annual,SOCX,Social expenditure,USD_PPP_PS,"US dollars per person, PPP converted",ES10,Public,C,In cash spending,TP31,Incapacity related,Q,Constant prices,1994,,610.84,,A,Normal value,0,Units,1,One,_Z,Not applicable,,
DATAFLOW,OECD.ELS.SPD:DSD_SOCX_AGG@DF_SOCX_AGG(1.0),Social expenditure aggregates,I,AUS,Australia,A,Annual,SOCX,Social expenditure,USD_PPP_PS,"US dollars per person, PPP converted",ES10,Public,C,In cash spending,TP31,Incapacity related,Q,Constant prices,1995,,661.557,,A,Normal value,0,Units,1,One,_Z,Not applicable,,
DATAFLOW,OECD.ELS.SPD:DSD_SOCX_AGG@DF_SOCX_AGG(1.0),Social expenditure aggregates,I,AUS,Australia,A,Annual,SOCX,Social expenditure,USD_PPP_PS,"US dollars per person, PPP converted",ES10,Public,C,In cash spending,TP31,Incapacity related,Q,Constant prices,1996,,691.81,,A,Normal value,0,Units,1,One,_Z,Not applicable,,
DATAFLOW,OECD.ELS.SPD:DSD_SOCX_AGG@DF_SOCX_AGG(1.0),Social expenditure aggregates,I,AUS,Australia,A,Annual,SOCX,Social expenditure,USD_PPP_PS,"US dollars per person, PPP converted",ES10,Public,C,In cash spending,TP31,Incapacity related,Q,Constant prices,1997,,709.55,,A,Normal value,0,Units,1,One,_Z,Not applicable,,
DATAFLOW,OECD.ELS.SPD:DSD_SOCX_AGG@DF_SOCX_AGG(1.0),Social expenditure aggregates,I,AUS,Australia,A,Annual,SOCX,Social expenditure,USD_PPP_PS,"US dollars per person, PPP converted",ES10,Public,C,In cash spending,TP31,Incapacity related,Q,Constant prices,1998,,763.009,,A,Normal value,0,Units,1,One,_Z,Not applicable,,
DATAFLOW,OECD.ELS.SPD:DSD_SOCX_AGG@DF_SOCX_AGG(1.0),Social expenditure aggregates,I,AUS,Australia,A,Annual,SOCX,Social expenditure,USD_PPP_PS,"US dollars per person, PPP converted",ES10,Public,C,In cash spending,TP31,Incapacity related,Q,Constant prices,1999,,774.534,,A,Normal value,0,Units,1,One,_Z,Not applicable,,
DATAFLOW,OECD.ELS.SPD:DSD_SOCX_AGG@DF_SOCX_AGG(1.0),Social expenditure aggregates,I,AUS,Australia,A,Annual,SOCX,Social expenditure,USD_PPP_PS,"US dollars per person, PPP converted",ES10,Public,C,In cash spending,TP31,Incapacity related,Q,Constant prices,2000,,777.525,,A,Normal value,0,Units,1,One,_Z,Not applicable,,
DATAFLOW,OECD.ELS.SPD:DSD_SOCX_AGG@DF_SOCX_AGG(1.0),Social expenditure aggregates,I,AUS,Australia,A,Annual,SOCX,Social expenditure,USD_PPP_PS,"US dollars per person, PPP converted",ES10,Public,C,In cash spending,TP31,Incapacity related,Q,Constant prices,2001,,788.174,,A,Normal value,0,Units,1,One,_Z,Not applicable,,
DATAFLOW,OECD.ELS.SPD:DSD_SOCX_AGG@DF_SOCX_AGG(1.0),Social expenditure aggregates,I,AUS,Australia,A,Annual,SOCX,Social expenditure,USD_PPP_PS,"US dollars per person, PPP converted",ES10,Public,C,In cash spending,TP31,Incapacity related,Q,Constant prices,2002,,791.786,,A,Normal value,0,Units,1,One,_Z,Not applicable,,
DATAFLOW,OECD.ELS.SPD:DSD_SOCX_AGG@DF_SOCX_AGG(1.0),Social expenditure aggregates,I,AUS,Australia,A,Annual,SOCX,Social expenditure,USD_PPP_PS,"US dollars per person, PPP converted",ES10,Public,C,In cash spending,TP31,Incapacity related,Q,Constant prices,2003,,790.408,,A,Normal value,0,Units,1,One,_Z,Not applicable,,
DATAFLOW,OECD.ELS.SPD:DSD_SOCX_AGG@DF_SOCX_AGG(1.0),Social expenditure aggregates,I,AUS,Australia,A,Annual,SOCX,Social expenditure,USD_PPP_PS,"US dollars per person, PPP converted",ES10,Public,C,In cash spending,TP31,Incapacity related,Q,Constant prices,2004,,794.551,,A,Normal value,0,Units,1,One,_Z,Not applicable,,
DATAFLOW,OECD.ELS.SPD:DSD_SOCX_AGG@DF_SOCX_AGG(1.0),Social expenditure aggregates,I,AUS,Australia,A,Annual,SOCX,Social expenditure,USD_PPP_PS,"US dollars per person, PPP converted",ES10,Public,_T,Total,TP31,Incapacity related,Q,Constant prices,2005,,957.632,,A,Normal value,0,Units,1,One,_Z,Not applicable,,
DATAFLOW,OECD.ELS.SPD:DSD_SOCX_AGG@DF_SOCX_AGG(1.0),Social expenditure aggregates,I,AUS,Australia,A,Annual,SOCX,Social expenditure,USD_PPP_PS,"US dollars per person, PPP converted",ES10,Public,_T,Total,TP31,Incapacity related,Q,Constant prices,2006,,945.475,,A,Normal value,0,Units,1,One,_Z,Not applicable,,
DATAFLOW,OECD.ELS.SPD:DSD_SOCX_AGG@DF_SOCX_AGG(1.0),Social expenditure aggregates,I,AUS,Australia,A,Annual,SOCX,Social expenditure,USD_PPP_PS,"US dollars per person, PPP converted",ES10,Public,_T,Total,TP31,Incapacity related,Q,Constant prices,2007,,954.821,,A,Normal value,0,Units,1,One,_Z,Not applicable,,
DATAFLOW,OECD.ELS.SPD:DSD_SOCX_AGG@DF_SOCX_AGG(1.0),Social expenditure aggregates,I,AUS,Australia,A,Annual,SOCX,Social expenditure,USD_PPP_PS,"US dollars per person, PPP converted",ES10,Public,_T,Total,TP31,Incapacity related,Q,Constant prices,2008,,1016.632,,A,Normal value,0,Units,1,One,_Z,Not applicable,,
DATAFLOW,OECD.ELS.SPD:DSD_SOCX_AGG@DF_SOCX_AGG(1.0),Social expenditure aggregates,I,AUS,Australia,A,Annual,SOCX,Social expenditure,USD_PPP_PS,"US dollars per person, PPP converted",ES10,Public,_T,Total,TP31,Incapacity related,Q,Constant prices,2009,,1024.92,,A,Normal value,0,Units,1,One,_Z,Not applicable,,
DATAFLOW,OECD.ELS.SPD:DSD_SOCX_AGG@DF_SOCX_AGG(1.0),Social expenditure aggregates,I,AUS,Australia,A,Annual,SOCX,Social expenditure,USD_PPP_PS,"US dollars per person, PPP converted",ES10,Public,_T,Total,TP31,Incapacity related,Q,Constant prices,2010,,1033.576,,A,Normal value,0,Units,1,One,_Z,Not applicable,,
DATAFLOW,OECD.ELS.SPD:DSD_SOCX_AGG@DF_SOCX_AGG(1.0),Social expenditure aggregates,I,AUS,Australia,A,Annual,SOCX,Social expenditure,USD_PPP_PS,"US dollars per person, PPP converted",ES10,Public,_T,Total,TP31,Incapacity related,Q,Constant prices,2011,,1088.4,,A,Normal value,0,Units,1,One,_Z,Not applicable,,
DATAFLOW,OECD.ELS.SPD:DSD_SOCX_AGG@DF_SOCX_AGG(1.0),Social expenditure aggregates,I,AUS,Australia,A,Annual,SOCX,Social expenditure,USD_PPP_PS,"US dollars per person, PPP converted",ES10,Public,_T,Total,TP31,Incapacity related,Q,Constant prices,2012,,1117.411,,A,Normal value,0,Units,1,One,_Z,Not applicable,,
DATAFLOW,OECD.ELS.SPD:DSD_SOCX_AGG@DF_SOCX_AGG(1.0),Social expenditure aggregates,I,AUS,Australia,A,Annual,SOCX,Social expenditure,USD_PPP_PS,"US dollars per person, PPP converted",ES10,Public,_T,Total,TP31,Incapacity related,Q,Constant prices,2013,,1157.941,,A,Normal value,0,Units,1,One,_Z,Not applicable,,
DATAFLOW,OECD.ELS.SPD:DSD_SOCX_AGG@DF_SOCX_AGG(1.0),Social expenditure aggregates,I,AUS,Australia,A,Annual,SOCX,Social expenditure,USD_PPP_PS,"US dollars per person, PPP converted",ES10,Public,_T,Total,TP31,Incapacity related,Q,Constant prices,2014,,1192.052,,A,Normal value,0,Units,1,One,_Z,Not applicable,,
DATAFLOW,OECD.ELS.SPD:DSD_SOCX_AGG@DF_SOCX_AGG(1.0),Social expenditure aggregates,I,AUS,Australia,A,Annual,SOCX,Social expenditure,USD_PPP_PS,"US dollars per person, PPP converted",ES10,Public,_T,Total,TP31,Incapacity related,Q,Constant prices,2015,,1201.561,,A,Normal value,0,Units,1,One,_Z,Not applicable,,
DATAFLOW,OECD.ELS.SPD:DSD_SOCX_AGG@DF_SOCX_AGG(1.0),Social expenditure aggregates,I,AUS,Australia,A,Annual,SOCX,Social expenditure,USD_PPP_PS,"US dollars per person, PPP converted",ES10,Public,_T,Total,TP31,Incapacity related,Q,Constant prices,2016,,1120.492,,A,Normal value,0,Units,1,One,_Z,Not applicable,,
DATAFLOW,OECD.ELS.SPD:DSD_SOCX_AGG@DF_SOCX_AGG(1.0),Social expenditure aggregates,I,AUS,Australia,A,Annual,SOCX,Social expenditure,USD_PPP_PS,"US dollars per person, PPP converted",ES10,Public,K,In kind spending,TP31,Incapacity related,Q,Constant prices,2005,,185.714,,A,Normal value,0,Units,1,One,_Z,Not applicable,,
DATAFLOW,OECD.ELS.SPD:DSD_SOCX_AGG@DF_SOCX_AGG(1.0),Social expenditure aggregates,I,AUS,Australia,A,Annual,SOCX,Social expenditure,USD_PPP_PS,"US dollars per person, PPP converted",ES10,Public,K,In kind spending,TP31,Incapacity related,Q,Constant prices,2006,,194.898,,A,Normal value,0,Units,1,One,_Z,Not applicable,,
DATAFLOW,OECD.ELS.SPD:DSD_SOCX_AGG@DF_SOCX_AGG(1.0),Social expenditure aggregates,I,AUS,Australia,A,Annual,SOCX,Social expenditure,USD_PPP_PS,"US dollars per person, PPP converted",ES10,Public,K,In kind spending,TP31,Incapacity related,Q,Constant prices,2007,,176.147,,A,Normal value,0,Units,1,One,_Z,Not applicable,,
DATAFLOW,OECD.ELS.SPD:DSD_SOCX_AGG@DF_SOCX_AGG(1.0),Social expenditure aggregates,I,AUS,Australia,A,Annual,SOCX,Social expenditure,USD_PPP_PS,"US dollars per person, PPP converted",ES10,Public,K,In kind spending,TP31,Incapacity related,Q,Constant prices,2008,,182.937,,A,Normal value,0,Units,1,One,_Z,Not applicable,,
DATAFLOW,OECD.ELS.SPD:DSD_SOCX_AGG@DF_SOCX_AGG(1.0),Social expenditure aggregates,I,AUS,Australia,A,Annual,SOCX,Social expenditure,USD_PPP_PS,"US dollars per person, PPP converted",ES10,Public,K,In kind spending,TP31,Incapacity related,Q,Constant prices,2009,,187.389,,A,Normal value,0,Units,1,One,_Z,Not applicable,,
DATAFLOW,OECD.ELS.SPD:DSD_SOCX_AGG@DF_SOCX_AGG(1.0),Social expenditure aggregates,I,AUS,Australia,A,Annual,SOCX,Social expenditure,USD_PPP_PS,"US dollars per person, PPP converted",ES10,Public,K,In kind spending,TP31,Incapacity related,Q,Constant prices,2010,,172.777,,A,Normal value,0,Units,1,One,_Z,Not applicable,,
DATAFLOW,OECD.ELS.SPD:DSD_SOCX_AGG@DF_SOCX_AGG(1.0),Social expenditure aggregates,I,AUS,Australia,A,Annual,SOCX,Social expenditure,USD_PPP_PS,"US dollars per person, PPP converted",ES10,Public,K,In kind spending,TP31,Incapacity related,Q,Constant prices,2011,,182.141,,A,Normal value,0,Units,1,One,_Z,Not applicable,,
DATAFLOW,OECD.ELS.SPD:DSD_SOCX_AGG@DF_SOCX_AGG(1.0),Social expenditure aggregates,I,AUS,Australia,A,Annual,SOCX,Social expenditure,USD_PPP_PS,"US dollars per person, PPP converted",ES10,Public,K,In kind spending,TP31,Incapacity related,Q,Constant prices,2012,,191.999,,A,Normal value,0,Units,1,One,_Z,Not applicable,,
DATAFLOW,OECD.ELS.SPD:DSD_SOCX_AGG@DF_SOCX_AGG(1.0),Social expenditure aggregates,I,AUS,Australia,A,Annual,SOCX,Social expenditure,USD_PPP_PS,"US dollars per person, PPP converted",ES10,Public,K,In kind spending,TP31,Incapacity related,Q,Constant prices,2013,,197.603,,A,Normal value,0,Units,1,One,_Z,Not applicable,,
DATAFLOW,OECD.ELS.SPD:DSD_SOCX_AGG@DF_SOCX_AGG(1.0),Social expenditure aggregates,I,AUS,Australia,A,Annual,SOCX,Social expenditure,USD_PPP_PS,"US dollars per person, PPP converted",ES10,Public,K,In kind spending,TP31,Incapacity related,Q,Constant prices,2014,,209.429,,A,Normal value,0,Units,1,One,_Z,Not applicable,,
DATAFLOW,OECD.ELS.SPD:DSD_SOCX_AGG@DF_SOCX_AGG(1.0),Social expenditure aggregates,I,AUS,Australia,A,Annual,SOCX,Social expenditure,USD_PPP_PS,"US dollars per person, PPP converted",ES10,Public,K,In kind spending,TP31,Incapacity related,Q,Constant prices,2015,,224.92,,A,Normal value,0,Units,1,One,_Z,Not applicable,,
DATAFLOW,OECD.ELS.SPD:DSD_SOCX_AGG@DF_SOCX_AGG(1.0),Social expenditure aggregates,I,AUS,Australia,A,Annual,SOCX,Social expenditure,USD_PPP_PS,"US dollars per person, PPP converted",ES10,Public,K,In kind spending,TP31,Incapacity related,Q,Constant prices,2016,,191.233,,A,Normal value,0,Units,1,One,_Z,Not applicable,,
DATAFLOW,OECD.ELS.SPD:DSD_SOCX_AGG@DF_SOCX_AGG(1.0),Social expenditure aggregates,I,AUS,Australia,A,Annual,SOCX,Social expenditure,USD_PPP_PS,"US dollars per person, PPP converted",ES10,Public,C,In cash spending,TP31,Incapacity related,Q,Constant prices,2005,,771.919,,A,Normal value,0,Units,1,One,_Z,Not applicable,,
DATAFLOW,OECD.ELS.SPD:DSD_SOCX_AGG@DF_SOCX_AGG(1.0),Social expenditure aggregates,I,AUS,Australia,A,Annual,SOCX,Social expenditure,USD_PPP_PS,"US dollars per person, PPP converted",ES10,Public,C,In cash spending,TP31,Incapacity related,Q,Constant prices,2006,,750.577,,A,Normal value,0,Units,1,One,_Z,Not applicable,,
DATAFLOW,OECD.ELS.SPD:DSD_SOCX_AGG@DF_SOCX_AGG(1.0),Social expenditure aggregates,I,AUS,Australia,A,Annual,SOCX,Social expenditure,USD_PPP_PS,"US dollars per person, PPP converted",ES10,Public,C,In cash spending,TP31,Incapacity related,Q,Constant prices,2007,,778.674,,A,Normal value,0,Units,1,One,_Z,Not applicable,,
DATAFLOW,OECD.ELS.SPD:DSD_SOCX_AGG@DF_SOCX_AGG(1.0),Social expenditure aggregates,I,AUS,Australia,A,Annual,SOCX,Social expenditure,USD_PPP_PS,"US dollars per person, PPP converted",ES10,Public,C,In cash spending,TP31,Incapacity related,Q,Constant prices,2008,,833.695,,A,Normal value,0,Units,1,One,_Z,Not applicable,,
DATAFLOW,OECD.ELS.SPD:DSD_SOCX_AGG@DF_SOCX_AGG(1.0),Social expenditure aggregates,I,AUS,Australia,A,Annual,SOCX,Social expenditure,USD_PPP_PS,"US dollars per person, PPP converted",ES10,Public,C,In cash spending,TP31,Incapacity related,Q,Constant prices,2009,,837.532,,A,Normal value,0,Units,1,One,_Z,Not applicable,,
DATAFLOW,OECD.ELS.SPD:DSD_SOCX_AGG@DF_SOCX_AGG(1.0),Social expenditure aggregates,I,AUS,Australia,A,Annual,SOCX,Social expenditure,USD_PPP_PS,"US dollars per person, PPP converted",ES10,Public,C,In cash spending,TP31,Incapacity related,Q,Constant prices,2010,,860.799,,A,Normal value,0,Units,1,One,_Z,Not applicable,,
DATAFLOW,OECD.ELS.SPD:DSD_SOCX_AGG@DF_SOCX_AGG(1.0),Social expenditure aggregates,I,AUS,Australia,A,Annual,SOCX,Social expenditure,USD_PPP_PS,"US dollars per person, PPP converted",ES10,Public,C,In cash spending,TP31,Incapacity related,Q,Constant prices,2011,,906.258,,A,Normal value,0,Units,1,One,_Z,Not applicable,,
DATAFLOW,OECD.ELS.SPD:DSD_SOCX_AGG@DF_SOCX_AGG(1.0),Social expenditure aggregates,I,AUS,Australia,A,Annual,SOCX,Social expenditure,USD_PPP_PS,"US dollars per person, PPP converted",ES10,Public,C,In cash spending,TP31,Incapacity related,Q,Constant prices,2012,,925.412,,A,Normal value,0,Units,1,One,_Z,Not applicable,,
DATAFLOW,OECD.ELS.SPD:DSD_SOCX_AGG@DF_SOCX_AGG(1.0),Social expenditure aggregates,I,AUS,Australia,A,Annual,SOCX,Social expenditure,USD_PPP_PS,"US dollars per person, PPP converted",ES10,Public,C,In cash spending,TP31,Incapacity related,Q,Constant prices,2013,,960.338,,A,Normal value,0,Units,1,One,_Z,Not applicable,,
DATAFLOW,OECD.ELS.SPD:DSD_SOCX_AGG@DF_SOCX_AGG(1.0),Social expenditure aggregates,I,AUS,Australia,A,Annual,SOCX,Social expenditure,USD_PPP_PS,"US dollars per person, PPP converted",ES10,Public,C,In cash spending,TP31,Incapacity related,Q,Constant prices,2014,,982.623,,A,Normal value,0,Units,1,One,_Z,Not applicable,,
DATAFLOW,OECD.ELS.SPD:DSD_SOCX_AGG@DF_SOCX_AGG(1.0),Social expenditure aggregates,I,AUS,Australia,A,Annual,SOCX,Social expenditure,USD_PPP_PS,"US dollars per person, PPP converted",ES10,Public,C,In cash spending,TP31,Incapacity related,Q,Constant prices,2015,,976.641,,A,Normal value,0,Units,1,One,_Z,Not applicable,,
DATAFLOW,OECD.ELS.SPD:DSD_SOCX_AGG@DF_SOCX_AGG(1.0),Social expenditure aggregates,I,AUS,Australia,A,Annual,SOCX,Social expenditure,USD_PPP_PS,"US dollars per person, PPP converted",ES10,Public,C,In cash spending,TP31,Incapacity related,Q,Constant prices,2016,,929.259,,A,Normal value,0,Units,1,One,_Z,Not applicable,,
DATAFLOW,OECD.ELS.SPD:DSD_SOCX_AGG@DF_SOCX_AGG(1.0),Social expenditure aggregates,I,NOR,Norway,A,Annual,SOCX,Social expenditure,USD_PPP_PS,"US dollars per person, PPP converted",ES10,Public,K,In kind spending,TP31,Incapacity related,Q,Constant prices,2006,,424.977,,A,Normal value,0,Units,1,One,_Z,Not applicable,,
DATAFLOW,OECD.ELS.SPD:DSD_SOCX_AGG@DF_SOCX_AGG(1.0),Social expenditure aggregates,I,NOR,Norway,A,Annual,SOCX,Social expenditure,USD_PPP_PS,"US dollars per person, PPP converted",ES10,Public,K,In kind spending,TP31,Incapacity related,Q,Constant prices,2007,,428.824,,A,Normal value,0,Units,1,One,_Z,Not applicable,,
DATAFLOW,OECD.ELS.SPD:DSD_SOCX_AGG@DF_SOCX_AGG(1.0),Social expenditure aggregates,I,NOR,Norway,A,Annual,SOCX,Social expenditure,USD_PPP_PS,"US dollars per person, PPP converted",ES10,Public,K,In kind spending,TP31,Incapacity related,Q,Constant prices,2008,,321.318,,A,Normal value,0,Units,1,One,_Z,Not applicable,,
DATAFLOW,OECD.ELS.SPD:DSD_SOCX_AGG@DF_SOCX_AGG(1.0),Social expenditure aggregates,I,NOR,Norway,A,Annual,SOCX,Social expenditure,USD_PPP_PS,"US dollars per person, PPP converted",ES10,Public,K,In kind spending,TP31,Incapacity related,Q,Constant prices,2009,,332.971,,A,Normal value,0,Units,1,One,_Z,Not applicable,,
DATAFLOW,OECD.ELS.SPD:DSD_SOCX_AGG@DF_SOCX_AGG(1.0),Social expenditure aggregates,I,NOR,Norway,A,Annual,SOCX,Social expenditure,USD_PPP_PS,"US dollars per person, PPP converted",ES10,Public,K,In kind spending,TP31,Incapacity related,Q,Constant prices,2010,,320.737,,A,Normal value,0,Units,1,One,_Z,Not applicable,,
DATAFLOW,OECD.ELS.SPD:DSD_SOCX_AGG@DF_SOCX_AGG(1.0),Social expenditure aggregates,I,NOR,Norway,A,Annual,SOCX,Social expenditure,USD_PPP_PS,"US dollars per person, PPP converted",ES10,Public,K,In kind spending,TP31,Incapacity related,Q,Constant prices,2011,,297.02,,A,Normal value,0,Units,1,One,_Z,Not applicable,,
DATAFLOW,OECD.ELS.SPD:DSD_SOCX_AGG@DF_SOCX_AGG(1.0),Social expenditure aggregates,I,NOR,Norway,A,Annual,SOCX,Social expenditure,USD_PPP_PS,"US dollars per person, PPP converted",ES10,Public,K,In kind spending,TP31,Incapacity related,Q,Constant prices,2012,,293.611,,A,Normal value,0,Units,1,One,_Z,Not applicable,,
DATAFLOW,OECD.ELS.SPD:DSD_SOCX_AGG@DF_SOCX_AGG(1.0),Social expenditure aggregates,I,NOR,Norway,A,Annual,SOCX,Social expenditure,USD_PPP_PS,"US dollars per person, PPP converted",ES10,Public,K,In kind spending,TP31,Incapacity related,Q,Constant prices,2013,,314.232,,A,Normal value,0,Units,1,One,_Z,Not applicable,,
DATAFLOW,OECD.ELS.SPD:DSD_SOCX_AGG@DF_SOCX_AGG(1.0),Social expenditure aggregates,I,NOR,Norway,A,Annual,SOCX,Social expenditure,USD_PPP_PS,"US dollars per person, PPP converted",ES10,Public,K,In kind spending,TP31,Incapacity related,Q,Constant prices,2014,,327.271,,A,Normal value,0,Units,1,One,_Z,Not applicable,,
DATAFLOW,OECD.ELS.SPD:DSD_SOCX_AGG@DF_SOCX_AGG(1.0),Social expenditure aggregates,I,NOR,Norway,A,Annual,SOCX,Social expenditure,USD_PPP_PS,"US dollars per person, PPP converted",ES10,Public,K,In kind spending,TP31,Incapacity related,Q,Constant prices,2015,,343.535,,A,Normal value,0,Units,1,One,_Z,Not applicable,,
DATAFLOW,OECD.ELS.SPD:DSD_SOCX_AGG@DF_SOCX_AGG(1.0),Social expenditure aggregates,I,NOR,Norway,A,Annual,SOCX,Social expenditure,USD_PPP_PS,"US dollars per person, PPP converted",ES10,Public,K,In kind spending,TP31,Incapacity related,Q,Constant prices,2016,,363.516,,A,Normal value,0,Units,1,One,_Z,Not applicable,,
DATAFLOW,OECD.ELS.SPD:DSD_SOCX_AGG@DF_SOCX_AGG(1.0),Social expenditure aggregates,I,NOR,Norway,A,Annual,SOCX,Social expenditure,USD_PPP_PS,"US dollars per person, PPP converted",ES10,Public,K,In kind spending,TP31,Incapacity related,Q,Constant prices,2017,,368.116,,A,Normal value,0,Units,1,One,_Z,Not applicable,,
DATAFLOW,OECD.ELS.SPD:DSD_SOCX_AGG@DF_SOCX_AGG(1.0),Social expenditure aggregates,I,NOR,Norway,A,Annual,SOCX,Social expenditure,USD_PPP_PS,"US dollars per person, PPP converted",ES10,Public,K,In kind spending,TP31,Incapacity related,Q,Constant prices,2018,,357.037,,A,Normal value,0,Units,1,One,_Z,Not applicable,,
DATAFLOW,OECD.ELS.SPD:DSD_SOCX_AGG@DF_SOCX_AGG(1.0),Social expenditure aggregates,I,NOR,Norway,A,Annual,SOCX,Social expenditure,USD_PPP_PS,"US dollars per person, PPP converted",ES10,Public,K,In kind spending,TP31,Incapacity related,Q,Constant prices,2019,,378.111,,A,Normal value,0,Units,1,One,_Z,Not applicable,,
DATAFLOW,OECD.ELS.SPD:DSD_SOCX_AGG@DF_SOCX_AGG(1.0),Social expenditure aggregates,I,NOR,Norway,A,Annual,SOCX,Social expenditure,USD_PPP_PS,"US dollars per person, PPP converted",ES10,Public,K,In kind spending,TP31,Incapacity related,Q,Constant prices,2020,,390.625,,A,Normal value,0,Units,1,One,_Z,Not applicable,,
DATAFLOW,OECD.ELS.SPD:DSD_SOCX_AGG@DF_SOCX_AGG(1.0),Social expenditure aggregates,I,NOR,Norway,A,Annual,SOCX,Social expenditure,USD_PPP_PS,"US dollars per person, PPP converted",ES10,Public,K,In kind spending,TP31,Incapacity related,Q,Constant prices,2021,,343.077,,A,Normal value,0,Units,1,One,_Z,Not applicable,,
DATAFLOW,OECD.ELS.SPD:DSD_SOCX_AGG@DF_SOCX_AGG(1.0),Social expenditure aggregates,I,NOR,Norway,A,Annual,SOCX,Social expenditure,USD_PPP_PS,"US dollars per person, PPP converted",ES10,Public,_T,Total,TP31,Incapacity related,Q,Constant prices,2006,,2492.817,,A,Normal value,0,Units,1,One,_Z,Not applicable,,
DATAFLOW,OECD.ELS.SPD:DSD_SOCX_AGG@DF_SOCX_AGG(1.0),Social expenditure aggregates,I,NOR,Norway,A,Annual,SOCX,Social expenditure,USD_PPP_PS,"US dollars per person, PPP converted",ES10,Public,_T,Total,TP31,Incapacity related,Q,Constant prices,2007,,2549.351,,A,Normal value,0,Units,1,One,_Z,Not applicable,,
DATAFLOW,OECD.ELS.SPD:DSD_SOCX_AGG@DF_SOCX_AGG(1.0),Social expenditure aggregates,I,NOR,Norway,A,Annual,SOCX,Social expenditure,USD_PPP_PS,"US dollars per person, PPP converted",ES10,Public,_T,Total,TP31,Incapacity related,Q,Constant prices,2008,,2393.556,,A,Normal value,0,Units,1,One,_Z,Not applicable,,
DATAFLOW,OECD.ELS.SPD:DSD_SOCX_AGG@DF_SOCX_AGG(1.0),Social expenditure aggregates,I,NOR,Norway,A,Annual,SOCX,Social expenditure,USD_PPP_PS,"US dollars per person, PPP converted",ES10,Public,_T,Total,TP31,Incapacity related,Q,Constant prices,2009,,2692.798,,A,Normal value,0,Units,1,One,_Z,Not applicable,,
DATAFLOW,OECD.ELS.SPD:DSD_SOCX_AGG@DF_SOCX_AGG(1.0),Social expenditure aggregates,I,NOR,Norway,A,Annual,SOCX,Social expenditure,USD_PPP_PS,"US dollars per person, PPP converted",ES10,Public,_T,Total,TP31,Incapacity related,Q,Constant prices,2010,,2457.349,,A,Normal value,0,Units,1,One,_Z,Not applicable,,
DATAFLOW,OECD.ELS.SPD:DSD_SOCX_AGG@DF_SOCX_AGG(1.0),Social expenditure aggregates,I,NOR,Norway,A,Annual,SOCX,Social expenditure,USD_PPP_PS,"US dollars per person, PPP converted",ES10,Public,_T,Total,TP31,Incapacity related,Q,Constant prices,2011,,2228.419,,A,Normal value,0,Units,1,One,_Z,Not applicable,,
DATAFLOW,OECD.ELS.SPD:DSD_SOCX_AGG@DF_SOCX_AGG(1.0),Social expenditure aggregates,I,NOR,Norway,A,Annual,SOCX,Social expenditure,USD_PPP_PS,"US dollars per person, PPP converted",ES10,Public,_T,Total,TP31,Incapacity related,Q,Constant prices,2012,,2207.58,,A,Normal value,0,Units,1,One,_Z,Not applicable,,
DATAFLOW,OECD.ELS.SPD:DSD_SOCX_AGG@DF_SOCX_AGG(1.0),Social expenditure aggregates,I,NOR,Norway,A,Annual,SOCX,Social expenditure,USD_PPP_PS,"US dollars per person, PPP converted",ES10,Public,_T,Total,TP31,Incapacity related,Q,Constant prices,2013,,2214.683,,A,Normal value,0,Units,1,One,_Z,Not applicable,,
DATAFLOW,OECD.ELS.SPD:DSD_SOCX_AGG@DF_SOCX_AGG(1.0),Social expenditure aggregates,I,NOR,Norway,A,Annual,SOCX,Social expenditure,USD_PPP_PS,"US dollars per person, PPP converted",ES10,Public,_T,Total,TP31,Incapacity related,Q,Constant prices,2014,,2296.929,,A,Normal value,0,Units,1,One,_Z,Not applicable,,
DATAFLOW,OECD.ELS.SPD:DSD_SOCX_AGG@DF_SOCX_AGG(1.0),Social expenditure aggregates,I,NOR,Norway,A,Annual,SOCX,Social expenditure,USD_PPP_PS,"US dollars per person, PPP converted",ES10,Public,_T,Total,TP31,Incapacity related,Q,Constant prices,2015,,2608.151,,A,Normal value,0,Units,1,One,_Z,Not applicable,,
DATAFLOW,OECD.ELS.SPD:DSD_SOCX_AGG@DF_SOCX_AGG(1.0),Social expenditure aggregates,I,NOR,Norway,A,Annual,SOCX,Social expenditure,USD_PPP_PS,"US dollars per person, PPP converted",ES10,Public,_T,Total,TP31,Incapacity related,Q,Constant prices,2016,,2731.641,,A,Normal value,0,Units,1,One,_Z,Not applicable,,
DATAFLOW,OECD.ELS.SPD:DSD_SOCX_AGG@DF_SOCX_AGG(1.0),Social expenditure aggregates,I,NOR,Norway,A,Annual,SOCX,Social expenditure,USD_PPP_PS,"US dollars per person, PPP converted",ES10,Public,_T,Total,TP31,Incapacity related,Q,Constant prices,2017,,2703.136,,A,Normal value,0,Units,1,One,_Z,Not applicable,,
DATAFLOW,OECD.ELS.SPD:DSD_SOCX_AGG@DF_SOCX_AGG(1.0),Social expenditure aggregates,I,NOR,Norway,A,Annual,SOCX,Social expenditure,USD_PPP_PS,"US dollars per person, PPP converted",ES10,Public,_T,Total,TP31,Incapacity related,Q,Constant prices,2018,,2637.265,,A,Normal value,0,Units,1,One,_Z,Not applicable,,
DATAFLOW,OECD.ELS.SPD:DSD_SOCX_AGG@DF_SOCX_AGG(1.0),Social expenditure aggregates,I,NOR,Norway,A,Annual,SOCX,Social expenditure,USD_PPP_PS,"US dollars per person, PPP converted",ES10,Public,_T,Total,TP31,Incapacity related,Q,Constant prices,2019,,2792.006,,A,Normal value,0,Units,1,One,_Z,Not applicable,,
DATAFLOW,OECD.ELS.SPD:DSD_SOCX_AGG@DF_SOCX_AGG(1.0),Social expenditure aggregates,I,NOR,Norway,A,Annual,SOCX,Social expenditure,USD_PPP_PS,"US dollars per person, PPP converted",ES10,Public,_T,Total,TP31,Incapacity related,Q,Constant prices,2020,,2954.849,,A,Normal value,0,Units,1,One,_Z,Not applicable,,
DATAFLOW,OECD.ELS.SPD:DSD_SOCX_AGG@DF_SOCX_AGG(1.0),Social expenditure aggregates,I,NOR,Norway,A,Annual,SOCX,Social expenditure,USD_PPP_PS,"US dollars per person, PPP converted",ES10,Public,_T,Total,TP31,Incapacity related,Q,Constant prices,2021,,2552.178,,A,Normal value,0,Units,1,One,_Z,Not applicable,,
DATAFLOW,OECD.ELS.SPD:DSD_SOCX_AGG@DF_SOCX_AGG(1.0),Social expenditure aggregates,I,NOR,Norway,A,Annual,SOCX,Social expenditure,USD_PPP_PS,"US dollars per person, PPP converted",ES10,Public,C,In cash spending,TP31,Incapacity related,Q,Constant prices,2006,,2067.84,,A,Normal value,0,Units,1,One,_Z,Not applicable,,
DATAFLOW,OECD.ELS.SPD:DSD_SOCX_AGG@DF_SOCX_AGG(1.0),Social expenditure aggregates,I,NOR,Norway,A,Annual,SOCX,Social expenditure,USD_PPP_PS,"US dollars per person, PPP converted",ES10,Public,C,In cash spending,TP31,Incapacity related,Q,Constant prices,2007,,2120.527,,A,Normal value,0,Units,1,One,_Z,Not applicable,,
DATAFLOW,OECD.ELS.SPD:DSD_SOCX_AGG@DF_SOCX_AGG(1.0),Social expenditure aggregates,I,NOR,Norway,A,Annual,SOCX,Social expenditure,USD_PPP_PS,"US dollars per person, PPP converted",ES10,Public,C,In cash spending,TP31,Incapacity related,Q,Constant prices,2008,,2072.238,,A,Normal value,0,Units,1,One,_Z,Not applicable,,
DATAFLOW,OECD.ELS.SPD:DSD_SOCX_AGG@DF_SOCX_AGG(1.0),Social expenditure aggregates,I,NOR,Norway,A,Annual,SOCX,Social expenditure,USD_PPP_PS,"US dollars per person, PPP converted",ES10,Public,C,In cash spending,TP31,Incapacity related,Q,Constant prices,2009,,2359.827,,A,Normal value,0,Units,1,One,_Z,Not applicable,,
DATAFLOW,OECD.ELS.SPD:DSD_SOCX_AGG@DF_SOCX_AGG(1.0),Social expenditure aggregates,I,NOR,Norway,A,Annual,SOCX,Social expenditure,USD_PPP_PS,"US dollars per person, PPP converted",ES10,Public,C,In cash spending,TP31,Incapacity related,Q,Constant prices,2010,,2136.612,,A,Normal value,0,Units,1,One,_Z,Not applicable,,
DATAFLOW,OECD.ELS.SPD:DSD_SOCX_AGG@DF_SOCX_AGG(1.0),Social expenditure aggregates,I,NOR,Norway,A,Annual,SOCX,Social expenditure,USD_PPP_PS,"US dollars per person, PPP converted",ES10,Public,C,In cash spending,TP31,Incapacity related,Q,Constant prices,2011,,1931.399,,A,Normal value,0,Units,1,One,_Z,Not applicable,,
DATAFLOW,OECD.ELS.SPD:DSD_SOCX_AGG@DF_SOCX_AGG(1.0),Social expenditure aggregates,I,NOR,Norway,A,Annual,SOCX,Social expenditure,USD_PPP_PS,"US dollars per person, PPP converted",ES10,Public,C,In cash spending,TP31,Incapacity related,Q,Constant prices,2012,,1913.97,,A,Normal value,0,Units,1,One,_Z,Not applicable,,
DATAFLOW,OECD.ELS.SPD:DSD_SOCX_AGG@DF_SOCX_AGG(1.0),Social expenditure aggregates,I,NOR,Norway,A,Annual,SOCX,Social expenditure,USD_PPP_PS,"US dollars per person, PPP converted",ES10,Public,C,In cash spending,TP31,Incapacity related,Q,Constant prices,2013,,1900.451,,A,Normal value,0,Units,1,One,_Z,Not applicable,,
DATAFLOW,OECD.ELS.SPD:DSD_SOCX_AGG@DF_SOCX_AGG(1.0),Social expenditure aggregates,I,NOR,Norway,A,Annual,SOCX,Social expenditure,USD_PPP_PS,"US dollars per person, PPP converted",ES10,Public,C,In cash spending,TP31,Incapacity related,Q,Constant prices,2014,,1969.658,,A,Normal value,0,Units,1,One,_Z,Not applicable,,
DATAFLOW,OECD.ELS.SPD:DSD_SOCX_AGG@DF_SOCX_AGG(1.0),Social expenditure aggregates,I,NOR,Norway,A,Annual,SOCX,Social expenditure,USD_PPP_PS,"US dollars per person, PPP converted",ES10,Public,C,In cash spending,TP31,Incapacity related,Q,Constant prices,2015,,2264.617,,A,Normal value,0,Units,1,One,_Z,Not applicable,,
DATAFLOW,OECD.ELS.SPD:DSD_SOCX_AGG@DF_SOCX_AGG(1.0),Social expenditure aggregates,I,NOR,Norway,A,Annual,SOCX,Social expenditure,USD_PPP_PS,"US dollars per person, PPP converted",ES10,Public,C,In cash spending,TP31,Incapacity related,Q,Constant prices,2016,,2368.125,,A,Normal value,0,Units,1,One,_Z,Not applicable,,
DATAFLOW,OECD.ELS.SPD:DSD_SOCX_AGG@DF_SOCX_AGG(1.0),Social expenditure aggregates,I,NOR,Norway,A,Annual,SOCX,Social expenditure,USD_PPP_PS,"US dollars per person, PPP converted",ES10,Public,C,In cash spending,TP31,Incapacity related,Q,Constant prices,2017,,2335.02,,A,Normal value,0,Units,1,One,_Z,Not applicable,,
DATAFLOW,OECD.ELS.SPD:DSD_SOCX_AGG@DF_SOCX_AGG(1.0),Social expenditure aggregates,I,NOR,Norway,A,Annual,SOCX,Social expenditure,USD_PPP_PS,"US dollars per person, PPP converted",ES10,Public,C,In cash spending,TP31,Incapacity related,Q,Constant prices,2018,,2280.228,,A,Normal value,0,Units,1,One,_Z,Not applicable,,
DATAFLOW,OECD.ELS.SPD:DSD_SOCX_AGG@DF_SOCX_AGG(1.0),Social expenditure aggregates,I,NOR,Norway,A,Annual,SOCX,Social expenditure,USD_PPP_PS,"US dollars per person, PPP converted",ES10,Public,C,In cash spending,TP31,Incapacity related,Q,Constant prices,2019,,2413.895,,A,Normal value,0,Units,1,One,_Z,Not applicable,,
DATAFLOW,OECD.ELS.SPD:DSD_SOCX_AGG@DF_SOCX_AGG(1.0),Social expenditure aggregates,I,NOR,Norway,A,Annual,SOCX,Social expenditure,USD_PPP_PS,"US dollars per person, PPP converted",ES10,Public,C,In cash spending,TP31,Incapacity related,Q,Constant prices,2020,,2564.224,,A,Normal value,0,Units,1,One,_Z,Not applicable,,
DATAFLOW,OECD.ELS.SPD:DSD_SOCX_AGG@DF_SOCX_AGG(1.0),Social expenditure aggregates,I,NOR,Norway,A,Annual,SOCX,Social expenditure,USD_PPP_PS,"US dollars per person, PPP converted",ES10,Public,C,In cash spending,TP31,Incapacity related,Q,Constant prices,2021,,2209.101,,A,Normal value,0,Units,1,One,_Z,Not applicable,,
DATAFLOW,OECD.ELS.SPD:DSD_SOCX_AGG@DF_SOCX_AGG(1.0),Social expenditure aggregates,I,GBR,United Kingdom,A,Annual,SOCX,Social expenditure,USD_PPP_PS,"US dollars per person, PPP converted",ES10,Public,K,In kind spending,TP31,Incapacity related,Q,Constant prices,1990,,55.791,,A,Normal value,0,Units,1,One,_Z,Not applicable,,
DATAFLOW,OECD.ELS.SPD:DSD_SOCX_AGG@DF_SOCX_AGG(1.0),Social expenditure aggregates,I,GBR,United Kingdom,A,Annual,SOCX,Social expenditure,USD_PPP_PS,"US dollars per person, PPP converted",ES10,Public,K,In kind spending,TP31,Incapacity related,Q,Constant prices,1991,,60.006,,A,Normal value,0,Units,1,One,_Z,Not applicable,,
DATAFLOW,OECD.ELS.SPD:DSD_SOCX_AGG@DF_SOCX_AGG(1.0),Social expenditure aggregates,I,GBR,United Kingdom,A,Annual,SOCX,Social expenditure,USD_PPP_PS,"US dollars per person, PPP converted",ES10,Public,K,In kind spending,TP31,Incapacity related,Q,Constant prices,1992,,62.415,,A,Normal value,0,Units,1,One,_Z,Not applicable,,
DATAFLOW,OECD.ELS.SPD:DSD_SOCX_AGG@DF_SOCX_AGG(1.0),Social expenditure aggregates,I,GBR,United Kingdom,A,Annual,SOCX,Social expenditure,USD_PPP_PS,"US dollars per person, PPP converted",ES10,Public,K,In kind spending,TP31,Incapacity related,Q,Constant prices,1993,,68.23,,A,Normal value,0,Units,1,One,_Z,Not applicable,,
DATAFLOW,OECD.ELS.SPD:DSD_SOCX_AGG@DF_SOCX_AGG(1.0),Social expenditure aggregates,I,GBR,United Kingdom,A,Annual,SOCX,Social expenditure,USD_PPP_PS,"US dollars per person, PPP converted",ES10,Public,K,In kind spending,TP31,Incapacity related,Q,Constant prices,1994,,77.956,,A,Normal value,0,Units,1,One,_Z,Not applicable,,
DATAFLOW,OECD.ELS.SPD:DSD_SOCX_AGG@DF_SOCX_AGG(1.0),Social expenditure aggregates,I,GBR,United Kingdom,A,Annual,SOCX,Social expenditure,USD_PPP_PS,"US dollars per person, PPP converted",ES10,Public,K,In kind spending,TP31,Incapacity related,Q,Constant prices,1995,,79.07,,A,Normal value,0,Units,1,One,_Z,Not applicable,,
DATAFLOW,OECD.ELS.SPD:DSD_SOCX_AGG@DF_SOCX_AGG(1.0),Social expenditure aggregates,I,GBR,United Kingdom,A,Annual,SOCX,Social expenditure,USD_PPP_PS,"US dollars per person, PPP converted",ES10,Public,K,In kind spending,TP31,Incapacity related,Q,Constant prices,1996,,81.683,,A,Normal value,0,Units,1,One,_Z,Not applicable,,
DATAFLOW,OECD.ELS.SPD:DSD_SOCX_AGG@DF_SOCX_AGG(1.0),Social expenditure aggregates,I,GBR,United Kingdom,A,Annual,SOCX,Social expenditure,USD_PPP_PS,"US dollars per person, PPP converted",ES10,Public,K,In kind spending,TP31,Incapacity related,Q,Constant prices,1997,,86.909,,A,Normal value,0,Units,1,One,_Z,Not applicable,,
DATAFLOW,OECD.ELS.SPD:DSD_SOCX_AGG@DF_SOCX_AGG(1.0),Social expenditure aggregates,I,GBR,United Kingdom,A,Annual,SOCX,Social expenditure,USD_PPP_PS,"US dollars per person, PPP converted",ES10,Public,K,In kind spending,TP31,Incapacity related,Q,Constant prices,1998,,101.675,,A,Normal value,0,Units,1,One,_Z,Not applicable,,
DATAFLOW,OECD.ELS.SPD:DSD_SOCX_AGG@DF_SOCX_AGG(1.0),Social expenditure aggregates,I,GBR,United Kingdom,A,Annual,SOCX,Social expenditure,USD_PPP_PS,"US dollars per person, PPP converted",ES10,Public,K,In kind spending,TP31,Incapacity related,Q,Constant prices,1999,,77.067,,A,Normal value,0,Units,1,One,_Z,Not applicable,,
DATAFLOW,OECD.ELS.SPD:DSD_SOCX_AGG@DF_SOCX_AGG(1.0),Social expenditure aggregates,I,GBR,United Kingdom,A,Annual,SOCX,Social expenditure,USD_PPP_PS,"US dollars per person, PPP converted",ES10,Public,K,In kind spending,TP31,Incapacity related,Q,Constant prices,2000,,91.242,,A,Normal value,0,Units,1,One,_Z,Not applicable,,
DATAFLOW,OECD.ELS.SPD:DSD_SOCX_AGG@DF_SOCX_AGG(1.0),Social expenditure aggregates,I,GBR,United Kingdom,A,Annual,SOCX,Social expenditure,USD_PPP_PS,"US dollars per person, PPP converted",ES10,Public,K,In kind spending,TP31,Incapacity related,Q,Constant prices,2001,,97.653,,A,Normal value,0,Units,1,One,_Z,Not applicable,,
DATAFLOW,OECD.ELS.SPD:DSD_SOCX_AGG@DF_SOCX_AGG(1.0),Social expenditure aggregates,I,GBR,United Kingdom,A,Annual,SOCX,Social expenditure,USD_PPP_PS,"US dollars per person, PPP converted",ES10,Public,K,In kind spending,TP31,Incapacity related,Q,Constant prices,2002,,113.721,,A,Normal value,0,Units,1,One,_Z,Not applicable,,
DATAFLOW,OECD.ELS.SPD:DSD_SOCX_AGG@DF_SOCX_AGG(1.0),Social expenditure aggregates,I,GBR,United Kingdom,A,Annual,SOCX,Social expenditure,USD_PPP_PS,"US dollars per person, PPP converted",ES10,Public,K,In kind spending,TP31,Incapacity related,Q,Constant prices,2003,,147.67,,A,Normal value,0,Units,1,One,_Z,Not applicable,,
DATAFLOW,OECD.ELS.SPD:DSD_SOCX_AGG@DF_SOCX_AGG(1.0),Social expenditure aggregates,I,GBR,United Kingdom,A,Annual,SOCX,Social expenditure,USD_PPP_PS,"US dollars per person, PPP converted",ES10,Public,K,In kind spending,TP31,Incapacity related,Q,Constant prices,2004,,147.517,,A,Normal value,0,Units,1,One,_Z,Not applicable,,
DATAFLOW,OECD.ELS.SPD:DSD_SOCX_AGG@DF_SOCX_AGG(1.0),Social expenditure aggregates,I,GBR,United Kingdom,A,Annual,SOCX,Social expenditure,USD_PPP_PS,"US dollars per person, PPP converted",ES10,Public,K,In kind spending,TP31,Incapacity related,Q,Constant prices,2005,,145.413,,A,Normal value,0,Units,1,One,_Z,Not applicable,,
DATAFLOW,OECD.ELS.SPD:DSD_SOCX_AGG@DF_SOCX_AGG(1.0),Social expenditure aggregates,I,GBR,United Kingdom,A,Annual,SOCX,Social expenditure,USD_PPP_PS,"US dollars per person, PPP converted",ES10,Public,K,In kind spending,TP31,Incapacity related,Q,Constant prices,2006,,140.98,,A,Normal value,0,Units,1,One,_Z,Not applicable,,
DATAFLOW,OECD.ELS.SPD:DSD_SOCX_AGG@DF_SOCX_AGG(1.0),Social expenditure aggregates,I,GBR,United Kingdom,A,Annual,SOCX,Social expenditure,USD_PPP_PS,"US dollars per person, PPP converted",ES10,Public,K,In kind spending,TP31,Incapacity related,Q,Constant prices,2007,,160.046,,A,Normal value,0,Units,1,One,_Z,Not applicable,,
DATAFLOW,OECD.ELS.SPD:DSD_SOCX_AGG@DF_SOCX_AGG(1.0),Social expenditure aggregates,I,GBR,United Kingdom,A,Annual,SOCX,Social expenditure,USD_PPP_PS,"US dollars per person, PPP converted",ES10,Public,K,In kind spending,TP31,Incapacity related,Q,Constant prices,2008,,167.674,,A,Normal value,0,Units,1,One,_Z,Not applicable,,
DATAFLOW,OECD.ELS.SPD:DSD_SOCX_AGG@DF_SOCX_AGG(1.0),Social expenditure aggregates,I,GBR,United Kingdom,A,Annual,SOCX,Social expenditure,USD_PPP_PS,"US dollars per person, PPP converted",ES10,Public,K,In kind spending,TP31,Incapacity related,Q,Constant prices,2009,,171.293,,A,Normal value,0,Units,1,One,_Z,Not applicable,,
DATAFLOW,OECD.ELS.SPD:DSD_SOCX_AGG@DF_SOCX_AGG(1.0),Social expenditure aggregates,I,GBR,United Kingdom,A,Annual,SOCX,Social expenditure,USD_PPP_PS,"US dollars per person, PPP converted",ES10,Public,K,In kind spending,TP31,Incapacity related,Q,Constant prices,2010,,179.824,,A,Normal value,0,Units,1,One,_Z,Not applicable,,
DATAFLOW,OECD.ELS.SPD:DSD_SOCX_AGG@DF_SOCX_AGG(1.0),Social expenditure aggregates,I,GBR,United Kingdom,A,Annual,SOCX,Social expenditure,USD_PPP_PS,"US dollars per person, PPP converted",ES10,Public,K,In kind spending,TP31,Incapacity related,Q,Constant prices,2011,,194.366,,A,Normal value,0,Units,1,One,_Z,Not applicable,,
DATAFLOW,OECD.ELS.SPD:DSD_SOCX_AGG@DF_SOCX_AGG(1.0),Social expenditure aggregates,I,GBR,United Kingdom,A,Annual,SOCX,Social expenditure,USD_PPP_PS,"US dollars per person, PPP converted",ES10,Public,K,In kind spending,TP31,Incapacity related,Q,Constant prices,2012,,193.432,,A,Normal value,0,Units,1,One,_Z,Not applicable,,
DATAFLOW,OECD.ELS.SPD:DSD_SOCX_AGG@DF_SOCX_AGG(1.0),Social expenditure aggregates,I,GBR,United Kingdom,A,Annual,SOCX,Social expenditure,USD_PPP_PS,"US dollars per person, PPP converted",ES10,Public,K,In kind spending,TP31,Incapacity related,Q,Constant prices,2013,,192.427,,A,Normal value,0,Units,1,One,_Z,Not applicable,,
DATAFLOW,OECD.ELS.SPD:DSD_SOCX_AGG@DF_SOCX_AGG(1.0),Social expenditure aggregates,I,GBR,United Kingdom,A,Annual,SOCX,Social expenditure,USD_PPP_PS,"US dollars per person, PPP converted",ES10,Public,K,In kind spending,TP31,Incapacity related,Q,Constant prices,2014,,131.337,,A,Normal value,0,Units,1,One,_Z,Not applicable,,
DATAFLOW,OECD.ELS.SPD:DSD_SOCX_AGG@DF_SOCX_AGG(1.0),Social expenditure aggregates,I,GBR,United Kingdom,A,Annual,SOCX,Social expenditure,USD_PPP_PS,"US dollars per person, PPP converted",ES10,Public,K,In kind spending,TP31,Incapacity related,Q,Constant prices,2015,,134.218,,A,Normal value,0,Units,1,One,_Z,Not applicable,,
DATAFLOW,OECD.ELS.SPD:DSD_SOCX_AGG@DF_SOCX_AGG(1.0),Social expenditure aggregates,I,GBR,United Kingdom,A,Annual,SOCX,Social expenditure,USD_PPP_PS,"US dollars per person, PPP converted",ES10,Public,K,In kind spending,TP31,Incapacity related,Q,Constant prices,2016,,135.021,,A,Normal value,0,Units,1,One,_Z,Not applicable,,
DATAFLOW,OECD.ELS.SPD:DSD_SOCX_AGG@DF_SOCX_AGG(1.0),Social expenditure aggregates,I,GBR,United Kingdom,A,Annual,SOCX,Social expenditure,USD_PPP_PS,"US dollars per person, PPP converted",ES10,Public,K,In kind spending,TP31,Incapacity related,Q,Constant prices,2017,,136.364,,A,Normal value,0,Units,1,One,_Z,Not applicable,,
DATAFLOW,OECD.ELS.SPD:DSD_SOCX_AGG@DF_SOCX_AGG(1.0),Social expenditure aggregates,I,GBR,United Kingdom,A,Annual,SOCX,Social expenditure,USD_PPP_PS,"US dollars per person, PPP converted",ES10,Public,K,In kind spending,TP31,Incapacity related,Q,Constant prices,2018,,140.286,,A,Normal value,0,Units,1,One,_Z,Not applicable,,
DATAFLOW,OECD.ELS.SPD:DSD_SOCX_AGG@DF_SOCX_AGG(1.0),Social expenditure aggregates,I,GBR,United Kingdom,A,Annual,SOCX,Social expenditure,USD_PPP_PS,"US dollars per person, PPP converted",ES10,Public,K,In kind spending,TP31,Incapacity related,Q,Constant prices,2019,,168.41,,A,Normal value,0,Units,1,One,_Z,Not applicable,,
DATAFLOW,OECD.ELS.SPD:DSD_SOCX_AGG@DF_SOCX_AGG(1.0),Social expenditure aggregates,I,GBR,United Kingdom,A,Annual,SOCX,Social expenditure,USD_PPP_PS,"US dollars per person, PPP converted",ES10,Public,K,In kind spending,TP31,Incapacity related,Q,Constant prices,2020,,179.375,,A,Normal value,0,Units,1,One,_Z,Not applicable,,
DATAFLOW,OECD.ELS.SPD:DSD_SOCX_AGG@DF_SOCX_AGG(1.0),Social expenditure aggregates,I,GBR,United Kingdom,A,Annual,SOCX,Social expenditure,USD_PPP_PS,"US dollars per person, PPP converted",ES10,Public,K,In kind spending,TP31,Incapacity related,Q,Constant prices,2021,,178.433,,A,Normal value,0,Units,1,One,_Z,Not applicable,,
DATAFLOW,OECD.ELS.SPD:DSD_SOCX_AGG@DF_SOCX_AGG(1.0),Social expenditure aggregates,I,GBR,United Kingdom,A,Annual,SOCX,Social expenditure,USD_PPP_PS,"US dollars per person, PPP converted",ES10,Public,K,In kind spending,TP31,Incapacity related,Q,Constant prices,2022,,180.485,,A,Normal value,0,Units,1,One,_Z,Not applicable,,
DATAFLOW,OECD.ELS.SPD:DSD_SOCX_AGG@DF_SOCX_AGG(1.0),Social expenditure aggregates,I,GBR,United Kingdom,A,Annual,SOCX,Social expenditure,USD_PPP_PS,"US dollars per person, PPP converted",ES10,Public,_T,Total,TP31,Incapacity related,Q,Constant prices,1990,,582.601,,A,Normal value,0,Units,1,One,_Z,Not applicable,,
DATAFLOW,OECD.ELS.SPD:DSD_SOCX_AGG@DF_SOCX_AGG(1.0),Social expenditure aggregates,I,GBR,United Kingdom,A,Annual,SOCX,Social expenditure,USD_PPP_PS,"US dollars per person, PPP converted",ES10,Public,_T,Total,TP31,Incapacity related,Q,Constant prices,1991,,624.016,,A,Normal value,0,Units,1,One,_Z,Not applicable,,
DATAFLOW,OECD.ELS.SPD:DSD_SOCX_AGG@DF_SOCX_AGG(1.0),Social expenditure aggregates,I,GBR,United Kingdom,A,Annual,SOCX,Social expenditure,USD_PPP_PS,"US dollars per person, PPP converted",ES10,Public,_T,Total,TP31,Incapacity related,Q,Constant prices,1992,,686.627,,A,Normal value,0,Units,1,One,_Z,Not applicable,,
DATAFLOW,OECD.ELS.SPD:DSD_SOCX_AGG@DF_SOCX_AGG(1.0),Social expenditure aggregates,I,GBR,United Kingdom,A,Annual,SOCX,Social expenditure,USD_PPP_PS,"US dollars per person, PPP converted",ES10,Public,_T,Total,TP31,Incapacity related,Q,Constant prices,1993,,779.715,,A,Normal value,0,Units,1,One,_Z,Not applicable,,
DATAFLOW,OECD.ELS.SPD:DSD_SOCX_AGG@DF_SOCX_AGG(1.0),Social expenditure aggregates,I,GBR,United Kingdom,A,Annual,SOCX,Social expenditure,USD_PPP_PS,"US dollars per person, PPP converted",ES10,Public,_T,Total,TP31,Incapacity related,Q,Constant prices,1994,,787.408,,A,Normal value,0,Units,1,One,_Z,Not applicable,,
DATAFLOW,OECD.ELS.SPD:DSD_SOCX_AGG@DF_SOCX_AGG(1.0),Social expenditure aggregates,I,GBR,United Kingdom,A,Annual,SOCX,Social expenditure,USD_PPP_PS,"US dollars per person, PPP converted",ES10,Public,_T,Total,TP31,Incapacity related,Q,Constant prices,1995,,788.754,,A,Normal value,0,Units,1,One,_Z,Not applicable,,
DATAFLOW,OECD.ELS.SPD:DSD_SOCX_AGG@DF_SOCX_AGG(1.0),Social expenditure aggregates,I,GBR,United Kingdom,A,Annual,SOCX,Social expenditure,USD_PPP_PS,"US dollars per person, PPP converted",ES10,Public,_T,Total,TP31,Incapacity related,Q,Constant prices,1996,,791.56,,A,Normal value,0,Units,1,One,_Z,Not applicable,,
DATAFLOW,OECD.ELS.SPD:DSD_SOCX_AGG@DF_SOCX_AGG(1.0),Social expenditure aggregates,I,GBR,United Kingdom,A,Annual,SOCX,Social expenditure,USD_PPP_PS,"US dollars per person, PPP converted",ES10,Public,_T,Total,TP31,Incapacity related,Q,Constant prices,1997,,802.557,,A,Normal value,0,Units,1,One,_Z,Not applicable,,
DATAFLOW,OECD.ELS.SPD:DSD_SOCX_AGG@DF_SOCX_AGG(1.0),Social expenditure aggregates,I,GBR,United Kingdom,A,Annual,SOCX,Social expenditure,USD_PPP_PS,"US dollars per person, PPP converted",ES10,Public,_T,Total,TP31,Incapacity related,Q,Constant prices,1998,,805.671,,A,Normal value,0,Units,1,One,_Z,Not applicable,,
DATAFLOW,OECD.ELS.SPD:DSD_SOCX_AGG@DF_SOCX_AGG(1.0),Social expenditure aggregates,I,GBR,United Kingdom,A,Annual,SOCX,Social expenditure,USD_PPP_PS,"US dollars per person, PPP converted",ES10,Public,_T,Total,TP31,Incapacity related,Q,Constant prices,1999,,783.715,,A,Normal value,0,Units,1,One,_Z,Not applicable,,
DATAFLOW,OECD.ELS.SPD:DSD_SOCX_AGG@DF_SOCX_AGG(1.0),Social expenditure aggregates,I,GBR,United Kingdom,A,Annual,SOCX,Social expenditure,USD_PPP_PS,"US dollars per person, PPP converted",ES10,Public,_T,Total,TP31,Incapacity related,Q,Constant prices,2000,,810.587,,A,Normal value,0,Units,1,One,_Z,Not applicable,,
DATAFLOW,OECD.ELS.SPD:DSD_SOCX_AGG@DF_SOCX_AGG(1.0),Social expenditure aggregates,I,GBR,United Kingdom,A,Annual,SOCX,Social expenditure,USD_PPP_PS,"US dollars per person, PPP converted",ES10,Public,_T,Total,TP31,Incapacity related,Q,Constant prices,2001,,834.153,,A,Normal value,0,Units,1,One,_Z,Not applicable,,
DATAFLOW,OECD.ELS.SPD:DSD_SOCX_AGG@DF_SOCX_AGG(1.0),Social expenditure aggregates,I,GBR,United Kingdom,A,Annual,SOCX,Social expenditure,USD_PPP_PS,"US dollars per person, PPP converted",ES10,Public,_T,Total,TP31,Incapacity related,Q,Constant prices,2002,,845.241,,A,Normal value,0,Units,1,One,_Z,Not applicable,,
DATAFLOW,OECD.ELS.SPD:DSD_SOCX_AGG@DF_SOCX_AGG(1.0),Social expenditure aggregates,I,GBR,United Kingdom,A,Annual,SOCX,Social expenditure,USD_PPP_PS,"US dollars per person, PPP converted",ES10,Public,_T,Total,TP31,Incapacity related,Q,Constant prices,2003,,862.49,,A,Normal value,0,Units,1,One,_Z,Not applicable,,
DATAFLOW,OECD.ELS.SPD:DSD_SOCX_AGG@DF_SOCX_AGG(1.0),Social expenditure aggregates,I,GBR,United Kingdom,A,Annual,SOCX,Social expenditure,USD_PPP_PS,"US dollars per person, PPP converted",ES10,Public,_T,Total,TP31,Incapacity related,Q,Constant prices,2004,,871.652,,A,Normal value,0,Units,1,One,_Z,Not applicable,,
DATAFLOW,OECD.ELS.SPD:DSD_SOCX_AGG@DF_SOCX_AGG(1.0),Social expenditure aggregates,I,GBR,United Kingdom,A,Annual,SOCX,Social expenditure,USD_PPP_PS,"US dollars per person, PPP converted",ES10,Public,_T,Total,TP31,Incapacity related,Q,Constant prices,2005,,852.164,,A,Normal value,0,Units,1,One,_Z,Not applicable,,
DATAFLOW,OECD.ELS.SPD:DSD_SOCX_AGG@DF_SOCX_AGG(1.0),Social expenditure aggregates,I,GBR,United Kingdom,A,Annual,SOCX,Social expenditure,USD_PPP_PS,"US dollars per person, PPP converted",ES10,Public,_T,Total,TP31,Incapacity related,Q,Constant prices,2006,,909.099,,A,Normal value,0,Units,1,One,_Z,Not applicable,,
DATAFLOW,OECD.ELS.SPD:DSD_SOCX_AGG@DF_SOCX_AGG(1.0),Social expenditure aggregates,I,GBR,United Kingdom,A,Annual,SOCX,Social expenditure,USD_PPP_PS,"US dollars per person, PPP converted",ES10,Public,_T,Total,TP31,Incapacity related,Q,Constant prices,2007,,742.359,,A,Normal value,0,Units,1,One,_Z,Not applicable,,
DATAFLOW,OECD.ELS.SPD:DSD_SOCX_AGG@DF_SOCX_AGG(1.0),Social expenditure aggregates,I,GBR,United Kingdom,A,Annual,SOCX,Social expenditure,USD_PPP_PS,"US dollars per person, PPP converted",ES10,Public,_T,Total,TP31,Incapacity related,Q,Constant prices,2008,,750.402,,A,Normal value,0,Units,1,One,_Z,Not applicable,,
DATAFLOW,OECD.ELS.SPD:DSD_SOCX_AGG@DF_SOCX_AGG(1.0),Social expenditure aggregates,I,GBR,United Kingdom,A,Annual,SOCX,Social expenditure,USD_PPP_PS,"US dollars per person, PPP converted",ES10,Public,_T,Total,TP31,Incapacity related,Q,Constant prices,2009,,777.331,,A,Normal value,0,Units,1,One,_Z,Not applicable,,
DATAFLOW,OECD.ELS.SPD:DSD_SOCX_AGG@DF_SOCX_AGG(1.0),Social expenditure aggregates,I,GBR,United Kingdom,A,Annual,SOCX,Social expenditure,USD_PPP_PS,"US dollars per person, PPP converted",ES10,Public,_T,Total,TP31,Incapacity related,Q,Constant prices,2010,,787.432,,A,Normal value,0,Units,1,One,_Z,Not applicable,,
DATAFLOW,OECD.ELS.SPD:DSD_SOCX_AGG@DF_SOCX_AGG(1.0),Social expenditure aggregates,I,GBR,United Kingdom,A,Annual,SOCX,Social expenditure,USD_PPP_PS,"US dollars per person, PPP converted",ES10,Public,_T,Total,TP31,Incapacity related,Q,Constant prices,2011,,796.762,,A,Normal value,0,Units,1,One,_Z,Not applicable,,
DATAFLOW,OECD.ELS.SPD:DSD_SOCX_AGG@DF_SOCX_AGG(1.0),Social expenditure aggregates,I,GBR,United Kingdom,A,Annual,SOCX,Social expenditure,USD_PPP_PS,"US dollars per person, PPP converted",ES10,Public,_T,Total,TP31,Incapacity related,Q,Constant prices,2012,,798.922,,A,Normal value,0,Units,1,One,_Z,Not applicable,,
DATAFLOW,OECD.ELS.SPD:DSD_SOCX_AGG@DF_SOCX_AGG(1.0),Social expenditure aggregates,I,GBR,United Kingdom,A,Annual,SOCX,Social expenditure,USD_PPP_PS,"US dollars per person, PPP converted",ES10,Public,_T,Total,TP31,Incapacity related,Q,Constant prices,2013,,793.642,,A,Normal value,0,Units,1,One,_Z,Not applicable,,
DATAFLOW,OECD.ELS.SPD:DSD_SOCX_AGG@DF_SOCX_AGG(1.0),Social expenditure aggregates,I,GBR,United Kingdom,A,Annual,SOCX,Social expenditure,USD_PPP_PS,"US dollars per person, PPP converted",ES10,Public,_T,Total,TP31,Incapacity related,Q,Constant prices,2014,,762.032,,A,Normal value,0,Units,1,One,_Z,Not applicable,,
DATAFLOW,OECD.ELS.SPD:DSD_SOCX_AGG@DF_SOCX_AGG(1.0),Social expenditure aggregates,I,GBR,United Kingdom,A,Annual,SOCX,Social expenditure,USD_PPP_PS,"US dollars per person, PPP converted",ES10,Public,_T,Total,TP31,Incapacity related,Q,Constant prices,2015,,779.898,,A,Normal value,0,Units,1,One,_Z,Not applicable,,
DATAFLOW,OECD.ELS.SPD:DSD_SOCX_AGG@DF_SOCX_AGG(1.0),Social expenditure aggregates,I,GBR,United Kingdom,A,Annual,SOCX,Social expenditure,USD_PPP_PS,"US dollars per person, PPP converted",ES10,Public,_T,Total,TP31,Incapacity related,Q,Constant prices,2016,,788.682,,A,Normal value,0,Units,1,One,_Z,Not applicable,,
DATAFLOW,OECD.ELS.SPD:DSD_SOCX_AGG@DF_SOCX_AGG(1.0),Social expenditure aggregates,I,GBR,United Kingdom,A,Annual,SOCX,Social expenditure,USD_PPP_PS,"US dollars per person, PPP converted",ES10,Public,_T,Total,TP31,Incapacity related,Q,Constant prices,2017,,816.51,,A,Normal value,0,Units,1,One,_Z,Not applicable,,
DATAFLOW,OECD.ELS.SPD:DSD_SOCX_AGG@DF_SOCX_AGG(1.0),Social expenditure aggregates,I,GBR,United Kingdom,A,Annual,SOCX,Social expenditure,USD_PPP_PS,"US dollars per person, PPP converted",ES10,Public,_T,Total,TP31,Incapacity related,Q,Constant prices,2018,,764.338,,A,Normal value,0,Units,1,One,_Z,Not applicable,,
DATAFLOW,OECD.ELS.SPD:DSD_SOCX_AGG@DF_SOCX_AGG(1.0),Social expenditure aggregates,I,GBR,United Kingdom,A,Annual,SOCX,Social expenditure,USD_PPP_PS,"US dollars per person, PPP converted",ES10,Public,_T,Total,TP31,Incapacity related,Q,Constant prices,2019,,755.021,,A,Normal value,0,Units,1,One,_Z,Not applicable,,
DATAFLOW,OECD.ELS.SPD:DSD_SOCX_AGG@DF_SOCX_AGG(1.0),Social expenditure aggregates,I,GBR,United Kingdom,A,Annual,SOCX,Social expenditure,USD_PPP_PS,"US dollars per person, PPP converted",ES10,Public,_T,Total,TP31,Incapacity related,Q,Constant prices,2020,,733.564,,A,Normal value,0,Units,1,One,_Z,Not applicable,,
DATAFLOW,OECD.ELS.SPD:DSD_SOCX_AGG@DF_SOCX_AGG(1.0),Social expenditure aggregates,I,GBR,United Kingdom,A,Annual,SOCX,Social expenditure,USD_PPP_PS,"US dollars per person, PPP converted",ES10,Public,_T,Total,TP31,Incapacity related,Q,Constant prices,2021,,742.85,,A,Normal value,0,Units,1,One,_Z,Not applicable,,
DATAFLOW,OECD.ELS.SPD:DSD_SOCX_AGG@DF_SOCX_AGG(1.0),Social expenditure aggregates,I,GBR,United Kingdom,A,Annual,SOCX,Social expenditure,USD_PPP_PS,"US dollars per person, PPP converted",ES10,Public,_T,Total,TP31,Incapacity related,Q,Constant prices,2022,,757.961,,A,Normal value,0,Units,1,One,_Z,Not applicable,,
DATAFLOW,OECD.ELS.SPD:DSD_SOCX_AGG@DF_SOCX_AGG(1.0),Social expenditure aggregates,I,GBR,United Kingdom,A,Annual,SOCX,Social expenditure,USD_PPP_PS,"US dollars per person, PPP converted",ES10,Public,C,In cash spending,TP31,Incapacity related,Q,Constant prices,1990,,526.81,,A,Normal value,0,Units,1,One,_Z,Not applicable,,
DATAFLOW,OECD.ELS.SPD:DSD_SOCX_AGG@DF_SOCX_AGG(1.0),Social expenditure aggregates,I,GBR,United Kingdom,A,Annual,SOCX,Social expenditure,USD_PPP_PS,"US dollars per person, PPP converted",ES10,Public,C,In cash spending,TP31,Incapacity related,Q,Constant prices,1991,,564.01,,A,Normal value,0,Units,1,One,_Z,Not applicable,,
DATAFLOW,OECD.ELS.SPD:DSD_SOCX_AGG@DF_SOCX_AGG(1.0),Social expenditure aggregates,I,GBR,United Kingdom,A,Annual,SOCX,Social expenditure,USD_PPP_PS,"US dollars per person, PPP converted",ES10,Public,C,In cash spending,TP31,Incapacity related,Q,Constant prices,1992,,624.211,,A,Normal value,0,Units,1,One,_Z,Not applicable,,
DATAFLOW,OECD.ELS.SPD:DSD_SOCX_AGG@DF_SOCX_AGG(1.0),Social expenditure aggregates,I,GBR,United Kingdom,A,Annual,SOCX,Social expenditure,USD_PPP_PS,"US dollars per person, PPP converted",ES10,Public,C,In cash spending,TP31,Incapacity related,Q,Constant prices,1993,,711.485,,A,Normal value,0,Units,1,One,_Z,Not applicable,,
DATAFLOW,OECD.ELS.SPD:DSD_SOCX_AGG@DF_SOCX_AGG(1.0),Social expenditure aggregates,I,GBR,United Kingdom,A,Annual,SOCX,Social expenditure,USD_PPP_PS,"US dollars per person, PPP converted",ES10,Public,C,In cash spending,TP31,Incapacity related,Q,Constant prices,1994,,709.452,,A,Normal value,0,Units,1,One,_Z,Not applicable,,
DATAFLOW,OECD.ELS.SPD:DSD_SOCX_AGG@DF_SOCX_AGG(1.0),Social expenditure aggregates,I,GBR,United Kingdom,A,Annual,SOCX,Social expenditure,USD_PPP_PS,"US dollars per person, PPP converted",ES10,Public,C,In cash spending,TP31,Incapacity related,Q,Constant prices,1995,,709.684,,A,Normal value,0,Units,1,One,_Z,Not applicable,,
DATAFLOW,OECD.ELS.SPD:DSD_SOCX_AGG@DF_SOCX_AGG(1.0),Social expenditure aggregates,I,GBR,United Kingdom,A,Annual,SOCX,Social expenditure,USD_PPP_PS,"US dollars per person, PPP converted",ES10,Public,C,In cash spending,TP31,Incapacity related,Q,Constant prices,1996,,709.876,,A,Normal value,0,Units,1,One,_Z,Not applicable,,
DATAFLOW,OECD.ELS.SPD:DSD_SOCX_AGG@DF_SOCX_AGG(1.0),Social expenditure aggregates,I,GBR,United Kingdom,A,Annual,SOCX,Social expenditure,USD_PPP_PS,"US dollars per person, PPP converted",ES10,Public,C,In cash spending,TP31,Incapacity related,Q,Constant prices,1997,,715.648,,A,Normal value,0,Units,1,One,_Z,Not applicable,,
DATAFLOW,OECD.ELS.SPD:DSD_SOCX_AGG@DF_SOCX_AGG(1.0),Social expenditure aggregates,I,GBR,United Kingdom,A,Annual,SOCX,Social expenditure,USD_PPP_PS,"US dollars per person, PPP converted",ES10,Public,C,In cash spending,TP31,Incapacity related,Q,Constant prices,1998,,703.996,,A,Normal value,0,Units,1,One,_Z,Not applicable,,
DATAFLOW,OECD.ELS.SPD:DSD_SOCX_AGG@DF_SOCX_AGG(1.0),Social expenditure aggregates,I,GBR,United Kingdom,A,Annual,SOCX,Social expenditure,USD_PPP_PS,"US dollars per person, PPP converted",ES10,Public,C,In cash spending,TP31,Incapacity related,Q,Constant prices,1999,,706.648,,A,Normal value,0,Units,1,One,_Z,Not applicable,,
DATAFLOW,OECD.ELS.SPD:DSD_SOCX_AGG@DF_SOCX_AGG(1.0),Social expenditure aggregates,I,GBR,United Kingdom,A,Annual,SOCX,Social expenditure,USD_PPP_PS,"US dollars per person, PPP converted",ES10,Public,C,In cash spending,TP31,Incapacity related,Q,Constant prices,2000,,719.345,,A,Normal value,0,Units,1,One,_Z,Not applicable,,
DATAFLOW,OECD.ELS.SPD:DSD_SOCX_AGG@DF_SOCX_AGG(1.0),Social expenditure aggregates,I,GBR,United Kingdom,A,Annual,SOCX,Social expenditure,USD_PPP_PS,"US dollars per person, PPP converted",ES10,Public,C,In cash spending,TP31,Incapacity related,Q,Constant prices,2001,,736.5,,A,Normal value,0,Units,1,One,_Z,Not applicable,,
DATAFLOW,OECD.ELS.SPD:DSD_SOCX_AGG@DF_SOCX_AGG(1.0),Social expenditure aggregates,I,GBR,United Kingdom,A,Annual,SOCX,Social expenditure,USD_PPP_PS,"US dollars per person, PPP converted",ES10,Public,C,In cash spending,TP31,Incapacity related,Q,Constant prices,2002,,731.519,,A,Normal value,0,Units,1,One,_Z,Not applicable,,
DATAFLOW,OECD.ELS.SPD:DSD_SOCX_AGG@DF_SOCX_AGG(1.0),Social expenditure aggregates,I,GBR,United Kingdom,A,Annual,SOCX,Social expenditure,USD_PPP_PS,"US dollars per person, PPP converted",ES10,Public,C,In cash spending,TP31,Incapacity related,Q,Constant prices,2003,,714.82,,A,Normal value,0,Units,1,One,_Z,Not applicable,,
DATAFLOW,OECD.ELS.SPD:DSD_SOCX_AGG@DF_SOCX_AGG(1.0),Social expenditure aggregates,I,GBR,United Kingdom,A,Annual,SOCX,Social expenditure,USD_PPP_PS,"US dollars per person, PPP converted",ES10,Public,C,In cash spending,TP31,Incapacity related,Q,Constant prices,2004,,724.135,,A,Normal value,0,Units,1,One,_Z,Not applicable,,
DATAFLOW,OECD.ELS.SPD:DSD_SOCX_AGG@DF_SOCX_AGG(1.0),Social expenditure aggregates,I,GBR,United Kingdom,A,Annual,SOCX,Social expenditure,USD_PPP_PS,"US dollars per person, PPP converted",ES10,Public,C,In cash spending,TP31,Incapacity related,Q,Constant prices,2005,,706.751,,A,Normal value,0,Units,1,One,_Z,Not applicable,,
DATAFLOW,OECD.ELS.SPD:DSD_SOCX_AGG@DF_SOCX_AGG(1.0),Social expenditure aggregates,I,GBR,United Kingdom,A,Annual,SOCX,Social expenditure,USD_PPP_PS,"US dollars per person, PPP converted",ES10,Public,C,In cash spending,TP31,Incapacity related,Q,Constant prices,2006,,768.119,,A,Normal value,0,Units,1,One,_Z,Not applicable,,
DATAFLOW,OECD.ELS.SPD:DSD_SOCX_AGG@DF_SOCX_AGG(1.0),Social expenditure aggregates,I,GBR,United Kingdom,A,Annual,SOCX,Social expenditure,USD_PPP_PS,"US dollars per person, PPP converted",ES10,Public,C,In cash spending,TP31,Incapacity related,Q,Constant prices,2007,,582.314,,A,Normal value,0,Units,1,One,_Z,Not applicable,,
DATAFLOW,OECD.ELS.SPD:DSD_SOCX_AGG@DF_SOCX_AGG(1.0),Social expenditure aggregates,I,GBR,United Kingdom,A,Annual,SOCX,Social expenditure,USD_PPP_PS,"US dollars per person, PPP converted",ES10,Public,C,In cash spending,TP31,Incapacity related,Q,Constant prices,2008,,582.728,,A,Normal value,0,Units,1,One,_Z,Not applicable,,
DATAFLOW,OECD.ELS.SPD:DSD_SOCX_AGG@DF_SOCX_AGG(1.0),Social expenditure aggregates,I,GBR,United Kingdom,A,Annual,SOCX,Social expenditure,USD_PPP_PS,"US dollars per person, PPP converted",ES10,Public,C,In cash spending,TP31,Incapacity related,Q,Constant prices,2009,,606.038,,A,Normal value,0,Units,1,One,_Z,Not applicable,,
DATAFLOW,OECD.ELS.SPD:DSD_SOCX_AGG@DF_SOCX_AGG(1.0),Social expenditure aggregates,I,GBR,United Kingdom,A,Annual,SOCX,Social expenditure,USD_PPP_PS,"US dollars per person, PPP converted",ES10,Public,C,In cash spending,TP31,Incapacity related,Q,Constant prices,2010,,607.608,,A,Normal value,0,Units,1,One,_Z,Not applicable,,
DATAFLOW,OECD.ELS.SPD:DSD_SOCX_AGG@DF_SOCX_AGG(1.0),Social expenditure aggregates,I,GBR,United Kingdom,A,Annual,SOCX,Social expenditure,USD_PPP_PS,"US dollars per person, PPP converted",ES10,Public,C,In cash spending,TP31,Incapacity related,Q,Constant prices,2011,,602.397,,A,Normal value,0,Units,1,One,_Z,Not applicable,,
DATAFLOW,OECD.ELS.SPD:DSD_SOCX_AGG@DF_SOCX_AGG(1.0),Social expenditure aggregates,I,GBR,United Kingdom,A,Annual,SOCX,Social expenditure,USD_PPP_PS,"US dollars per person, PPP converted",ES10,Public,C,In cash spending,TP31,Incapacity related,Q,Constant prices,2012,,605.49,,A,Normal value,0,Units,1,One,_Z,Not applicable,,
DATAFLOW,OECD.ELS.SPD:DSD_SOCX_AGG@DF_SOCX_AGG(1.0),Social expenditure aggregates,I,GBR,United Kingdom,A,Annual,SOCX,Social expenditure,USD_PPP_PS,"US dollars per person, PPP converted",ES10,Public,C,In cash spending,TP31,Incapacity related,Q,Constant prices,2013,,601.215,,A,Normal value,0,Units,1,One,_Z,Not applicable,,
DATAFLOW,OECD.ELS.SPD:DSD_SOCX_AGG@DF_SOCX_AGG(1.0),Social expenditure aggregates,I,GBR,United Kingdom,A,Annual,SOCX,Social expenditure,USD_PPP_PS,"US dollars per person, PPP converted",ES10,Public,C,In cash spending,TP31,Incapacity related,Q,Constant prices,2014,,630.694,,A,Normal value,0,Units,1,One,_Z,Not applicable,,
DATAFLOW,OECD.ELS.SPD:DSD_SOCX_AGG@DF_SOCX_AGG(1.0),Social expenditure aggregates,I,GBR,United Kingdom,A,Annual,SOCX,Social expenditure,USD_PPP_PS,"US dollars per person, PPP converted",ES10,Public,C,In cash spending,TP31,Incapacity related,Q,Constant prices,2015,,645.68,,A,Normal value,0,Units,1,One,_Z,Not applicable,,
DATAFLOW,OECD.ELS.SPD:DSD_SOCX_AGG@DF_SOCX_AGG(1.0),Social expenditure aggregates,I,GBR,United Kingdom,A,Annual,SOCX,Social expenditure,USD_PPP_PS,"US dollars per person, PPP converted",ES10,Public,C,In cash spending,TP31,Incapacity related,Q,Constant prices,2016,,653.66,,A,Normal value,0,Units,1,One,_Z,Not applicable,,
DATAFLOW,OECD.ELS.SPD:DSD_SOCX_AGG@DF_SOCX_AGG(1.0),Social expenditure aggregates,I,GBR,United Kingdom,A,Annual,SOCX,Social expenditure,USD_PPP_PS,"US dollars per person, PPP converted",ES10,Public,C,In cash spending,TP31,Incapacity related,Q,Constant prices,2017,,680.146,,A,Normal value,0,Units,1,One,_Z,Not applicable,,
DATAFLOW,OECD.ELS.SPD:DSD_SOCX_AGG@DF_SOCX_AGG(1.0),Social expenditure aggregates,I,GBR,United Kingdom,A,Annual,SOCX,Social expenditure,USD_PPP_PS,"US dollars per person, PPP converted",ES10,Public,C,In cash spending,TP31,Incapacity related,Q,Constant prices,2018,,624.053,,A,Normal value,0,Units,1,One,_Z,Not applicable,,
DATAFLOW,OECD.ELS.SPD:DSD_SOCX_AGG@DF_SOCX_AGG(1.0),Social expenditure aggregates,I,GBR,United Kingdom,A,Annual,SOCX,Social expenditure,USD_PPP_PS,"US dollars per person, PPP converted",ES10,Public,C,In cash spending,TP31,Incapacity related,Q,Constant prices,2019,,586.611,,A,Normal value,0,Units,1,One,_Z,Not applicable,,
DATAFLOW,OECD.ELS.SPD:DSD_SOCX_AGG@DF_SOCX_AGG(1.0),Social expenditure aggregates,I,GBR,United Kingdom,A,Annual,SOCX,Social expenditure,USD_PPP_PS,"US dollars per person, PPP converted",ES10,Public,C,In cash spending,TP31,Incapacity related,Q,Constant prices,2020,,554.188,,A,Normal value,0,Units,1,One,_Z,Not applicable,,
DATAFLOW,OECD.ELS.SPD:DSD_SOCX_AGG@DF_SOCX_AGG(1.0),Social expenditure aggregates,I,GBR,United Kingdom,A,Annual,SOCX,Social expenditure,USD_PPP_PS,"US dollars per person, PPP converted",ES10,Public,C,In cash spending,TP31,Incapacity related,Q,Constant prices,2021,,564.417,,A,Normal value,0,Units,1,One,_Z,Not applicable,,
DATAFLOW,OECD.ELS.SPD:DSD_SOCX_AGG@DF_SOCX_AGG(1.0),Social expenditure aggregates,I,GBR,United Kingdom,A,Annual,SOCX,Social expenditure,USD_PPP_PS,"US dollars per person, PPP converted",ES10,Public,C,In cash spending,TP31,Incapacity related,Q,Constant prices,2022,,577.476,,A,Normal value,0,Units,1,One,_Z,Not applicable,,
DATAFLOW,OECD.ELS.SPD:DSD_SOCX_AGG@DF_SOCX_AGG(1.0),Social expenditure aggregates,I,GBR,United Kingdom,A,Annual,SOCX,Social expenditure,USD_PPP_PS,"US dollars per person, PPP converted",ES10,Public,C,In cash spending,TP31,Incapacity related,V,Current prices,1990,,310.095,,A,Normal value,0,Units,1,One,_Z,Not applicable,,
DATAFLOW,OECD.ELS.SPD:DSD_SOCX_AGG@DF_SOCX_AGG(1.0),Social expenditure aggregates,I,GBR,United Kingdom,A,Annual,SOCX,Social expenditure,USD_PPP_PS,"US dollars per person, PPP converted",ES10,Public,C,In cash spending,TP31,Incapacity related,V,Current prices,1991,,342.232,,A,Normal value,0,Units,1,One,_Z,Not applicable,,
DATAFLOW,OECD.ELS.SPD:DSD_SOCX_AGG@DF_SOCX_AGG(1.0),Social expenditure aggregates,I,GBR,United Kingdom,A,Annual,SOCX,Social expenditure,USD_PPP_PS,"US dollars per person, PPP converted",ES10,Public,C,In cash spending,TP31,Incapacity related,V,Current prices,1992,,387.47,,A,Normal value,0,Units,1,One,_Z,Not applicable,,
DATAFLOW,OECD.ELS.SPD:DSD_SOCX_AGG@DF_SOCX_AGG(1.0),Social expenditure aggregates,I,GBR,United Kingdom,A,Annual,SOCX,Social expenditure,USD_PPP_PS,"US dollars per person, PPP converted",ES10,Public,C,In cash spending,TP31,Incapacity related,V,Current prices,1993,,451.829,,A,Normal value,0,Units,1,One,_Z,Not applicable,,
DATAFLOW,OECD.ELS.SPD:DSD_SOCX_AGG@DF_SOCX_AGG(1.0),Social expenditure aggregates,I,GBR,United Kingdom,A,Annual,SOCX,Social expenditure,USD_PPP_PS,"US dollars per person, PPP converted",ES10,Public,C,In cash spending,TP31,Incapacity related,V,Current prices,1994,,460.289,,A,Normal value,0,Units,1,One,_Z,Not applicable,,
DATAFLOW,OECD.ELS.SPD:DSD_SOCX_AGG@DF_SOCX_AGG(1.0),Social expenditure aggregates,I,GBR,United Kingdom,A,Annual,SOCX,Social expenditure,USD_PPP_PS,"US dollars per person, PPP converted",ES10,Public,C,In cash spending,TP31,Incapacity related,V,Current prices,1995,,472.36,,A,Normal value,0,Units,1,One,_Z,Not applicable,,
DATAFLOW,OECD.ELS.SPD:DSD_SOCX_AGG@DF_SOCX_AGG(1.0),Social expenditure aggregates,I,GBR,United Kingdom,A,Annual,SOCX,Social expenditure,USD_PPP_PS,"US dollars per person, PPP converted",ES10,Public,C,In cash spending,TP31,Incapacity related,V,Current prices,1996,,487.696,,A,Normal value,0,Units,1,One,_Z,Not applicable,,
DATAFLOW,OECD.ELS.SPD:DSD_SOCX_AGG@DF_SOCX_AGG(1.0),Social expenditure aggregates,I,GBR,United Kingdom,A,Annual,SOCX,Social expenditure,USD_PPP_PS,"US dollars per person, PPP converted",ES10,Public,C,In cash spending,TP31,Incapacity related,V,Current prices,1997,,492.87,,A,Normal value,0,Units,1,One,_Z,Not applicable,,
DATAFLOW,OECD.ELS.SPD:DSD_SOCX_AGG@DF_SOCX_AGG(1.0),Social expenditure aggregates,I,GBR,United Kingdom,A,Annual,SOCX,Social expenditure,USD_PPP_PS,"US dollars per person, PPP converted",ES10,Public,C,In cash spending,TP31,Incapacity related,V,Current prices,1998,,484.241,,A,Normal value,0,Units,1,One,_Z,Not applicable,,
DATAFLOW,OECD.ELS.SPD:DSD_SOCX_AGG@DF_SOCX_AGG(1.0),Social expenditure aggregates,I,GBR,United Kingdom,A,Annual,SOCX,Social expenditure,USD_PPP_PS,"US dollars per person, PPP converted",ES10,Public,C,In cash spending,TP31,Incapacity related,V,Current prices,1999,,493.483,,A,Normal value,0,Units,1,One,_Z,Not applicable,,
DATAFLOW,OECD.ELS.SPD:DSD_SOCX_AGG@DF_SOCX_AGG(1.0),Social expenditure aggregates,I,GBR,United Kingdom,A,Annual,SOCX,Social expenditure,USD_PPP_PS,"US dollars per person, PPP converted",ES10,Public,C,In cash spending,TP31,Incapacity related,V,Current prices,2000,,521.866,,A,Normal value,0,Units,1,One,_Z,Not applicable,,
DATAFLOW,OECD.ELS.SPD:DSD_SOCX_AGG@DF_SOCX_AGG(1.0),Social expenditure aggregates,I,GBR,United Kingdom,A,Annual,SOCX,Social expenditure,USD_PPP_PS,"US dollars per person, PPP converted",ES10,Public,C,In cash spending,TP31,Incapacity related,V,Current prices,2001,,550.011,,A,Normal value,0,Units,1,One,_Z,Not applicable,,
DATAFLOW,OECD.ELS.SPD:DSD_SOCX_AGG@DF_SOCX_AGG(1.0),Social expenditure aggregates,I,GBR,United Kingdom,A,Annual,SOCX,Social expenditure,USD_PPP_PS,"US dollars per person, PPP converted",ES10,Public,C,In cash spending,TP31,Incapacity related,V,Current prices,2002,,559.822,,A,Normal value,0,Units,1,One,_Z,Not applicable,,
DATAFLOW,OECD.ELS.SPD:DSD_SOCX_AGG@DF_SOCX_AGG(1.0),Social expenditure aggregates,I,GBR,United Kingdom,A,Annual,SOCX,Social expenditure,USD_PPP_PS,"US dollars per person, PPP converted",ES10,Public,C,In cash spending,TP31,Incapacity related,V,Current prices,2003,,558.388,,A,Normal value,0,Units,1,One,_Z,Not applicable,,
DATAFLOW,OECD.ELS.SPD:DSD_SOCX_AGG@DF_SOCX_AGG(1.0),Social expenditure aggregates,I,GBR,United Kingdom,A,Annual,SOCX,Social expenditure,USD_PPP_PS,"US dollars per person, PPP converted",ES10,Public,C,In cash spending,TP31,Incapacity related,V,Current prices,2004,,581.709,,A,Normal value,0,Units,1,One,_Z,Not applicable,,
DATAFLOW,OECD.ELS.SPD:DSD_SOCX_AGG@DF_SOCX_AGG(1.0),Social expenditure aggregates,I,GBR,United Kingdom,A,Annual,SOCX,Social expenditure,USD_PPP_PS,"US dollars per person, PPP converted",ES10,Public,C,In cash spending,TP31,Incapacity related,V,Current prices,2005,,574.226,,A,Normal value,0,Units,1,One,_Z,Not applicable,,
DATAFLOW,OECD.ELS.SPD:DSD_SOCX_AGG@DF_SOCX_AGG(1.0),Social expenditure aggregates,I,GBR,United Kingdom,A,Annual,SOCX,Social expenditure,USD_PPP_PS,"US dollars per person, PPP converted",ES10,Public,C,In cash spending,TP31,Incapacity related,V,Current prices,2006,,645.407,,A,Normal value,0,Units,1,One,_Z,Not applicable,,
DATAFLOW,OECD.ELS.SPD:DSD_SOCX_AGG@DF_SOCX_AGG(1.0),Social expenditure aggregates,I,GBR,United Kingdom,A,Annual,SOCX,Social expenditure,USD_PPP_PS,"US dollars per person, PPP converted",ES10,Public,C,In cash spending,TP31,Incapacity related,V,Current prices,2007,,496.364,,A,Normal value,0,Units,1,One,_Z,Not applicable,,
DATAFLOW,OECD.ELS.SPD:DSD_SOCX_AGG@DF_SOCX_AGG(1.0),Social expenditure aggregates,I,GBR,United Kingdom,A,Annual,SOCX,Social expenditure,USD_PPP_PS,"US dollars per person, PPP converted",ES10,Public,C,In cash spending,TP31,Incapacity related,V,Current prices,2008,,514.294,,A,Normal value,0,Units,1,One,_Z,Not applicable,,
DATAFLOW,OECD.ELS.SPD:DSD_SOCX_AGG@DF_SOCX_AGG(1.0),Social expenditure aggregates,I,GBR,United Kingdom,A,Annual,SOCX,Social expenditure,USD_PPP_PS,"US dollars per person, PPP converted",ES10,Public,C,In cash spending,TP31,Incapacity related,V,Current prices,2009,,541.235,,A,Normal value,0,Units,1,One,_Z,Not applicable,,
DATAFLOW,OECD.ELS.SPD:DSD_SOCX_AGG@DF_SOCX_AGG(1.0),Social expenditure aggregates,I,GBR,United Kingdom,A,Annual,SOCX,Social expenditure,USD_PPP_PS,"US dollars per person, PPP converted",ES10,Public,C,In cash spending,TP31,Incapacity related,V,Current prices,2010,,555.92,,A,Normal value,0,Units,1,One,_Z,Not applicable,,
DATAFLOW,OECD.ELS.SPD:DSD_SOCX_AGG@DF_SOCX_AGG(1.0),Social expenditure aggregates,I,GBR,United Kingdom,A,Annual,SOCX,Social expenditure,USD_PPP_PS,"US dollars per person, PPP converted",ES10,Public,C,In cash spending,TP31,Incapacity related,V,Current prices,2011,,561.015,,A,Normal value,0,Units,1,One,_Z,Not applicable,,
DATAFLOW,OECD.ELS.SPD:DSD_SOCX_AGG@DF_SOCX_AGG(1.0),Social expenditure aggregates,I,GBR,United Kingdom,A,Annual,SOCX,Social expenditure,USD_PPP_PS,"US dollars per person, PPP converted",ES10,Public,C,In cash spending,TP31,Incapacity related,V,Current prices,2012,,577.425,,A,Normal value,0,Units,1,One,_Z,Not applicable,,
DATAFLOW,OECD.ELS.SPD:DSD_SOCX_AGG@DF_SOCX_AGG(1.0),Social expenditure aggregates,I,GBR,United Kingdom,A,Annual,SOCX,Social expenditure,USD_PPP_PS,"US dollars per person, PPP converted",ES10,Public,C,In cash spending,TP31,Incapacity related,V,Current prices,2013,,587.642,,A,Normal value,0,Units,1,One,_Z,Not applicable,,
DATAFLOW,OECD.ELS.SPD:DSD_SOCX_AGG@DF_SOCX_AGG(1.0),Social expenditure aggregates,I,GBR,United Kingdom,A,Annual,SOCX,Social expenditure,USD_PPP_PS,"US dollars per person, PPP converted",ES10,Public,C,In cash spending,TP31,Incapacity related,V,Current prices,2014,,622.732,,A,Normal value,0,Units,1,One,_Z,Not applicable,,
DATAFLOW,OECD.ELS.SPD:DSD_SOCX_AGG@DF_SOCX_AGG(1.0),Social expenditure aggregates,I,GBR,United Kingdom,A,Annual,SOCX,Social expenditure,USD_PPP_PS,"US dollars per person, PPP converted",ES10,Public,C,In cash spending,TP31,Incapacity related,V,Current prices,2015,,648.85,,A,Normal value,0,Units,1,One,_Z,Not applicable,,
DATAFLOW,OECD.ELS.SPD:DSD_SOCX_AGG@DF_SOCX_AGG(1.0),Social expenditure aggregates,I,GBR,United Kingdom,A,Annual,SOCX,Social expenditure,USD_PPP_PS,"US dollars per person, PPP converted",ES10,Public,C,In cash spending,TP31,Incapacity related,V,Current prices,2016,,673.448,,A,Normal value,0,Units,1,One,_Z,Not applicable,,
DATAFLOW,OECD.ELS.SPD:DSD_SOCX_AGG@DF_SOCX_AGG(1.0),Social expenditure aggregates,I,GBR,United Kingdom,A,Annual,SOCX,Social expenditure,USD_PPP_PS,"US dollars per person, PPP converted",ES10,Public,C,In cash spending,TP31,Incapacity related,V,Current prices,2017,,716.167,,A,Normal value,0,Units,1,One,_Z,Not applicable,,
DATAFLOW,OECD.ELS.SPD:DSD_SOCX_AGG@DF_SOCX_AGG(1.0),Social expenditure aggregates,I,GBR,United Kingdom,A,Annual,SOCX,Social expenditure,USD_PPP_PS,"US dollars per person, PPP converted",ES10,Public,C,In cash spending,TP31,Incapacity related,V,Current prices,2018,,672.213,,A,Normal value,0,Units,1,One,_Z,Not applicable,,
DATAFLOW,OECD.ELS.SPD:DSD_SOCX_AGG@DF_SOCX_AGG(1.0),Social expenditure aggregates,I,GBR,United Kingdom,A,Annual,SOCX,Social expenditure,USD_PPP_PS,"US dollars per person, PPP converted",ES10,Public,C,In cash spending,TP31,Incapacity related,V,Current prices,2019,,667.089,,A,Normal value,0,Units,1,One,_Z,Not applicable,,
DATAFLOW,OECD.ELS.SPD:DSD_SOCX_AGG@DF_SOCX_AGG(1.0),Social expenditure aggregates,I,GBR,United Kingdom,A,Annual,SOCX,Social expenditure,USD_PPP_PS,"US dollars per person, PPP converted",ES10,Public,C,In cash spending,TP31,Incapacity related,V,Current prices,2020,,667.88,,A,Normal value,0,Units,1,One,_Z,Not applicable,,
DATAFLOW,OECD.ELS.SPD:DSD_SOCX_AGG@DF_SOCX_AGG(1.0),Social expenditure aggregates,I,GBR,United Kingdom,A,Annual,SOCX,Social expenditure,USD_PPP_PS,"US dollars per person, PPP converted",ES10,Public,C,In cash spending,TP31,Incapacity related,V,Current prices,2021,,694.955,,A,Normal value,0,Units,1,One,_Z,Not applicable,,
DATAFLOW,OECD.ELS.SPD:DSD_SOCX_AGG@DF_SOCX_AGG(1.0),Social expenditure aggregates,I,GBR,United Kingdom,A,Annual,SOCX,Social expenditure,USD_PPP_PS,"US dollars per person, PPP converted",ES10,Public,C,In cash spending,TP31,Incapacity related,V,Current prices,2022,,743.043,,A,Normal value,0,Units,1,One,_Z,Not applicable,,
DATAFLOW,OECD.ELS.SPD:DSD_SOCX_AGG@DF_SOCX_AGG(1.0),Social expenditure aggregates,I,GBR,United Kingdom,A,Annual,SOCX,Social expenditure,USD_PPP_PS,"US dollars per person, PPP converted",ES10,Public,K,In kind spending,TP31,Incapacity related,V,Current prices,1990,,32.84,,A,Normal value,0,Units,1,One,_Z,Not applicable,,
DATAFLOW,OECD.ELS.SPD:DSD_SOCX_AGG@DF_SOCX_AGG(1.0),Social expenditure aggregates,I,GBR,United Kingdom,A,Annual,SOCX,Social expenditure,USD_PPP_PS,"US dollars per person, PPP converted",ES10,Public,K,In kind spending,TP31,Incapacity related,V,Current prices,1991,,36.411,,A,Normal value,0,Units,1,One,_Z,Not applicable,,
DATAFLOW,OECD.ELS.SPD:DSD_SOCX_AGG@DF_SOCX_AGG(1.0),Social expenditure aggregates,I,GBR,United Kingdom,A,Annual,SOCX,Social expenditure,USD_PPP_PS,"US dollars per person, PPP converted",ES10,Public,K,In kind spending,TP31,Incapacity related,V,Current prices,1992,,38.743,,A,Normal value,0,Units,1,One,_Z,Not applicable,,
DATAFLOW,OECD.ELS.SPD:DSD_SOCX_AGG@DF_SOCX_AGG(1.0),Social expenditure aggregates,I,GBR,United Kingdom,A,Annual,SOCX,Social expenditure,USD_PPP_PS,"US dollars per person, PPP converted",ES10,Public,K,In kind spending,TP31,Incapacity related,V,Current prices,1993,,43.329,,A,Normal value,0,Units,1,One,_Z,Not applicable,,
DATAFLOW,OECD.ELS.SPD:DSD_SOCX_AGG@DF_SOCX_AGG(1.0),Social expenditure aggregates,I,GBR,United Kingdom,A,Annual,SOCX,Social expenditure,USD_PPP_PS,"US dollars per person, PPP converted",ES10,Public,K,In kind spending,TP31,Incapacity related,V,Current prices,1994,,50.578,,A,Normal value,0,Units,1,One,_Z,Not applicable,,
DATAFLOW,OECD.ELS.SPD:DSD_SOCX_AGG@DF_SOCX_AGG(1.0),Social expenditure aggregates,I,GBR,United Kingdom,A,Annual,SOCX,Social expenditure,USD_PPP_PS,"US dollars per person, PPP converted",ES10,Public,K,In kind spending,TP31,Incapacity related,V,Current prices,1995,,52.628,,A,Normal value,0,Units,1,One,_Z,Not applicable,,
DATAFLOW,OECD.ELS.SPD:DSD_SOCX_AGG@DF_SOCX_AGG(1.0),Social expenditure aggregates,I,GBR,United Kingdom,A,Annual,SOCX,Social expenditure,USD_PPP_PS,"US dollars per person, PPP converted",ES10,Public,K,In kind spending,TP31,Incapacity related,V,Current prices,1996,,56.118,,A,Normal value,0,Units,1,One,_Z,Not applicable,,
DATAFLOW,OECD.ELS.SPD:DSD_SOCX_AGG@DF_SOCX_AGG(1.0),Social expenditure aggregates,I,GBR,United Kingdom,A,Annual,SOCX,Social expenditure,USD_PPP_PS,"US dollars per person, PPP converted",ES10,Public,K,In kind spending,TP31,Incapacity related,V,Current prices,1997,,59.855,,A,Normal value,0,Units,1,One,_Z,Not applicable,,
DATAFLOW,OECD.ELS.SPD:DSD_SOCX_AGG@DF_SOCX_AGG(1.0),Social expenditure aggregates,I,GBR,United Kingdom,A,Annual,SOCX,Social expenditure,USD_PPP_PS,"US dollars per person, PPP converted",ES10,Public,K,In kind spending,TP31,Incapacity related,V,Current prices,1998,,69.937,,A,Normal value,0,Units,1,One,_Z,Not applicable,,
DATAFLOW,OECD.ELS.SPD:DSD_SOCX_AGG@DF_SOCX_AGG(1.0),Social expenditure aggregates,I,GBR,United Kingdom,A,Annual,SOCX,Social expenditure,USD_PPP_PS,"US dollars per person, PPP converted",ES10,Public,K,In kind spending,TP31,Incapacity related,V,Current prices,1999,,53.82,,A,Normal value,0,Units,1,One,_Z,Not applicable,,
DATAFLOW,OECD.ELS.SPD:DSD_SOCX_AGG@DF_SOCX_AGG(1.0),Social expenditure aggregates,I,GBR,United Kingdom,A,Annual,SOCX,Social expenditure,USD_PPP_PS,"US dollars per person, PPP converted",ES10,Public,K,In kind spending,TP31,Incapacity related,V,Current prices,2000,,66.194,,A,Normal value,0,Units,1,One,_Z,Not applicable,,
DATAFLOW,OECD.ELS.SPD:DSD_SOCX_AGG@DF_SOCX_AGG(1.0),Social expenditure aggregates,I,GBR,United Kingdom,A,Annual,SOCX,Social expenditure,USD_PPP_PS,"US dollars per person, PPP converted",ES10,Public,K,In kind spending,TP31,Incapacity related,V,Current prices,2001,,72.926,,A,Normal value,0,Units,1,One,_Z,Not applicable,,
DATAFLOW,OECD.ELS.SPD:DSD_SOCX_AGG@DF_SOCX_AGG(1.0),Social expenditure aggregates,I,GBR,United Kingdom,A,Annual,SOCX,Social expenditure,USD_PPP_PS,"US dollars per person, PPP converted",ES10,Public,K,In kind spending,TP31,Incapacity related,V,Current prices,2002,,87.029,,A,Normal value,0,Units,1,One,_Z,Not applicable,,
DATAFLOW,OECD.ELS.SPD:DSD_SOCX_AGG@DF_SOCX_AGG(1.0),Social expenditure aggregates,I,GBR,United Kingdom,A,Annual,SOCX,Social expenditure,USD_PPP_PS,"US dollars per person, PPP converted",ES10,Public,K,In kind spending,TP31,Incapacity related,V,Current prices,2003,,115.353,,A,Normal value,0,Units,1,One,_Z,Not applicable,,
DATAFLOW,OECD.ELS.SPD:DSD_SOCX_AGG@DF_SOCX_AGG(1.0),Social expenditure aggregates,I,GBR,United Kingdom,A,Annual,SOCX,Social expenditure,USD_PPP_PS,"US dollars per person, PPP converted",ES10,Public,K,In kind spending,TP31,Incapacity related,V,Current prices,2004,,118.503,,A,Normal value,0,Units,1,One,_Z,Not applicable,,
DATAFLOW,OECD.ELS.SPD:DSD_SOCX_AGG@DF_SOCX_AGG(1.0),Social expenditure aggregates,I,GBR,United Kingdom,A,Annual,SOCX,Social expenditure,USD_PPP_PS,"US dollars per person, PPP converted",ES10,Public,K,In kind spending,TP31,Incapacity related,V,Current prices,2005,,118.146,,A,Normal value,0,Units,1,One,_Z,Not applicable,,
DATAFLOW,OECD.ELS.SPD:DSD_SOCX_AGG@DF_SOCX_AGG(1.0),Social expenditure aggregates,I,GBR,United Kingdom,A,Annual,SOCX,Social expenditure,USD_PPP_PS,"US dollars per person, PPP converted",ES10,Public,K,In kind spending,TP31,Incapacity related,V,Current prices,2006,,118.458,,A,Normal value,0,Units,1,One,_Z,Not applicable,,
DATAFLOW,OECD.ELS.SPD:DSD_SOCX_AGG@DF_SOCX_AGG(1.0),Social expenditure aggregates,I,GBR,United Kingdom,A,Annual,SOCX,Social expenditure,USD_PPP_PS,"US dollars per person, PPP converted",ES10,Public,K,In kind spending,TP31,Incapacity related,V,Current prices,2007,,136.423,,A,Normal value,0,Units,1,One,_Z,Not applicable,,
DATAFLOW,OECD.ELS.SPD:DSD_SOCX_AGG@DF_SOCX_AGG(1.0),Social expenditure aggregates,I,GBR,United Kingdom,A,Annual,SOCX,Social expenditure,USD_PPP_PS,"US dollars per person, PPP converted",ES10,Public,K,In kind spending,TP31,Incapacity related,V,Current prices,2008,,147.983,,A,Normal value,0,Units,1,One,_Z,Not applicable,,
DATAFLOW,OECD.ELS.SPD:DSD_SOCX_AGG@DF_SOCX_AGG(1.0),Social expenditure aggregates,I,GBR,United Kingdom,A,Annual,SOCX,Social expenditure,USD_PPP_PS,"US dollars per person, PPP converted",ES10,Public,K,In kind spending,TP31,Incapacity related,V,Current prices,2009,,152.976,,A,Normal value,0,Units,1,One,_Z,Not applicable,,
DATAFLOW,OECD.ELS.SPD:DSD_SOCX_AGG@DF_SOCX_AGG(1.0),Social expenditure aggregates,I,GBR,United Kingdom,A,Annual,SOCX,Social expenditure,USD_PPP_PS,"US dollars per person, PPP converted",ES10,Public,K,In kind spending,TP31,Incapacity related,V,Current prices,2010,,164.526,,A,Normal value,0,Units,1,One,_Z,Not applicable,,
DATAFLOW,OECD.ELS.SPD:DSD_SOCX_AGG@DF_SOCX_AGG(1.0),Social expenditure aggregates,I,GBR,United Kingdom,A,Annual,SOCX,Social expenditure,USD_PPP_PS,"US dollars per person, PPP converted",ES10,Public,K,In kind spending,TP31,Incapacity related,V,Current prices,2011,,181.014,,A,Normal value,0,Units,1,One,_Z,Not applicable,,
DATAFLOW,OECD.ELS.SPD:DSD_SOCX_AGG@DF_SOCX_AGG(1.0),Social expenditure aggregates,I,GBR,United Kingdom,A,Annual,SOCX,Social expenditure,USD_PPP_PS,"US dollars per person, PPP converted",ES10,Public,K,In kind spending,TP31,Incapacity related,V,Current prices,2012,,184.467,,A,Normal value,0,Units,1,One,_Z,Not applicable,,
DATAFLOW,OECD.ELS.SPD:DSD_SOCX_AGG@DF_SOCX_AGG(1.0),Social expenditure aggregates,I,GBR,United Kingdom,A,Annual,SOCX,Social expenditure,USD_PPP_PS,"US dollars per person, PPP converted",ES10,Public,K,In kind spending,TP31,Incapacity related,V,Current prices,2013,,188.083,,A,Normal value,0,Units,1,One,_Z,Not applicable,,
DATAFLOW,OECD.ELS.SPD:DSD_SOCX_AGG@DF_SOCX_AGG(1.0),Social expenditure aggregates,I,GBR,United Kingdom,A,Annual,SOCX,Social expenditure,USD_PPP_PS,"US dollars per person, PPP converted",ES10,Public,K,In kind spending,TP31,Incapacity related,V,Current prices,2014,,129.679,,A,Normal value,0,Units,1,One,_Z,Not applicable,,
DATAFLOW,OECD.ELS.SPD:DSD_SOCX_AGG@DF_SOCX_AGG(1.0),Social expenditure aggregates,I,GBR,United Kingdom,A,Annual,SOCX,Social expenditure,USD_PPP_PS,"US dollars per person, PPP converted",ES10,Public,K,In kind spending,TP31,Incapacity related,V,Current prices,2015,,134.877,,A,Normal value,0,Units,1,One,_Z,Not applicable,,
DATAFLOW,OECD.ELS.SPD:DSD_SOCX_AGG@DF_SOCX_AGG(1.0),Social expenditure aggregates,I,GBR,United Kingdom,A,Annual,SOCX,Social expenditure,USD_PPP_PS,"US dollars per person, PPP converted",ES10,Public,K,In kind spending,TP31,Incapacity related,V,Current prices,2016,,139.109,,A,Normal value,0,Units,1,One,_Z,Not applicable,,
DATAFLOW,OECD.ELS.SPD:DSD_SOCX_AGG@DF_SOCX_AGG(1.0),Social expenditure aggregates,I,GBR,United Kingdom,A,Annual,SOCX,Social expenditure,USD_PPP_PS,"US dollars per person, PPP converted",ES10,Public,K,In kind spending,TP31,Incapacity related,V,Current prices,2017,,143.586,,A,Normal value,0,Units,1,One,_Z,Not applicable,,
DATAFLOW,OECD.ELS.SPD:DSD_SOCX_AGG@DF_SOCX_AGG(1.0),Social expenditure aggregates,I,GBR,United Kingdom,A,Annual,SOCX,Social expenditure,USD_PPP_PS,"US dollars per person, PPP converted",ES10,Public,K,In kind spending,TP31,Incapacity related,V,Current prices,2018,,151.112,,A,Normal value,0,Units,1,One,_Z,Not applicable,,
DATAFLOW,OECD.ELS.SPD:DSD_SOCX_AGG@DF_SOCX_AGG(1.0),Social expenditure aggregates,I,GBR,United Kingdom,A,Annual,SOCX,Social expenditure,USD_PPP_PS,"US dollars per person, PPP converted",ES10,Public,K,In kind spending,TP31,Incapacity related,V,Current prices,2019,,191.514,,A,Normal value,0,Units,1,One,_Z,Not applicable,,
DATAFLOW,OECD.ELS.SPD:DSD_SOCX_AGG@DF_SOCX_AGG(1.0),Social expenditure aggregates,I,GBR,United Kingdom,A,Annual,SOCX,Social expenditure,USD_PPP_PS,"US dollars per person, PPP converted",ES10,Public,K,In kind spending,TP31,Incapacity related,V,Current prices,2020,,216.174,,A,Normal value,0,Units,1,One,_Z,Not applicable,,
DATAFLOW,OECD.ELS.SPD:DSD_SOCX_AGG@DF_SOCX_AGG(1.0),Social expenditure aggregates,I,GBR,United Kingdom,A,Annual,SOCX,Social expenditure,USD_PPP_PS,"US dollars per person, PPP converted",ES10,Public,K,In kind spending,TP31,Incapacity related,V,Current prices,2021,,219.701,,A,Normal value,0,Units,1,One,_Z,Not applicable,,
DATAFLOW,OECD.ELS.SPD:DSD_SOCX_AGG@DF_SOCX_AGG(1.0),Social expenditure aggregates,I,GBR,United Kingdom,A,Annual,SOCX,Social expenditure,USD_PPP_PS,"US dollars per person, PPP converted",ES10,Public,K,In kind spending,TP31,Incapacity related,V,Current prices,2022,,232.231,,A,Normal value,0,Units,1,One,_Z,Not applicable,,
DATAFLOW,OECD.ELS.SPD:DSD_SOCX_AGG@DF_SOCX_AGG(1.0),Social expenditure aggregates,I,GBR,United Kingdom,A,Annual,SOCX,Social expenditure,USD_PPP_PS,"US dollars per person, PPP converted",ES10,Public,_T,Total,TP31,Incapacity related,V,Current prices,1990,,342.935,,A,Normal value,0,Units,1,One,_Z,Not applicable,,
DATAFLOW,OECD.ELS.SPD:DSD_SOCX_AGG@DF_SOCX_AGG(1.0),Social expenditure aggregates,I,GBR,United Kingdom,A,Annual,SOCX,Social expenditure,USD_PPP_PS,"US dollars per person, PPP converted",ES10,Public,_T,Total,TP31,Incapacity related,V,Current prices,1991,,378.643,,A,Normal value,0,Units,1,One,_Z,Not applicable,,
DATAFLOW,OECD.ELS.SPD:DSD_SOCX_AGG@DF_SOCX_AGG(1.0),Social expenditure aggregates,I,GBR,United Kingdom,A,Annual,SOCX,Social expenditure,USD_PPP_PS,"US dollars per person, PPP converted",ES10,Public,_T,Total,TP31,Incapacity related,V,Current prices,1992,,426.214,,A,Normal value,0,Units,1,One,_Z,Not applicable,,
DATAFLOW,OECD.ELS.SPD:DSD_SOCX_AGG@DF_SOCX_AGG(1.0),Social expenditure aggregates,I,GBR,United Kingdom,A,Annual,SOCX,Social expenditure,USD_PPP_PS,"US dollars per person, PPP converted",ES10,Public,_T,Total,TP31,Incapacity related,V,Current prices,1993,,495.158,,A,Normal value,0,Units,1,One,_Z,Not applicable,,
DATAFLOW,OECD.ELS.SPD:DSD_SOCX_AGG@DF_SOCX_AGG(1.0),Social expenditure aggregates,I,GBR,United Kingdom,A,Annual,SOCX,Social expenditure,USD_PPP_PS,"US dollars per person, PPP converted",ES10,Public,_T,Total,TP31,Incapacity related,V,Current prices,1994,,510.867,,A,Normal value,0,Units,1,One,_Z,Not applicable,,
DATAFLOW,OECD.ELS.SPD:DSD_SOCX_AGG@DF_SOCX_AGG(1.0),Social expenditure aggregates,I,GBR,United Kingdom,A,Annual,SOCX,Social expenditure,USD_PPP_PS,"US dollars per person, PPP converted",ES10,Public,_T,Total,TP31,Incapacity related,V,Current prices,1995,,524.988,,A,Normal value,0,Units,1,One,_Z,Not applicable,,
DATAFLOW,OECD.ELS.SPD:DSD_SOCX_AGG@DF_SOCX_AGG(1.0),Social expenditure aggregates,I,GBR,United Kingdom,A,Annual,SOCX,Social expenditure,USD_PPP_PS,"US dollars per person, PPP converted",ES10,Public,_T,Total,TP31,Incapacity related,V,Current prices,1996,,543.814,,A,Normal value,0,Units,1,One,_Z,Not applicable,,
DATAFLOW,OECD.ELS.SPD:DSD_SOCX_AGG@DF_SOCX_AGG(1.0),Social expenditure aggregates,I,GBR,United Kingdom,A,Annual,SOCX,Social expenditure,USD_PPP_PS,"US dollars per person, PPP converted",ES10,Public,_T,Total,TP31,Incapacity related,V,Current prices,1997,,552.725,,A,Normal value,0,Units,1,One,_Z,Not applicable,,
DATAFLOW,OECD.ELS.SPD:DSD_SOCX_AGG@DF_SOCX_AGG(1.0),Social expenditure aggregates,I,GBR,United Kingdom,A,Annual,SOCX,Social expenditure,USD_PPP_PS,"US dollars per person, PPP converted",ES10,Public,_T,Total,TP31,Incapacity related,V,Current prices,1998,,554.177,,A,Normal value,0,Units,1,One,_Z,Not applicable,,
DATAFLOW,OECD.ELS.SPD:DSD_SOCX_AGG@DF_SOCX_AGG(1.0),Social expenditure aggregates,I,GBR,United Kingdom,A,Annual,SOCX,Social expenditure,USD_PPP_PS,"US dollars per person, PPP converted",ES10,Public,_T,Total,TP31,Incapacity related,V,Current prices,1999,,547.302,,A,Normal value,0,Units,1,One,_Z,Not applicable,,
DATAFLOW,OECD.ELS.SPD:DSD_SOCX_AGG@DF_SOCX_AGG(1.0),Social expenditure aggregates,I,GBR,United Kingdom,A,Annual,SOCX,Social expenditure,USD_PPP_PS,"US dollars per person, PPP converted",ES10,Public,_T,Total,TP31,Incapacity related,V,Current prices,2000,,588.06,,A,Normal value,0,Units,1,One,_Z,Not applicable,,
DATAFLOW,OECD.ELS.SPD:DSD_SOCX_AGG@DF_SOCX_AGG(1.0),Social expenditure aggregates,I,GBR,United Kingdom,A,Annual,SOCX,Social expenditure,USD_PPP_PS,"US dollars per person, PPP converted",ES10,Public,_T,Total,TP31,Incapacity related,V,Current prices,2001,,622.938,,A,Normal value,0,Units,1,One,_Z,Not applicable,,
DATAFLOW,OECD.ELS.SPD:DSD_SOCX_AGG@DF_SOCX_AGG(1.0),Social expenditure aggregates,I,GBR,United Kingdom,A,Annual,SOCX,Social expenditure,USD_PPP_PS,"US dollars per person, PPP converted",ES10,Public,_T,Total,TP31,Incapacity related,V,Current prices,2002,,646.851,,A,Normal value,0,Units,1,One,_Z,Not applicable,,
DATAFLOW,OECD.ELS.SPD:DSD_SOCX_AGG@DF_SOCX_AGG(1.0),Social expenditure aggregates,I,GBR,United Kingdom,A,Annual,SOCX,Social expenditure,USD_PPP_PS,"US dollars per person, PPP converted",ES10,Public,_T,Total,TP31,Incapacity related,V,Current prices,2003,,673.741,,A,Normal value,0,Units,1,One,_Z,Not applicable,,
DATAFLOW,OECD.ELS.SPD:DSD_SOCX_AGG@DF_SOCX_AGG(1.0),Social expenditure aggregates,I,GBR,United Kingdom,A,Annual,SOCX,Social expenditure,USD_PPP_PS,"US dollars per person, PPP converted",ES10,Public,_T,Total,TP31,Incapacity related,V,Current prices,2004,,700.212,,A,Normal value,0,Units,1,One,_Z,Not applicable,,
DATAFLOW,OECD.ELS.SPD:DSD_SOCX_AGG@DF_SOCX_AGG(1.0),Social expenditure aggregates,I,GBR,United Kingdom,A,Annual,SOCX,Social expenditure,USD_PPP_PS,"US dollars per person, PPP converted",ES10,Public,_T,Total,TP31,Incapacity related,V,Current prices,2005,,692.372,,A,Normal value,0,Units,1,One,_Z,Not applicable,,
DATAFLOW,OECD.ELS.SPD:DSD_SOCX_AGG@DF_SOCX_AGG(1.0),Social expenditure aggregates,I,GBR,United Kingdom,A,Annual,SOCX,Social expenditure,USD_PPP_PS,"US dollars per person, PPP converted",ES10,Public,_T,Total,TP31,Incapacity related,V,Current prices,2006,,763.865,,A,Normal value,0,Units,1,One,_Z,Not applicable,,
DATAFLOW,OECD.ELS.SPD:DSD_SOCX_AGG@DF_SOCX_AGG(1.0),Social expenditure aggregates,I,GBR,United Kingdom,A,Annual,SOCX,Social expenditure,USD_PPP_PS,"US dollars per person, PPP converted",ES10,Public,_T,Total,TP31,Incapacity related,V,Current prices,2007,,632.787,,A,Normal value,0,Units,1,One,_Z,Not applicable,,
DATAFLOW,OECD.ELS.SPD:DSD_SOCX_AGG@DF_SOCX_AGG(1.0),Social expenditure aggregates,I,GBR,United Kingdom,A,Annual,SOCX,Social expenditure,USD_PPP_PS,"US dollars per person, PPP converted",ES10,Public,_T,Total,TP31,Incapacity related,V,Current prices,2008,,662.276,,A,Normal value,0,Units,1,One,_Z,Not applicable,,
DATAFLOW,OECD.ELS.SPD:DSD_SOCX_AGG@DF_SOCX_AGG(1.0),Social expenditure aggregates,I,GBR,United Kingdom,A,Annual,SOCX,Social expenditure,USD_PPP_PS,"US dollars per person, PPP converted",ES10,Public,_T,Total,TP31,Incapacity related,V,Current prices,2009,,694.211,,A,Normal value,0,Units,1,One,_Z,Not applicable,,
DATAFLOW,OECD.ELS.SPD:DSD_SOCX_AGG@DF_SOCX_AGG(1.0),Social expenditure aggregates,I,GBR,United Kingdom,A,Annual,SOCX,Social expenditure,USD_PPP_PS,"US dollars per person, PPP converted",ES10,Public,_T,Total,TP31,Incapacity related,V,Current prices,2010,,720.446,,A,Normal value,0,Units,1,One,_Z,Not applicable,,
DATAFLOW,OECD.ELS.SPD:DSD_SOCX_AGG@DF_SOCX_AGG(1.0),Social expenditure aggregates,I,GBR,United Kingdom,A,Annual,SOCX,Social expenditure,USD_PPP_PS,"US dollars per person, PPP converted",ES10,Public,_T,Total,TP31,Incapacity related,V,Current prices,2011,,742.029,,A,Normal value,0,Units,1,One,_Z,Not applicable,,
DATAFLOW,OECD.ELS.SPD:DSD_SOCX_AGG@DF_SOCX_AGG(1.0),Social expenditure aggregates,I,GBR,United Kingdom,A,Annual,SOCX,Social expenditure,USD_PPP_PS,"US dollars per person, PPP converted",ES10,Public,_T,Total,TP31,Incapacity related,V,Current prices,2012,,761.892,,A,Normal value,0,Units,1,One,_Z,Not applicable,,
DATAFLOW,OECD.ELS.SPD:DSD_SOCX_AGG@DF_SOCX_AGG(1.0),Social expenditure aggregates,I,GBR,United Kingdom,A,Annual,SOCX,Social expenditure,USD_PPP_PS,"US dollars per person, PPP converted",ES10,Public,_T,Total,TP31,Incapacity related,V,Current prices,2013,,775.725,,A,Normal value,0,Units,1,One,_Z,Not applicable,,
DATAFLOW,OECD.ELS.SPD:DSD_SOCX_AGG@DF_SOCX_AGG(1.0),Social expenditure aggregates,I,GBR,United Kingdom,A,Annual,SOCX,Social expenditure,USD_PPP_PS,"US dollars per person, PPP converted",ES10,Public,_T,Total,TP31,Incapacity related,V,Current prices,2014,,752.411,,A,Normal value,0,Units,1,One,_Z,Not applicable,,
DATAFLOW,OECD.ELS.SPD:DSD_SOCX_AGG@DF_SOCX_AGG(1.0),Social expenditure aggregates,I,GBR,United Kingdom,A,Annual,SOCX,Social expenditure,USD_PPP_PS,"US dollars per person, PPP converted",ES10,Public,_T,Total,TP31,Incapacity related,V,Current prices,2015,,783.727,,A,Normal value,0,Units,1,One,_Z,Not applicable,,
DATAFLOW,OECD.ELS.SPD:DSD_SOCX_AGG@DF_SOCX_AGG(1.0),Social expenditure aggregates,I,GBR,United Kingdom,A,Annual,SOCX,Social expenditure,USD_PPP_PS,"US dollars per person, PPP converted",ES10,Public,_T,Total,TP31,Incapacity related,V,Current prices,2016,,812.557,,A,Normal value,0,Units,1,One,_Z,Not applicable,,
DATAFLOW,OECD.ELS.SPD:DSD_SOCX_AGG@DF_SOCX_AGG(1.0),Social expenditure aggregates,I,GBR,United Kingdom,A,Annual,SOCX,Social expenditure,USD_PPP_PS,"US dollars per person, PPP converted",ES10,Public,_T,Total,TP31,Incapacity related,V,Current prices,2017,,859.753,,A,Normal value,0,Units,1,One,_Z,Not applicable,,
DATAFLOW,OECD.ELS.SPD:DSD_SOCX_AGG@DF_SOCX_AGG(1.0),Social expenditure aggregates,I,GBR,United Kingdom,A,Annual,SOCX,Social expenditure,USD_PPP_PS,"US dollars per person, PPP converted",ES10,Public,_T,Total,TP31,Incapacity related,V,Current prices,2018,,823.324,,A,Normal value,0,Units,1,One,_Z,Not applicable,,
DATAFLOW,OECD.ELS.SPD:DSD_SOCX_AGG@DF_SOCX_AGG(1.0),Social expenditure aggregates,I,GBR,United Kingdom,A,Annual,SOCX,Social expenditure,USD_PPP_PS,"US dollars per person, PPP converted",ES10,Public,_T,Total,TP31,Incapacity related,V,Current prices,2019,,858.603,,A,Normal value,0,Units,1,One,_Z,Not applicable,,
DATAFLOW,OECD.ELS.SPD:DSD_SOCX_AGG@DF_SOCX_AGG(1.0),Social expenditure aggregates,I,GBR,United Kingdom,A,Annual,SOCX,Social expenditure,USD_PPP_PS,"US dollars per person, PPP converted",ES10,Public,_T,Total,TP31,Incapacity related,V,Current prices,2020,,884.054,,A,Normal value,0,Units,1,One,_Z,Not applicable,,
DATAFLOW,OECD.ELS.SPD:DSD_SOCX_AGG@DF_SOCX_AGG(1.0),Social expenditure aggregates,I,GBR,United Kingdom,A,Annual,SOCX,Social expenditure,USD_PPP_PS,"US dollars per person, PPP converted",ES10,Public,_T,Total,TP31,Incapacity related,V,Current prices,2021,,914.655,,A,Normal value,0,Units,1,One,_Z,Not applicable,,
DATAFLOW,OECD.ELS.SPD:DSD_SOCX_AGG@DF_SOCX_AGG(1.0),Social expenditure aggregates,I,GBR,United Kingdom,A,Annual,SOCX,Social expenditure,USD_PPP_PS,"US dollars per person, PPP converted",ES10,Public,_T,Total,TP31,Incapacity related,V,Current prices,2022,,975.275,,A,Normal value,0,Units,1,One,_Z,Not applicable,,
DATAFLOW,OECD.ELS.SPD:DSD_SOCX_AGG@DF_SOCX_AGG(1.0),Social expenditure aggregates,I,NOR,Norway,A,Annual,SOCX,Social expenditure,USD_PPP_PS,"US dollars per person, PPP converted",ES10,Public,_T,Total,TP31,Incapacity related,V,Current prices,2006,,2233.827,,A,Normal value,0,Units,1,One,_Z,Not applicable,,
DATAFLOW,OECD.ELS.SPD:DSD_SOCX_AGG@DF_SOCX_AGG(1.0),Social expenditure aggregates,I,NOR,Norway,A,Annual,SOCX,Social expenditure,USD_PPP_PS,"US dollars per person, PPP converted",ES10,Public,_T,Total,TP31,Incapacity related,V,Current prices,2007,,2317.645,,A,Normal value,0,Units,1,One,_Z,Not applicable,,
DATAFLOW,OECD.ELS.SPD:DSD_SOCX_AGG@DF_SOCX_AGG(1.0),Social expenditure aggregates,I,NOR,Norway,A,Annual,SOCX,Social expenditure,USD_PPP_PS,"US dollars per person, PPP converted",ES10,Public,_T,Total,TP31,Incapacity related,V,Current prices,2008,,2422.674,,A,Normal value,0,Units,1,One,_Z,Not applicable,,
DATAFLOW,OECD.ELS.SPD:DSD_SOCX_AGG@DF_SOCX_AGG(1.0),Social expenditure aggregates,I,NOR,Norway,A,Annual,SOCX,Social expenditure,USD_PPP_PS,"US dollars per person, PPP converted",ES10,Public,_T,Total,TP31,Incapacity related,V,Current prices,2009,,2522.093,,A,Normal value,0,Units,1,One,_Z,Not applicable,,
DATAFLOW,OECD.ELS.SPD:DSD_SOCX_AGG@DF_SOCX_AGG(1.0),Social expenditure aggregates,I,NOR,Norway,A,Annual,SOCX,Social expenditure,USD_PPP_PS,"US dollars per person, PPP converted",ES10,Public,_T,Total,TP31,Incapacity related,V,Current prices,2010,,2420.351,,A,Normal value,0,Units,1,One,_Z,Not applicable,,
DATAFLOW,OECD.ELS.SPD:DSD_SOCX_AGG@DF_SOCX_AGG(1.0),Social expenditure aggregates,I,NOR,Norway,A,Annual,SOCX,Social expenditure,USD_PPP_PS,"US dollars per person, PPP converted",ES10,Public,_T,Total,TP31,Incapacity related,V,Current prices,2011,,2359.391,,A,Normal value,0,Units,1,One,_Z,Not applicable,,
DATAFLOW,OECD.ELS.SPD:DSD_SOCX_AGG@DF_SOCX_AGG(1.0),Social expenditure aggregates,I,NOR,Norway,A,Annual,SOCX,Social expenditure,USD_PPP_PS,"US dollars per person, PPP converted",ES10,Public,_T,Total,TP31,Incapacity related,V,Current prices,2012,,2427.902,,A,Normal value,0,Units,1,One,_Z,Not applicable,,
DATAFLOW,OECD.ELS.SPD:DSD_SOCX_AGG@DF_SOCX_AGG(1.0),Social expenditure aggregates,I,NOR,Norway,A,Annual,SOCX,Social expenditure,USD_PPP_PS,"US dollars per person, PPP converted",ES10,Public,_T,Total,TP31,Incapacity related,V,Current prices,2013,,2500.044,,A,Normal value,0,Units,1,One,_Z,Not applicable,,
DATAFLOW,OECD.ELS.SPD:DSD_SOCX_AGG@DF_SOCX_AGG(1.0),Social expenditure aggregates,I,NOR,Norway,A,Annual,SOCX,Social expenditure,USD_PPP_PS,"US dollars per person, PPP converted",ES10,Public,_T,Total,TP31,Incapacity related,V,Current prices,2014,,2529.791,,A,Normal value,0,Units,1,One,_Z,Not applicable,,
DATAFLOW,OECD.ELS.SPD:DSD_SOCX_AGG@DF_SOCX_AGG(1.0),Social expenditure aggregates,I,NOR,Norway,A,Annual,SOCX,Social expenditure,USD_PPP_PS,"US dollars per person, PPP converted",ES10,Public,_T,Total,TP31,Incapacity related,V,Current prices,2015,,2608.151,,A,Normal value,0,Units,1,One,_Z,Not applicable,,
DATAFLOW,OECD.ELS.SPD:DSD_SOCX_AGG@DF_SOCX_AGG(1.0),Social expenditure aggregates,I,NOR,Norway,A,Annual,SOCX,Social expenditure,USD_PPP_PS,"US dollars per person, PPP converted",ES10,Public,_T,Total,TP31,Incapacity related,V,Current prices,2016,,2658.707,,A,Normal value,0,Units,1,One,_Z,Not applicable,,
DATAFLOW,OECD.ELS.SPD:DSD_SOCX_AGG@DF_SOCX_AGG(1.0),Social expenditure aggregates,I,NOR,Norway,A,Annual,SOCX,Social expenditure,USD_PPP_PS,"US dollars per person, PPP converted",ES10,Public,_T,Total,TP31,Incapacity related,V,Current prices,2017,,2820.362,,A,Normal value,0,Units,1,One,_Z,Not applicable,,
DATAFLOW,OECD.ELS.SPD:DSD_SOCX_AGG@DF_SOCX_AGG(1.0),Social expenditure aggregates,I,NOR,Norway,A,Annual,SOCX,Social expenditure,USD_PPP_PS,"US dollars per person, PPP converted",ES10,Public,_T,Total,TP31,Incapacity related,V,Current prices,2018,,2987.998,,A,Normal value,0,Units,1,One,_Z,Not applicable,,
DATAFLOW,OECD.ELS.SPD:DSD_SOCX_AGG@DF_SOCX_AGG(1.0),Social expenditure aggregates,I,NOR,Norway,A,Annual,SOCX,Social expenditure,USD_PPP_PS,"US dollars per person, PPP converted",ES10,Public,_T,Total,TP31,Incapacity related,V,Current prices,2019,,3180.095,,A,Normal value,0,Units,1,One,_Z,Not applicable,,
DATAFLOW,OECD.ELS.SPD:DSD_SOCX_AGG@DF_SOCX_AGG(1.0),Social expenditure aggregates,I,NOR,Norway,A,Annual,SOCX,Social expenditure,USD_PPP_PS,"US dollars per person, PPP converted",ES10,Public,_T,Total,TP31,Incapacity related,V,Current prices,2020,,3244.181,,A,Normal value,0,Units,1,One,_Z,Not applicable,,
DATAFLOW,OECD.ELS.SPD:DSD_SOCX_AGG@DF_SOCX_AGG(1.0),Social expenditure aggregates,I,NOR,Norway,A,Annual,SOCX,Social expenditure,USD_PPP_PS,"US dollars per person, PPP converted",ES10,Public,_T,Total,TP31,Incapacity related,V,Current prices,2021,,3603.874,,A,Normal value,0,Units,1,One,_Z,Not applicable,,
DATAFLOW,OECD.ELS.SPD:DSD_SOCX_AGG@DF_SOCX_AGG(1.0),Social expenditure aggregates,I,NOR,Norway,A,Annual,SOCX,Social expenditure,USD_PPP_PS,"US dollars per person, PPP converted",ES10,Public,K,In kind spending,TP31,Incapacity related,V,Current prices,2006,,380.824,,A,Normal value,0,Units,1,One,_Z,Not applicable,,
DATAFLOW,OECD.ELS.SPD:DSD_SOCX_AGG@DF_SOCX_AGG(1.0),Social expenditure aggregates,I,NOR,Norway,A,Annual,SOCX,Social expenditure,USD_PPP_PS,"US dollars per person, PPP converted",ES10,Public,K,In kind spending,TP31,Incapacity related,V,Current prices,2007,,389.849,,A,Normal value,0,Units,1,One,_Z,Not applicable,,
DATAFLOW,OECD.ELS.SPD:DSD_SOCX_AGG@DF_SOCX_AGG(1.0),Social expenditure aggregates,I,NOR,Norway,A,Annual,SOCX,Social expenditure,USD_PPP_PS,"US dollars per person, PPP converted",ES10,Public,K,In kind spending,TP31,Incapacity related,V,Current prices,2008,,325.227,,A,Normal value,0,Units,1,One,_Z,Not applicable,,
DATAFLOW,OECD.ELS.SPD:DSD_SOCX_AGG@DF_SOCX_AGG(1.0),Social expenditure aggregates,I,NOR,Norway,A,Annual,SOCX,Social expenditure,USD_PPP_PS,"US dollars per person, PPP converted",ES10,Public,K,In kind spending,TP31,Incapacity related,V,Current prices,2009,,311.863,,A,Normal value,0,Units,1,One,_Z,Not applicable,,
DATAFLOW,OECD.ELS.SPD:DSD_SOCX_AGG@DF_SOCX_AGG(1.0),Social expenditure aggregates,I,NOR,Norway,A,Annual,SOCX,Social expenditure,USD_PPP_PS,"US dollars per person, PPP converted",ES10,Public,K,In kind spending,TP31,Incapacity related,V,Current prices,2010,,315.908,,A,Normal value,0,Units,1,One,_Z,Not applicable,,
DATAFLOW,OECD.ELS.SPD:DSD_SOCX_AGG@DF_SOCX_AGG(1.0),Social expenditure aggregates,I,NOR,Norway,A,Annual,SOCX,Social expenditure,USD_PPP_PS,"US dollars per person, PPP converted",ES10,Public,K,In kind spending,TP31,Incapacity related,V,Current prices,2011,,314.477,,A,Normal value,0,Units,1,One,_Z,Not applicable,,
DATAFLOW,OECD.ELS.SPD:DSD_SOCX_AGG@DF_SOCX_AGG(1.0),Social expenditure aggregates,I,NOR,Norway,A,Annual,SOCX,Social expenditure,USD_PPP_PS,"US dollars per person, PPP converted",ES10,Public,K,In kind spending,TP31,Incapacity related,V,Current prices,2012,,322.914,,A,Normal value,0,Units,1,One,_Z,Not applicable,,
DATAFLOW,OECD.ELS.SPD:DSD_SOCX_AGG@DF_SOCX_AGG(1.0),Social expenditure aggregates,I,NOR,Norway,A,Annual,SOCX,Social expenditure,USD_PPP_PS,"US dollars per person, PPP converted",ES10,Public,K,In kind spending,TP31,Incapacity related,V,Current prices,2013,,354.72,,A,Normal value,0,Units,1,One,_Z,Not applicable,,
DATAFLOW,OECD.ELS.SPD:DSD_SOCX_AGG@DF_SOCX_AGG(1.0),Social expenditure aggregates,I,NOR,Norway,A,Annual,SOCX,Social expenditure,USD_PPP_PS,"US dollars per person, PPP converted",ES10,Public,K,In kind spending,TP31,Incapacity related,V,Current prices,2014,,360.449,,A,Normal value,0,Units,1,One,_Z,Not applicable,,
DATAFLOW,OECD.ELS.SPD:DSD_SOCX_AGG@DF_SOCX_AGG(1.0),Social expenditure aggregates,I,NOR,Norway,A,Annual,SOCX,Social expenditure,USD_PPP_PS,"US dollars per person, PPP converted",ES10,Public,K,In kind spending,TP31,Incapacity related,V,Current prices,2015,,343.535,,A,Normal value,0,Units,1,One,_Z,Not applicable,,
DATAFLOW,OECD.ELS.SPD:DSD_SOCX_AGG@DF_SOCX_AGG(1.0),Social expenditure aggregates,I,NOR,Norway,A,Annual,SOCX,Social expenditure,USD_PPP_PS,"US dollars per person, PPP converted",ES10,Public,K,In kind spending,TP31,Incapacity related,V,Current prices,2016,,353.81,,A,Normal value,0,Units,1,One,_Z,Not applicable,,
DATAFLOW,OECD.ELS.SPD:DSD_SOCX_AGG@DF_SOCX_AGG(1.0),Social expenditure aggregates,I,NOR,Norway,A,Annual,SOCX,Social expenditure,USD_PPP_PS,"US dollars per person, PPP converted",ES10,Public,K,In kind spending,TP31,Incapacity related,V,Current prices,2017,,384.08,,A,Normal value,0,Units,1,One,_Z,Not applicable,,
DATAFLOW,OECD.ELS.SPD:DSD_SOCX_AGG@DF_SOCX_AGG(1.0),Social expenditure aggregates,I,NOR,Norway,A,Annual,SOCX,Social expenditure,USD_PPP_PS,"US dollars per person, PPP converted",ES10,Public,K,In kind spending,TP31,Incapacity related,V,Current prices,2018,,404.52,,A,Normal value,0,Units,1,One,_Z,Not applicable,,
DATAFLOW,OECD.ELS.SPD:DSD_SOCX_AGG@DF_SOCX_AGG(1.0),Social expenditure aggregates,I,NOR,Norway,A,Annual,SOCX,Social expenditure,USD_PPP_PS,"US dollars per person, PPP converted",ES10,Public,K,In kind spending,TP31,Incapacity related,V,Current prices,2019,,430.669,,A,Normal value,0,Units,1,One,_Z,Not applicable,,
DATAFLOW,OECD.ELS.SPD:DSD_SOCX_AGG@DF_SOCX_AGG(1.0),Social expenditure aggregates,I,NOR,Norway,A,Annual,SOCX,Social expenditure,USD_PPP_PS,"US dollars per person, PPP converted",ES10,Public,K,In kind spending,TP31,Incapacity related,V,Current prices,2020,,428.874,,A,Normal value,0,Units,1,One,_Z,Not applicable,,
DATAFLOW,OECD.ELS.SPD:DSD_SOCX_AGG@DF_SOCX_AGG(1.0),Social expenditure aggregates,I,NOR,Norway,A,Annual,SOCX,Social expenditure,USD_PPP_PS,"US dollars per person, PPP converted",ES10,Public,K,In kind spending,TP31,Incapacity related,V,Current prices,2021,,484.451,,A,Normal value,0,Units,1,One,_Z,Not applicable,,
DATAFLOW,OECD.ELS.SPD:DSD_SOCX_AGG@DF_SOCX_AGG(1.0),Social expenditure aggregates,I,NOR,Norway,A,Annual,SOCX,Social expenditure,USD_PPP_PS,"US dollars per person, PPP converted",ES10,Public,C,In cash spending,TP31,Incapacity related,V,Current prices,2006,,1853.003,,A,Normal value,0,Units,1,One,_Z,Not applicable,,
DATAFLOW,OECD.ELS.SPD:DSD_SOCX_AGG@DF_SOCX_AGG(1.0),Social expenditure aggregates,I,NOR,Norway,A,Annual,SOCX,Social expenditure,USD_PPP_PS,"US dollars per person, PPP converted",ES10,Public,C,In cash spending,TP31,Incapacity related,V,Current prices,2007,,1927.796,,A,Normal value,0,Units,1,One,_Z,Not applicable,,
DATAFLOW,OECD.ELS.SPD:DSD_SOCX_AGG@DF_SOCX_AGG(1.0),Social expenditure aggregates,I,NOR,Norway,A,Annual,SOCX,Social expenditure,USD_PPP_PS,"US dollars per person, PPP converted",ES10,Public,C,In cash spending,TP31,Incapacity related,V,Current prices,2008,,2097.447,,A,Normal value,0,Units,1,One,_Z,Not applicable,,
DATAFLOW,OECD.ELS.SPD:DSD_SOCX_AGG@DF_SOCX_AGG(1.0),Social expenditure aggregates,I,NOR,Norway,A,Annual,SOCX,Social expenditure,USD_PPP_PS,"US dollars per person, PPP converted",ES10,Public,C,In cash spending,TP31,Incapacity related,V,Current prices,2009,,2210.23,,A,Normal value,0,Units,1,One,_Z,Not applicable,,
DATAFLOW,OECD.ELS.SPD:DSD_SOCX_AGG@DF_SOCX_AGG(1.0),Social expenditure aggregates,I,NOR,Norway,A,Annual,SOCX,Social expenditure,USD_PPP_PS,"US dollars per person, PPP converted",ES10,Public,C,In cash spending,TP31,Incapacity related,V,Current prices,2010,,2104.443,,A,Normal value,0,Units,1,One,_Z,Not applicable,,
DATAFLOW,OECD.ELS.SPD:DSD_SOCX_AGG@DF_SOCX_AGG(1.0),Social expenditure aggregates,I,NOR,Norway,A,Annual,SOCX,Social expenditure,USD_PPP_PS,"US dollars per person, PPP converted",ES10,Public,C,In cash spending,TP31,Incapacity related,V,Current prices,2011,,2044.913,,A,Normal value,0,Units,1,One,_Z,Not applicable,,
DATAFLOW,OECD.ELS.SPD:DSD_SOCX_AGG@DF_SOCX_AGG(1.0),Social expenditure aggregates,I,NOR,Norway,A,Annual,SOCX,Social expenditure,USD_PPP_PS,"US dollars per person, PPP converted",ES10,Public,C,In cash spending,TP31,Incapacity related,V,Current prices,2012,,2104.989,,A,Normal value,0,Units,1,One,_Z,Not applicable,,
DATAFLOW,OECD.ELS.SPD:DSD_SOCX_AGG@DF_SOCX_AGG(1.0),Social expenditure aggregates,I,NOR,Norway,A,Annual,SOCX,Social expenditure,USD_PPP_PS,"US dollars per person, PPP converted",ES10,Public,C,In cash spending,TP31,Incapacity related,V,Current prices,2013,,2145.323,,A,Normal value,0,Units,1,One,_Z,Not applicable,,
DATAFLOW,OECD.ELS.SPD:DSD_SOCX_AGG@DF_SOCX_AGG(1.0),Social expenditure aggregates,I,NOR,Norway,A,Annual,SOCX,Social expenditure,USD_PPP_PS,"US dollars per person, PPP converted",ES10,Public,C,In cash spending,TP31,Incapacity related,V,Current prices,2014,,2169.342,,A,Normal value,0,Units,1,One,_Z,Not applicable,,
DATAFLOW,OECD.ELS.SPD:DSD_SOCX_AGG@DF_SOCX_AGG(1.0),Social expenditure aggregates,I,NOR,Norway,A,Annual,SOCX,Social expenditure,USD_PPP_PS,"US dollars per person, PPP converted",ES10,Public,C,In cash spending,TP31,Incapacity related,V,Current prices,2015,,2264.617,,A,Normal value,0,Units,1,One,_Z,Not applicable,,
DATAFLOW,OECD.ELS.SPD:DSD_SOCX_AGG@DF_SOCX_AGG(1.0),Social expenditure aggregates,I,NOR,Norway,A,Annual,SOCX,Social expenditure,USD_PPP_PS,"US dollars per person, PPP converted",ES10,Public,C,In cash spending,TP31,Incapacity related,V,Current prices,2016,,2304.897,,A,Normal value,0,Units,1,One,_Z,Not applicable,,
DATAFLOW,OECD.ELS.SPD:DSD_SOCX_AGG@DF_SOCX_AGG(1.0),Social expenditure aggregates,I,NOR,Norway,A,Annual,SOCX,Social expenditure,USD_PPP_PS,"US dollars per person, PPP converted",ES10,Public,C,In cash spending,TP31,Incapacity related,V,Current prices,2017,,2436.282,,A,Normal value,0,Units,1,One,_Z,Not applicable,,
DATAFLOW,OECD.ELS.SPD:DSD_SOCX_AGG@DF_SOCX_AGG(1.0),Social expenditure aggregates,I,NOR,Norway,A,Annual,SOCX,Social expenditure,USD_PPP_PS,"US dollars per person, PPP converted",ES10,Public,C,In cash spending,TP31,Incapacity related,V,Current prices,2018,,2583.477,,A,Normal value,0,Units,1,One,_Z,Not applicable,,
DATAFLOW,OECD.ELS.SPD:DSD_SOCX_AGG@DF_SOCX_AGG(1.0),Social expenditure aggregates,I,NOR,Norway,A,Annual,SOCX,Social expenditure,USD_PPP_PS,"US dollars per person, PPP converted",ES10,Public,C,In cash spending,TP31,Incapacity related,V,Current prices,2019,,2749.426,,A,Normal value,0,Units,1,One,_Z,Not applicable,,
DATAFLOW,OECD.ELS.SPD:DSD_SOCX_AGG@DF_SOCX_AGG(1.0),Social expenditure aggregates,I,NOR,Norway,A,Annual,SOCX,Social expenditure,USD_PPP_PS,"US dollars per person, PPP converted",ES10,Public,C,In cash spending,TP31,Incapacity related,V,Current prices,2020,,2815.307,,A,Normal value,0,Units,1,One,_Z,Not applicable,,
DATAFLOW,OECD.ELS.SPD:DSD_SOCX_AGG@DF_SOCX_AGG(1.0),Social expenditure aggregates,I,NOR,Norway,A,Annual,SOCX,Social expenditure,USD_PPP_PS,"US dollars per person, PPP converted",ES10,Public,C,In cash spending,TP31,Incapacity related,V,Current prices,2021,,3119.423,,A,Normal value,0,Units,1,One,_Z,Not applicable,,
DATAFLOW,OECD.ELS.SPD:DSD_SOCX_AGG@DF_SOCX_AGG(1.0),Social expenditure aggregates,I,AUS,Australia,A,Annual,SOCX,Social expenditure,USD_PPP_PS,"US dollars per person, PPP converted",ES10,Public,C,In cash spending,TP31,Incapacity related,V,Current prices,2005,,650.992,,A,Normal value,0,Units,1,One,_Z,Not applicable,,
DATAFLOW,OECD.ELS.SPD:DSD_SOCX_AGG@DF_SOCX_AGG(1.0),Social expenditure aggregates,I,AUS,Australia,A,Annual,SOCX,Social expenditure,USD_PPP_PS,"US dollars per person, PPP converted",ES10,Public,C,In cash spending,TP31,Incapacity related,V,Current prices,2006,,657.79,,A,Normal value,0,Units,1,One,_Z,Not applicable,,
DATAFLOW,OECD.ELS.SPD:DSD_SOCX_AGG@DF_SOCX_AGG(1.0),Social expenditure aggregates,I,AUS,Australia,A,Annual,SOCX,Social expenditure,USD_PPP_PS,"US dollars per person, PPP converted",ES10,Public,C,In cash spending,TP31,Incapacity related,V,Current prices,2007,,701.65,,A,Normal value,0,Units,1,One,_Z,Not applicable,,
DATAFLOW,OECD.ELS.SPD:DSD_SOCX_AGG@DF_SOCX_AGG(1.0),Social expenditure aggregates,I,AUS,Australia,A,Annual,SOCX,Social expenditure,USD_PPP_PS,"US dollars per person, PPP converted",ES10,Public,C,In cash spending,TP31,Incapacity related,V,Current prices,2008,,760.395,,A,Normal value,0,Units,1,One,_Z,Not applicable,,
DATAFLOW,OECD.ELS.SPD:DSD_SOCX_AGG@DF_SOCX_AGG(1.0),Social expenditure aggregates,I,AUS,Australia,A,Annual,SOCX,Social expenditure,USD_PPP_PS,"US dollars per person, PPP converted",ES10,Public,C,In cash spending,TP31,Incapacity related,V,Current prices,2009,,792.212,,A,Normal value,0,Units,1,One,_Z,Not applicable,,
DATAFLOW,OECD.ELS.SPD:DSD_SOCX_AGG@DF_SOCX_AGG(1.0),Social expenditure aggregates,I,AUS,Australia,A,Annual,SOCX,Social expenditure,USD_PPP_PS,"US dollars per person, PPP converted",ES10,Public,C,In cash spending,TP31,Incapacity related,V,Current prices,2010,,829.589,,A,Normal value,0,Units,1,One,_Z,Not applicable,,
DATAFLOW,OECD.ELS.SPD:DSD_SOCX_AGG@DF_SOCX_AGG(1.0),Social expenditure aggregates,I,AUS,Australia,A,Annual,SOCX,Social expenditure,USD_PPP_PS,"US dollars per person, PPP converted",ES10,Public,C,In cash spending,TP31,Incapacity related,V,Current prices,2011,,884.785,,A,Normal value,0,Units,1,One,_Z,Not applicable,,
DATAFLOW,OECD.ELS.SPD:DSD_SOCX_AGG@DF_SOCX_AGG(1.0),Social expenditure aggregates,I,AUS,Australia,A,Annual,SOCX,Social expenditure,USD_PPP_PS,"US dollars per person, PPP converted",ES10,Public,C,In cash spending,TP31,Incapacity related,V,Current prices,2012,,884.951,,A,Normal value,0,Units,1,One,_Z,Not applicable,,
DATAFLOW,OECD.ELS.SPD:DSD_SOCX_AGG@DF_SOCX_AGG(1.0),Social expenditure aggregates,I,AUS,Australia,A,Annual,SOCX,Social expenditure,USD_PPP_PS,"US dollars per person, PPP converted",ES10,Public,C,In cash spending,TP31,Incapacity related,V,Current prices,2013,,990.982,,A,Normal value,0,Units,1,One,_Z,Not applicable,,
DATAFLOW,OECD.ELS.SPD:DSD_SOCX_AGG@DF_SOCX_AGG(1.0),Social expenditure aggregates,I,AUS,Australia,A,Annual,SOCX,Social expenditure,USD_PPP_PS,"US dollars per person, PPP converted",ES10,Public,C,In cash spending,TP31,Incapacity related,V,Current prices,2014,,1003.815,,A,Normal value,0,Units,1,One,_Z,Not applicable,,
DATAFLOW,OECD.ELS.SPD:DSD_SOCX_AGG@DF_SOCX_AGG(1.0),Social expenditure aggregates,I,AUS,Australia,A,Annual,SOCX,Social expenditure,USD_PPP_PS,"US dollars per person, PPP converted",ES10,Public,C,In cash spending,TP31,Incapacity related,V,Current prices,2015,,976.641,,A,Normal value,0,Units,1,One,_Z,Not applicable,,
DATAFLOW,OECD.ELS.SPD:DSD_SOCX_AGG@DF_SOCX_AGG(1.0),Social expenditure aggregates,I,AUS,Australia,A,Annual,SOCX,Social expenditure,USD_PPP_PS,"US dollars per person, PPP converted",ES10,Public,C,In cash spending,TP31,Incapacity related,V,Current prices,2016,,978.464,,A,Normal value,0,Units,1,One,_Z,Not applicable,,
DATAFLOW,OECD.ELS.SPD:DSD_SOCX_AGG@DF_SOCX_AGG(1.0),Social expenditure aggregates,I,AUS,Australia,A,Annual,SOCX,Social expenditure,USD_PPP_PS,"US dollars per person, PPP converted",ES10,Public,K,In kind spending,TP31,Incapacity related,V,Current prices,2005,,156.62,,A,Normal value,0,Units,1,One,_Z,Not applicable,,
DATAFLOW,OECD.ELS.SPD:DSD_SOCX_AGG@DF_SOCX_AGG(1.0),Social expenditure aggregates,I,AUS,Australia,A,Annual,SOCX,Social expenditure,USD_PPP_PS,"US dollars per person, PPP converted",ES10,Public,K,In kind spending,TP31,Incapacity related,V,Current prices,2006,,170.805,,A,Normal value,0,Units,1,One,_Z,Not applicable,,
DATAFLOW,OECD.ELS.SPD:DSD_SOCX_AGG@DF_SOCX_AGG(1.0),Social expenditure aggregates,I,AUS,Australia,A,Annual,SOCX,Social expenditure,USD_PPP_PS,"US dollars per person, PPP converted",ES10,Public,K,In kind spending,TP31,Incapacity related,V,Current prices,2007,,158.723,,A,Normal value,0,Units,1,One,_Z,Not applicable,,
DATAFLOW,OECD.ELS.SPD:DSD_SOCX_AGG@DF_SOCX_AGG(1.0),Social expenditure aggregates,I,AUS,Australia,A,Annual,SOCX,Social expenditure,USD_PPP_PS,"US dollars per person, PPP converted",ES10,Public,K,In kind spending,TP31,Incapacity related,V,Current prices,2008,,166.853,,A,Normal value,0,Units,1,One,_Z,Not applicable,,
DATAFLOW,OECD.ELS.SPD:DSD_SOCX_AGG@DF_SOCX_AGG(1.0),Social expenditure aggregates,I,AUS,Australia,A,Annual,SOCX,Social expenditure,USD_PPP_PS,"US dollars per person, PPP converted",ES10,Public,K,In kind spending,TP31,Incapacity related,V,Current prices,2009,,177.249,,A,Normal value,0,Units,1,One,_Z,Not applicable,,
DATAFLOW,OECD.ELS.SPD:DSD_SOCX_AGG@DF_SOCX_AGG(1.0),Social expenditure aggregates,I,AUS,Australia,A,Annual,SOCX,Social expenditure,USD_PPP_PS,"US dollars per person, PPP converted",ES10,Public,K,In kind spending,TP31,Incapacity related,V,Current prices,2010,,166.512,,A,Normal value,0,Units,1,One,_Z,Not applicable,,
DATAFLOW,OECD.ELS.SPD:DSD_SOCX_AGG@DF_SOCX_AGG(1.0),Social expenditure aggregates,I,AUS,Australia,A,Annual,SOCX,Social expenditure,USD_PPP_PS,"US dollars per person, PPP converted",ES10,Public,K,In kind spending,TP31,Incapacity related,V,Current prices,2011,,177.826,,A,Normal value,0,Units,1,One,_Z,Not applicable,,
DATAFLOW,OECD.ELS.SPD:DSD_SOCX_AGG@DF_SOCX_AGG(1.0),Social expenditure aggregates,I,AUS,Australia,A,Annual,SOCX,Social expenditure,USD_PPP_PS,"US dollars per person, PPP converted",ES10,Public,K,In kind spending,TP31,Incapacity related,V,Current prices,2012,,183.604,,A,Normal value,0,Units,1,One,_Z,Not applicable,,
DATAFLOW,OECD.ELS.SPD:DSD_SOCX_AGG@DF_SOCX_AGG(1.0),Social expenditure aggregates,I,AUS,Australia,A,Annual,SOCX,Social expenditure,USD_PPP_PS,"US dollars per person, PPP converted",ES10,Public,K,In kind spending,TP31,Incapacity related,V,Current prices,2013,,203.909,,A,Normal value,0,Units,1,One,_Z,Not applicable,,
DATAFLOW,OECD.ELS.SPD:DSD_SOCX_AGG@DF_SOCX_AGG(1.0),Social expenditure aggregates,I,AUS,Australia,A,Annual,SOCX,Social expenditure,USD_PPP_PS,"US dollars per person, PPP converted",ES10,Public,K,In kind spending,TP31,Incapacity related,V,Current prices,2014,,213.946,,A,Normal value,0,Units,1,One,_Z,Not applicable,,
DATAFLOW,OECD.ELS.SPD:DSD_SOCX_AGG@DF_SOCX_AGG(1.0),Social expenditure aggregates,I,AUS,Australia,A,Annual,SOCX,Social expenditure,USD_PPP_PS,"US dollars per person, PPP converted",ES10,Public,K,In kind spending,TP31,Incapacity related,V,Current prices,2015,,224.92,,A,Normal value,0,Units,1,One,_Z,Not applicable,,
DATAFLOW,OECD.ELS.SPD:DSD_SOCX_AGG@DF_SOCX_AGG(1.0),Social expenditure aggregates,I,AUS,Australia,A,Annual,SOCX,Social expenditure,USD_PPP_PS,"US dollars per person, PPP converted",ES10,Public,K,In kind spending,TP31,Incapacity related,V,Current prices,2016,,201.359,,A,Normal value,0,Units,1,One,_Z,Not applicable,,
DATAFLOW,OECD.ELS.SPD:DSD_SOCX_AGG@DF_SOCX_AGG(1.0),Social expenditure aggregates,I,AUS,Australia,A,Annual,SOCX,Social expenditure,USD_PPP_PS,"US dollars per person, PPP converted",ES10,Public,_T,Total,TP31,Incapacity related,V,Current prices,2005,,807.612,,A,Normal value,0,Units,1,One,_Z,Not applicable,,
DATAFLOW,OECD.ELS.SPD:DSD_SOCX_AGG@DF_SOCX_AGG(1.0),Social expenditure aggregates,I,AUS,Australia,A,Annual,SOCX,Social expenditure,USD_PPP_PS,"US dollars per person, PPP converted",ES10,Public,_T,Total,TP31,Incapacity related,V,Current prices,2006,,828.594,,A,Normal value,0,Units,1,One,_Z,Not applicable,,
DATAFLOW,OECD.ELS.SPD:DSD_SOCX_AGG@DF_SOCX_AGG(1.0),Social expenditure aggregates,I,AUS,Australia,A,Annual,SOCX,Social expenditure,USD_PPP_PS,"US dollars per person, PPP converted",ES10,Public,_T,Total,TP31,Incapacity related,V,Current prices,2007,,860.373,,A,Normal value,0,Units,1,One,_Z,Not applicable,,
DATAFLOW,OECD.ELS.SPD:DSD_SOCX_AGG@DF_SOCX_AGG(1.0),Social expenditure aggregates,I,AUS,Australia,A,Annual,SOCX,Social expenditure,USD_PPP_PS,"US dollars per person, PPP converted",ES10,Public,_T,Total,TP31,Incapacity related,V,Current prices,2008,,927.247,,A,Normal value,0,Units,1,One,_Z,Not applicable,,
DATAFLOW,OECD.ELS.SPD:DSD_SOCX_AGG@DF_SOCX_AGG(1.0),Social expenditure aggregates,I,AUS,Australia,A,Annual,SOCX,Social expenditure,USD_PPP_PS,"US dollars per person, PPP converted",ES10,Public,_T,Total,TP31,Incapacity related,V,Current prices,2009,,969.461,,A,Normal value,0,Units,1,One,_Z,Not applicable,,
DATAFLOW,OECD.ELS.SPD:DSD_SOCX_AGG@DF_SOCX_AGG(1.0),Social expenditure aggregates,I,AUS,Australia,A,Annual,SOCX,Social expenditure,USD_PPP_PS,"US dollars per person, PPP converted",ES10,Public,_T,Total,TP31,Incapacity related,V,Current prices,2010,,996.101,,A,Normal value,0,Units,1,One,_Z,Not applicable,,
DATAFLOW,OECD.ELS.SPD:DSD_SOCX_AGG@DF_SOCX_AGG(1.0),Social expenditure aggregates,I,AUS,Australia,A,Annual,SOCX,Social expenditure,USD_PPP_PS,"US dollars per person, PPP converted",ES10,Public,_T,Total,TP31,Incapacity related,V,Current prices,2011,,1062.611,,A,Normal value,0,Units,1,One,_Z,Not applicable,,
DATAFLOW,OECD.ELS.SPD:DSD_SOCX_AGG@DF_SOCX_AGG(1.0),Social expenditure aggregates,I,AUS,Australia,A,Annual,SOCX,Social expenditure,USD_PPP_PS,"US dollars per person, PPP converted",ES10,Public,_T,Total,TP31,Incapacity related,V,Current prices,2012,,1068.555,,A,Normal value,0,Units,1,One,_Z,Not applicable,,
DATAFLOW,OECD.ELS.SPD:DSD_SOCX_AGG@DF_SOCX_AGG(1.0),Social expenditure aggregates,I,AUS,Australia,A,Annual,SOCX,Social expenditure,USD_PPP_PS,"US dollars per person, PPP converted",ES10,Public,_T,Total,TP31,Incapacity related,V,Current prices,2013,,1194.89,,A,Normal value,0,Units,1,One,_Z,Not applicable,,
DATAFLOW,OECD.ELS.SPD:DSD_SOCX_AGG@DF_SOCX_AGG(1.0),Social expenditure aggregates,I,AUS,Australia,A,Annual,SOCX,Social expenditure,USD_PPP_PS,"US dollars per person, PPP converted",ES10,Public,_T,Total,TP31,Incapacity related,V,Current prices,2014,,1217.761,,A,Normal value,0,Units,1,One,_Z,Not applicable,,
DATAFLOW,OECD.ELS.SPD:DSD_SOCX_AGG@DF_SOCX_AGG(1.0),Social expenditure aggregates,I,AUS,Australia,A,Annual,SOCX,Social expenditure,USD_PPP_PS,"US dollars per person, PPP converted",ES10,Public,_T,Total,TP31,Incapacity related,V,Current prices,2015,,1201.561,,A,Normal value,0,Units,1,One,_Z,Not applicable,,
DATAFLOW,OECD.ELS.SPD:DSD_SOCX_AGG@DF_SOCX_AGG(1.0),Social expenditure aggregates,I,AUS,Australia,A,Annual,SOCX,Social expenditure,USD_PPP_PS,"US dollars per person, PPP converted",ES10,Public,_T,Total,TP31,Incapacity related,V,Current prices,2016,,1179.823,,A,Normal value,0,Units,1,One,_Z,Not applicable,,
DATAFLOW,OECD.ELS.SPD:DSD_SOCX_AGG@DF_SOCX_AGG(1.0),Social expenditure aggregates,I,CAN,Canada,A,Annual,SOCX,Social expenditure,USD_PPP_PS,"US dollars per person, PPP converted",ES10,Public,K,In kind spending,TP31,Incapacity related,V,Current prices,1990,,,,M,Missing value; data cannot exist,0,Units,1,One,_Z,Not applicable,,
DATAFLOW,OECD.ELS.SPD:DSD_SOCX_AGG@DF_SOCX_AGG(1.0),Social expenditure aggregates,I,CAN,Canada,A,Annual,SOCX,Social expenditure,USD_PPP_PS,"US dollars per person, PPP converted",ES10,Public,K,In kind spending,TP31,Incapacity related,V,Current prices,1991,,,,M,Missing value; data cannot exist,0,Units,1,One,_Z,Not applicable,,
DATAFLOW,OECD.ELS.SPD:DSD_SOCX_AGG@DF_SOCX_AGG(1.0),Social expenditure aggregates,I,CAN,Canada,A,Annual,SOCX,Social expenditure,USD_PPP_PS,"US dollars per person, PPP converted",ES10,Public,K,In kind spending,TP31,Incapacity related,V,Current prices,1992,,,,M,Missing value; data cannot exist,0,Units,1,One,_Z,Not applicable,,
DATAFLOW,OECD.ELS.SPD:DSD_SOCX_AGG@DF_SOCX_AGG(1.0),Social expenditure aggregates,I,CAN,Canada,A,Annual,SOCX,Social expenditure,USD_PPP_PS,"US dollars per person, PPP converted",ES10,Public,K,In kind spending,TP31,Incapacity related,V,Current prices,1993,,,,M,Missing value; data cannot exist,0,Units,1,One,_Z,Not applicable,,
DATAFLOW,OECD.ELS.SPD:DSD_SOCX_AGG@DF_SOCX_AGG(1.0),Social expenditure aggregates,I,CAN,Canada,A,Annual,SOCX,Social expenditure,USD_PPP_PS,"US dollars per person, PPP converted",ES10,Public,K,In kind spending,TP31,Incapacity related,V,Current prices,1994,,,,M,Missing value; data cannot exist,0,Units,1,One,_Z,Not applicable,,
DATAFLOW,OECD.ELS.SPD:DSD_SOCX_AGG@DF_SOCX_AGG(1.0),Social expenditure aggregates,I,CAN,Canada,A,Annual,SOCX,Social expenditure,USD_PPP_PS,"US dollars per person, PPP converted",ES10,Public,K,In kind spending,TP31,Incapacity related,V,Current prices,1995,,,,M,Missing value; data cannot exist,0,Units,1,One,_Z,Not applicable,,
DATAFLOW,OECD.ELS.SPD:DSD_SOCX_AGG@DF_SOCX_AGG(1.0),Social expenditure aggregates,I,CAN,Canada,A,Annual,SOCX,Social expenditure,USD_PPP_PS,"US dollars per person, PPP converted",ES10,Public,K,In kind spending,TP31,Incapacity related,V,Current prices,1996,,,,M,Missing value; data cannot exist,0,Units,1,One,_Z,Not applicable,,
DATAFLOW,OECD.ELS.SPD:DSD_SOCX_AGG@DF_SOCX_AGG(1.0),Social expenditure aggregates,I,CAN,Canada,A,Annual,SOCX,Social expenditure,USD_PPP_PS,"US dollars per person, PPP converted",ES10,Public,K,In kind spending,TP31,Incapacity related,V,Current prices,1997,,,,M,Missing value; data cannot exist,0,Units,1,One,_Z,Not applicable,,
DATAFLOW,OECD.ELS.SPD:DSD_SOCX_AGG@DF_SOCX_AGG(1.0),Social expenditure aggregates,I,CAN,Canada,A,Annual,SOCX,Social expenditure,USD_PPP_PS,"US dollars per person, PPP converted",ES10,Public,K,In kind spending,TP31,Incapacity related,V,Current prices,1998,,,,M,Missing value; data cannot exist,0,Units,1,One,_Z,Not applicable,,
DATAFLOW,OECD.ELS.SPD:DSD_SOCX_AGG@DF_SOCX_AGG(1.0),Social expenditure aggregates,I,CAN,Canada,A,Annual,SOCX,Social expenditure,USD_PPP_PS,"US dollars per person, PPP converted",ES10,Public,K,In kind spending,TP31,Incapacity related,V,Current prices,1999,,,,M,Missing value; data cannot exist,0,Units,1,One,_Z,Not applicable,,
DATAFLOW,OECD.ELS.SPD:DSD_SOCX_AGG@DF_SOCX_AGG(1.0),Social expenditure aggregates,I,CAN,Canada,A,Annual,SOCX,Social expenditure,USD_PPP_PS,"US dollars per person, PPP converted",ES10,Public,K,In kind spending,TP31,Incapacity related,V,Current prices,2000,,,,M,Missing value; data cannot exist,0,Units,1,One,_Z,Not applicable,,
DATAFLOW,OECD.ELS.SPD:DSD_SOCX_AGG@DF_SOCX_AGG(1.0),Social expenditure aggregates,I,CAN,Canada,A,Annual,SOCX,Social expenditure,USD_PPP_PS,"US dollars per person, PPP converted",ES10,Public,K,In kind spending,TP31,Incapacity related,V,Current prices,2001,,,,M,Missing value; data cannot exist,0,Units,1,One,_Z,Not applicable,,
DATAFLOW,OECD.ELS.SPD:DSD_SOCX_AGG@DF_SOCX_AGG(1.0),Social expenditure aggregates,I,CAN,Canada,A,Annual,SOCX,Social expenditure,USD_PPP_PS,"US dollars per person, PPP converted",ES10,Public,K,In kind spending,TP31,Incapacity related,V,Current prices,2002,,,,M,Missing value; data cannot exist,0,Units,1,One,_Z,Not applicable,,
DATAFLOW,OECD.ELS.SPD:DSD_SOCX_AGG@DF_SOCX_AGG(1.0),Social expenditure aggregates,I,CAN,Canada,A,Annual,SOCX,Social expenditure,USD_PPP_PS,"US dollars per person, PPP converted",ES10,Public,K,In kind spending,TP31,Incapacity related,V,Current prices,2003,,,,M,Missing value; data cannot exist,0,Units,1,One,_Z,Not applicable,,
DATAFLOW,OECD.ELS.SPD:DSD_SOCX_AGG@DF_SOCX_AGG(1.0),Social expenditure aggregates,I,CAN,Canada,A,Annual,SOCX,Social expenditure,USD_PPP_PS,"US dollars per person, PPP converted",ES10,Public,K,In kind spending,TP31,Incapacity related,V,Current prices,2004,,,,M,Missing value; data cannot exist,0,Units,1,One,_Z,Not applicable,,
DATAFLOW,OECD.ELS.SPD:DSD_SOCX_AGG@DF_SOCX_AGG(1.0),Social expenditure aggregates,I,CAN,Canada,A,Annual,SOCX,Social expenditure,USD_PPP_PS,"US dollars per person, PPP converted",ES10,Public,K,In kind spending,TP31,Incapacity related,V,Current prices,2005,,,,M,Missing value; data cannot exist,0,Units,1,One,_Z,Not applicable,,
DATAFLOW,OECD.ELS.SPD:DSD_SOCX_AGG@DF_SOCX_AGG(1.0),Social expenditure aggregates,I,CAN,Canada,A,Annual,SOCX,Social expenditure,USD_PPP_PS,"US dollars per person, PPP converted",ES10,Public,K,In kind spending,TP31,Incapacity related,V,Current prices,2006,,,,M,Missing value; data cannot exist,0,Units,1,One,_Z,Not applicable,,
DATAFLOW,OECD.ELS.SPD:DSD_SOCX_AGG@DF_SOCX_AGG(1.0),Social expenditure aggregates,I,CAN,Canada,A,Annual,SOCX,Social expenditure,USD_PPP_PS,"US dollars per person, PPP converted",ES10,Public,K,In kind spending,TP31,Incapacity related,V,Current prices,2007,,,,M,Missing value; data cannot exist,0,Units,1,One,_Z,Not applicable,,
DATAFLOW,OECD.ELS.SPD:DSD_SOCX_AGG@DF_SOCX_AGG(1.0),Social expenditure aggregates,I,CAN,Canada,A,Annual,SOCX,Social expenditure,USD_PPP_PS,"US dollars per person, PPP converted",ES10,Public,K,In kind spending,TP31,Incapacity related,V,Current prices,2008,,,,M,Missing value; data cannot exist,0,Units,1,One,_Z,Not applicable,,
DATAFLOW,OECD.ELS.SPD:DSD_SOCX_AGG@DF_SOCX_AGG(1.0),Social expenditure aggregates,I,CAN,Canada,A,Annual,SOCX,Social expenditure,USD_PPP_PS,"US dollars per person, PPP converted",ES10,Public,K,In kind spending,TP31,Incapacity related,V,Current prices,2009,,,,M,Missing value; data cannot exist,0,Units,1,One,_Z,Not applicable,,
DATAFLOW,OECD.ELS.SPD:DSD_SOCX_AGG@DF_SOCX_AGG(1.0),Social expenditure aggregates,I,CAN,Canada,A,Annual,SOCX,Social expenditure,USD_PPP_PS,"US dollars per person, PPP converted",ES10,Public,K,In kind spending,TP31,Incapacity related,V,Current prices,2010,,,,M,Missing value; data cannot exist,0,Units,1,One,_Z,Not applicable,,
DATAFLOW,OECD.ELS.SPD:DSD_SOCX_AGG@DF_SOCX_AGG(1.0),Social expenditure aggregates,I,CAN,Canada,A,Annual,SOCX,Social expenditure,USD_PPP_PS,"US dollars per person, PPP converted",ES10,Public,K,In kind spending,TP31,Incapacity related,V,Current prices,2011,,,,M,Missing value; data cannot exist,0,Units,1,One,_Z,Not applicable,,
DATAFLOW,OECD.ELS.SPD:DSD_SOCX_AGG@DF_SOCX_AGG(1.0),Social expenditure aggregates,I,CAN,Canada,A,Annual,SOCX,Social expenditure,USD_PPP_PS,"US dollars per person, PPP converted",ES10,Public,K,In kind spending,TP31,Incapacity related,V,Current prices,2012,,,,M,Missing value; data cannot exist,0,Units,1,One,_Z,Not applicable,,
DATAFLOW,OECD.ELS.SPD:DSD_SOCX_AGG@DF_SOCX_AGG(1.0),Social expenditure aggregates,I,CAN,Canada,A,Annual,SOCX,Social expenditure,USD_PPP_PS,"US dollars per person, PPP converted",ES10,Public,K,In kind spending,TP31,Incapacity related,V,Current prices,2013,,,,M,Missing value; data cannot exist,0,Units,1,One,_Z,Not applicable,,
DATAFLOW,OECD.ELS.SPD:DSD_SOCX_AGG@DF_SOCX_AGG(1.0),Social expenditure aggregates,I,CAN,Canada,A,Annual,SOCX,Social expenditure,USD_PPP_PS,"US dollars per person, PPP converted",ES10,Public,K,In kind spending,TP31,Incapacity related,V,Current prices,2014,,,,M,Missing value; data cannot exist,0,Units,1,One,_Z,Not applicable,,
DATAFLOW,OECD.ELS.SPD:DSD_SOCX_AGG@DF_SOCX_AGG(1.0),Social expenditure aggregates,I,CAN,Canada,A,Annual,SOCX,Social expenditure,USD_PPP_PS,"US dollars per person, PPP converted",ES10,Public,K,In kind spending,TP31,Incapacity related,V,Current prices,2015,,,,M,Missing value; data cannot exist,0,Units,1,One,_Z,Not applicable,,
DATAFLOW,OECD.ELS.SPD:DSD_SOCX_AGG@DF_SOCX_AGG(1.0),Social expenditure aggregates,I,CAN,Canada,A,Annual,SOCX,Social expenditure,USD_PPP_PS,"US dollars per person, PPP converted",ES10,Public,K,In kind spending,TP31,Incapacity related,V,Current prices,2016,,,,M,Missing value; data cannot exist,0,Units,1,One,_Z,Not applicable,,
DATAFLOW,OECD.ELS.SPD:DSD_SOCX_AGG@DF_SOCX_AGG(1.0),Social expenditure aggregates,I,CAN,Canada,A,Annual,SOCX,Social expenditure,USD_PPP_PS,"US dollars per person, PPP converted",ES10,Public,K,In kind spending,TP31,Incapacity related,V,Current prices,2017,,,,M,Missing value; data cannot exist,0,Units,1,One,_Z,Not applicable,,
DATAFLOW,OECD.ELS.SPD:DSD_SOCX_AGG@DF_SOCX_AGG(1.0),Social expenditure aggregates,I,CAN,Canada,A,Annual,SOCX,Social expenditure,USD_PPP_PS,"US dollars per person, PPP converted",ES10,Public,K,In kind spending,TP31,Incapacity related,V,Current prices,2018,,,,M,Missing value; data cannot exist,0,Units,1,One,_Z,Not applicable,,
DATAFLOW,OECD.ELS.SPD:DSD_SOCX_AGG@DF_SOCX_AGG(1.0),Social expenditure aggregates,I,CAN,Canada,A,Annual,SOCX,Social expenditure,USD_PPP_PS,"US dollars per person, PPP converted",ES10,Public,K,In kind spending,TP31,Incapacity related,V,Current prices,2019,,,,M,Missing value; data cannot exist,0,Units,1,One,_Z,Not applicable,,
DATAFLOW,OECD.ELS.SPD:DSD_SOCX_AGG@DF_SOCX_AGG(1.0),Social expenditure aggregates,I,CAN,Canada,A,Annual,SOCX,Social expenditure,USD_PPP_PS,"US dollars per person, PPP converted",ES10,Public,K,In kind spending,TP31,Incapacity related,V,Current prices,2020,,,,M,Missing value; data cannot exist,0,Units,1,One,_Z,Not applicable,,
DATAFLOW,OECD.ELS.SPD:DSD_SOCX_AGG@DF_SOCX_AGG(1.0),Social expenditure aggregates,I,CAN,Canada,A,Annual,SOCX,Social expenditure,USD_PPP_PS,"US dollars per person, PPP converted",ES10,Public,K,In kind spending,TP31,Incapacity related,V,Current prices,2021,,,,M,Missing value; data cannot exist,0,Units,1,One,_Z,Not applicable,,
DATAFLOW,OECD.ELS.SPD:DSD_SOCX_AGG@DF_SOCX_AGG(1.0),Social expenditure aggregates,I,CAN,Canada,A,Annual,SOCX,Social expenditure,USD_PPP_PS,"US dollars per person, PPP converted",ES10,Public,K,In kind spending,TP31,Incapacity related,V,Current prices,2022,,,,M,Missing value; data cannot exist,0,Units,1,One,_Z,Not applicable,,
DATAFLOW,OECD.ELS.SPD:DSD_SOCX_AGG@DF_SOCX_AGG(1.0),Social expenditure aggregates,I,CAN,Canada,A,Annual,SOCX,Social expenditure,USD_PPP_PS,"US dollars per person, PPP converted",ES10,Public,K,In kind spending,TP31,Incapacity related,Q,Constant prices,1990,,,,M,Missing value; data cannot exist,0,Units,1,One,_Z,Not applicable,,
DATAFLOW,OECD.ELS.SPD:DSD_SOCX_AGG@DF_SOCX_AGG(1.0),Social expenditure aggregates,I,CAN,Canada,A,Annual,SOCX,Social expenditure,USD_PPP_PS,"US dollars per person, PPP converted",ES10,Public,K,In kind spending,TP31,Incapacity related,Q,Constant prices,1991,,,,M,Missing value; data cannot exist,0,Units,1,One,_Z,Not applicable,,
DATAFLOW,OECD.ELS.SPD:DSD_SOCX_AGG@DF_SOCX_AGG(1.0),Social expenditure aggregates,I,CAN,Canada,A,Annual,SOCX,Social expenditure,USD_PPP_PS,"US dollars per person, PPP converted",ES10,Public,K,In kind spending,TP31,Incapacity related,Q,Constant prices,1992,,,,M,Missing value; data cannot exist,0,Units,1,One,_Z,Not applicable,,
DATAFLOW,OECD.ELS.SPD:DSD_SOCX_AGG@DF_SOCX_AGG(1.0),Social expenditure aggregates,I,CAN,Canada,A,Annual,SOCX,Social expenditure,USD_PPP_PS,"US dollars per person, PPP converted",ES10,Public,K,In kind spending,TP31,Incapacity related,Q,Constant prices,1993,,,,M,Missing value; data cannot exist,0,Units,1,One,_Z,Not applicable,,
DATAFLOW,OECD.ELS.SPD:DSD_SOCX_AGG@DF_SOCX_AGG(1.0),Social expenditure aggregates,I,CAN,Canada,A,Annual,SOCX,Social expenditure,USD_PPP_PS,"US dollars per person, PPP converted",ES10,Public,K,In kind spending,TP31,Incapacity related,Q,Constant prices,1994,,,,M,Missing value; data cannot exist,0,Units,1,One,_Z,Not applicable,,
DATAFLOW,OECD.ELS.SPD:DSD_SOCX_AGG@DF_SOCX_AGG(1.0),Social expenditure aggregates,I,CAN,Canada,A,Annual,SOCX,Social expenditure,USD_PPP_PS,"US dollars per person, PPP converted",ES10,Public,K,In kind spending,TP31,Incapacity related,Q,Constant prices,1995,,,,M,Missing value; data cannot exist,0,Units,1,One,_Z,Not applicable,,
DATAFLOW,OECD.ELS.SPD:DSD_SOCX_AGG@DF_SOCX_AGG(1.0),Social expenditure aggregates,I,CAN,Canada,A,Annual,SOCX,Social expenditure,USD_PPP_PS,"US dollars per person, PPP converted",ES10,Public,K,In kind spending,TP31,Incapacity related,Q,Constant prices,1996,,,,M,Missing value; data cannot exist,0,Units,1,One,_Z,Not applicable,,
DATAFLOW,OECD.ELS.SPD:DSD_SOCX_AGG@DF_SOCX_AGG(1.0),Social expenditure aggregates,I,CAN,Canada,A,Annual,SOCX,Social expenditure,USD_PPP_PS,"US dollars per person, PPP converted",ES10,Public,K,In kind spending,TP31,Incapacity related,Q,Constant prices,1997,,,,M,Missing value; data cannot exist,0,Units,1,One,_Z,Not applicable,,
DATAFLOW,OECD.ELS.SPD:DSD_SOCX_AGG@DF_SOCX_AGG(1.0),Social expenditure aggregates,I,CAN,Canada,A,Annual,SOCX,Social expenditure,USD_PPP_PS,"US dollars per person, PPP converted",ES10,Public,K,In kind spending,TP31,Incapacity related,Q,Constant prices,1998,,,,M,Missing value; data cannot exist,0,Units,1,One,_Z,Not applicable,,
DATAFLOW,OECD.ELS.SPD:DSD_SOCX_AGG@DF_SOCX_AGG(1.0),Social expenditure aggregates,I,CAN,Canada,A,Annual,SOCX,Social expenditure,USD_PPP_PS,"US dollars per person, PPP converted",ES10,Public,K,In kind spending,TP31,Incapacity related,Q,Constant prices,1999,,,,M,Missing value; data cannot exist,0,Units,1,One,_Z,Not applicable,,
DATAFLOW,OECD.ELS.SPD:DSD_SOCX_AGG@DF_SOCX_AGG(1.0),Social expenditure aggregates,I,CAN,Canada,A,Annual,SOCX,Social expenditure,USD_PPP_PS,"US dollars per person, PPP converted",ES10,Public,K,In kind spending,TP31,Incapacity related,Q,Constant prices,2000,,,,M,Missing value; data cannot exist,0,Units,1,One,_Z,Not applicable,,
DATAFLOW,OECD.ELS.SPD:DSD_SOCX_AGG@DF_SOCX_AGG(1.0),Social expenditure aggregates,I,CAN,Canada,A,Annual,SOCX,Social expenditure,USD_PPP_PS,"US dollars per person, PPP converted",ES10,Public,K,In kind spending,TP31,Incapacity related,Q,Constant prices,2001,,,,M,Missing value; data cannot exist,0,Units,1,One,_Z,Not applicable,,
DATAFLOW,OECD.ELS.SPD:DSD_SOCX_AGG@DF_SOCX_AGG(1.0),Social expenditure aggregates,I,CAN,Canada,A,Annual,SOCX,Social expenditure,USD_PPP_PS,"US dollars per person, PPP converted",ES10,Public,K,In kind spending,TP31,Incapacity related,Q,Constant prices,2002,,,,M,Missing value; data cannot exist,0,Units,1,One,_Z,Not applicable,,
DATAFLOW,OECD.ELS.SPD:DSD_SOCX_AGG@DF_SOCX_AGG(1.0),Social expenditure aggregates,I,CAN,Canada,A,Annual,SOCX,Social expenditure,USD_PPP_PS,"US dollars per person, PPP converted",ES10,Public,K,In kind spending,TP31,Incapacity related,Q,Constant prices,2003,,,,M,Missing value; data cannot exist,0,Units,1,One,_Z,Not applicable,,
DATAFLOW,OECD.ELS.SPD:DSD_SOCX_AGG@DF_SOCX_AGG(1.0),Social expenditure aggregates,I,CAN,Canada,A,Annual,SOCX,Social expenditure,USD_PPP_PS,"US dollars per person, PPP converted",ES10,Public,K,In kind spending,TP31,Incapacity related,Q,Constant prices,2004,,,,M,Missing value; data cannot exist,0,Units,1,One,_Z,Not applicable,,
DATAFLOW,OECD.ELS.SPD:DSD_SOCX_AGG@DF_SOCX_AGG(1.0),Social expenditure aggregates,I,CAN,Canada,A,Annual,SOCX,Social expenditure,USD_PPP_PS,"US dollars per person, PPP converted",ES10,Public,K,In kind spending,TP31,Incapacity related,Q,Constant prices,2005,,,,M,Missing value; data cannot exist,0,Units,1,One,_Z,Not applicable,,
DATAFLOW,OECD.ELS.SPD:DSD_SOCX_AGG@DF_SOCX_AGG(1.0),Social expenditure aggregates,I,CAN,Canada,A,Annual,SOCX,Social expenditure,USD_PPP_PS,"US dollars per person, PPP converted",ES10,Public,K,In kind spending,TP31,Incapacity related,Q,Constant prices,2006,,,,M,Missing value; data cannot exist,0,Units,1,One,_Z,Not applicable,,
DATAFLOW,OECD.ELS.SPD:DSD_SOCX_AGG@DF_SOCX_AGG(1.0),Social expenditure aggregates,I,CAN,Canada,A,Annual,SOCX,Social expenditure,USD_PPP_PS,"US dollars per person, PPP converted",ES10,Public,K,In kind spending,TP31,Incapacity related,Q,Constant prices,2007,,,,M,Missing value; data cannot exist,0,Units,1,One,_Z,Not applicable,,
DATAFLOW,OECD.ELS.SPD:DSD_SOCX_AGG@DF_SOCX_AGG(1.0),Social expenditure aggregates,I,CAN,Canada,A,Annual,SOCX,Social expenditure,USD_PPP_PS,"US dollars per person, PPP converted",ES10,Public,K,In kind spending,TP31,Incapacity related,Q,Constant prices,2008,,,,M,Missing value; data cannot exist,0,Units,1,One,_Z,Not applicable,,
DATAFLOW,OECD.ELS.SPD:DSD_SOCX_AGG@DF_SOCX_AGG(1.0),Social expenditure aggregates,I,CAN,Canada,A,Annual,SOCX,Social expenditure,USD_PPP_PS,"US dollars per person, PPP converted",ES10,Public,K,In kind spending,TP31,Incapacity related,Q,Constant prices,2009,,,,M,Missing value; data cannot exist,0,Units,1,One,_Z,Not applicable,,
DATAFLOW,OECD.ELS.SPD:DSD_SOCX_AGG@DF_SOCX_AGG(1.0),Social expenditure aggregates,I,CAN,Canada,A,Annual,SOCX,Social expenditure,USD_PPP_PS,"US dollars per person, PPP converted",ES10,Public,K,In kind spending,TP31,Incapacity related,Q,Constant prices,2010,,,,M,Missing value; data cannot exist,0,Units,1,One,_Z,Not applicable,,
DATAFLOW,OECD.ELS.SPD:DSD_SOCX_AGG@DF_SOCX_AGG(1.0),Social expenditure aggregates,I,CAN,Canada,A,Annual,SOCX,Social expenditure,USD_PPP_PS,"US dollars per person, PPP converted",ES10,Public,K,In kind spending,TP31,Incapacity related,Q,Constant prices,2011,,,,M,Missing value; data cannot exist,0,Units,1,One,_Z,Not applicable,,
DATAFLOW,OECD.ELS.SPD:DSD_SOCX_AGG@DF_SOCX_AGG(1.0),Social expenditure aggregates,I,CAN,Canada,A,Annual,SOCX,Social expenditure,USD_PPP_PS,"US dollars per person, PPP converted",ES10,Public,K,In kind spending,TP31,Incapacity related,Q,Constant prices,2012,,,,M,Missing value; data cannot exist,0,Units,1,One,_Z,Not applicable,,
DATAFLOW,OECD.ELS.SPD:DSD_SOCX_AGG@DF_SOCX_AGG(1.0),Social expenditure aggregates,I,CAN,Canada,A,Annual,SOCX,Social expenditure,USD_PPP_PS,"US dollars per person, PPP converted",ES10,Public,K,In kind spending,TP31,Incapacity related,Q,Constant prices,2013,,,,M,Missing value; data cannot exist,0,Units,1,One,_Z,Not applicable,,
DATAFLOW,OECD.ELS.SPD:DSD_SOCX_AGG@DF_SOCX_AGG(1.0),Social expenditure aggregates,I,CAN,Canada,A,Annual,SOCX,Social expenditure,USD_PPP_PS,"US dollars per person, PPP converted",ES10,Public,K,In kind spending,TP31,Incapacity related,Q,Constant prices,2014,,,,M,Missing value; data cannot exist,0,Units,1,One,_Z,Not applicable,,
DATAFLOW,OECD.ELS.SPD:DSD_SOCX_AGG@DF_SOCX_AGG(1.0),Social expenditure aggregates,I,CAN,Canada,A,Annual,SOCX,Social expenditure,USD_PPP_PS,"US dollars per person, PPP converted",ES10,Public,K,In kind spending,TP31,Incapacity related,Q,Constant prices,2015,,,,M,Missing value; data cannot exist,0,Units,1,One,_Z,Not applicable,,
DATAFLOW,OECD.ELS.SPD:DSD_SOCX_AGG@DF_SOCX_AGG(1.0),Social expenditure aggregates,I,CAN,Canada,A,Annual,SOCX,Social expenditure,USD_PPP_PS,"US dollars per person, PPP converted",ES10,Public,K,In kind spending,TP31,Incapacity related,Q,Constant prices,2016,,,,M,Missing value; data cannot exist,0,Units,1,One,_Z,Not applicable,,
DATAFLOW,OECD.ELS.SPD:DSD_SOCX_AGG@DF_SOCX_AGG(1.0),Social expenditure aggregates,I,CAN,Canada,A,Annual,SOCX,Social expenditure,USD_PPP_PS,"US dollars per person, PPP converted",ES10,Public,K,In kind spending,TP31,Incapacity related,Q,Constant prices,2017,,,,M,Missing value; data cannot exist,0,Units,1,One,_Z,Not applicable,,
DATAFLOW,OECD.ELS.SPD:DSD_SOCX_AGG@DF_SOCX_AGG(1.0),Social expenditure aggregates,I,CAN,Canada,A,Annual,SOCX,Social expenditure,USD_PPP_PS,"US dollars per person, PPP converted",ES10,Public,K,In kind spending,TP31,Incapacity related,Q,Constant prices,2018,,,,M,Missing value; data cannot exist,0,Units,1,One,_Z,Not applicable,,
DATAFLOW,OECD.ELS.SPD:DSD_SOCX_AGG@DF_SOCX_AGG(1.0),Social expenditure aggregates,I,CAN,Canada,A,Annual,SOCX,Social expenditure,USD_PPP_PS,"US dollars per person, PPP converted",ES10,Public,K,In kind spending,TP31,Incapacity related,Q,Constant prices,2019,,,,M,Missing value; data cannot exist,0,Units,1,One,_Z,Not applicable,,
DATAFLOW,OECD.ELS.SPD:DSD_SOCX_AGG@DF_SOCX_AGG(1.0),Social expenditure aggregates,I,CAN,Canada,A,Annual,SOCX,Social expenditure,USD_PPP_PS,"US dollars per person, PPP converted",ES10,Public,K,In kind spending,TP31,Incapacity related,Q,Constant prices,2020,,,,M,Missing value; data cannot exist,0,Units,1,One,_Z,Not applicable,,
DATAFLOW,OECD.ELS.SPD:DSD_SOCX_AGG@DF_SOCX_AGG(1.0),Social expenditure aggregates,I,CAN,Canada,A,Annual,SOCX,Social expenditure,USD_PPP_PS,"US dollars per person, PPP converted",ES10,Public,K,In kind spending,TP31,Incapacity related,Q,Constant prices,2021,,,,M,Missing value; data cannot exist,0,Units,1,One,_Z,Not applicable,,
DATAFLOW,OECD.ELS.SPD:DSD_SOCX_AGG@DF_SOCX_AGG(1.0),Social expenditure aggregates,I,CAN,Canada,A,Annual,SOCX,Social expenditure,USD_PPP_PS,"US dollars per person, PPP converted",ES10,Public,K,In kind spending,TP31,Incapacity related,Q,Constant prices,2022,,,,M,Missing value; data cannot exist,0,Units,1,One,_Z,Not applicable,,
DATAFLOW,OECD.ELS.SPD:DSD_SOCX_AGG@DF_SOCX_AGG(1.0),Social expenditure aggregates,I,FIN,Finland,A,Annual,SOCX,Social expenditure,USD_PPP_PS,"US dollars per person, PPP converted",ES10,Public,K,In kind spending,TP31,Incapacity related,Q,Constant prices,1990,,123.968,,A,Normal value,0,Units,1,One,_Z,Not applicable,,
DATAFLOW,OECD.ELS.SPD:DSD_SOCX_AGG@DF_SOCX_AGG(1.0),Social expenditure aggregates,I,FIN,Finland,A,Annual,SOCX,Social expenditure,USD_PPP_PS,"US dollars per person, PPP converted",ES10,Public,K,In kind spending,TP31,Incapacity related,Q,Constant prices,1991,,138.054,,A,Normal value,0,Units,1,One,_Z,Not applicable,,
DATAFLOW,OECD.ELS.SPD:DSD_SOCX_AGG@DF_SOCX_AGG(1.0),Social expenditure aggregates,I,FIN,Finland,A,Annual,SOCX,Social expenditure,USD_PPP_PS,"US dollars per person, PPP converted",ES10,Public,K,In kind spending,TP31,Incapacity related,Q,Constant prices,1992,,139.502,,A,Normal value,0,Units,1,One,_Z,Not applicable,,
DATAFLOW,OECD.ELS.SPD:DSD_SOCX_AGG@DF_SOCX_AGG(1.0),Social expenditure aggregates,I,FIN,Finland,A,Annual,SOCX,Social expenditure,USD_PPP_PS,"US dollars per person, PPP converted",ES10,Public,K,In kind spending,TP31,Incapacity related,Q,Constant prices,1993,,201.565,,A,Normal value,0,Units,1,One,_Z,Not applicable,,
DATAFLOW,OECD.ELS.SPD:DSD_SOCX_AGG@DF_SOCX_AGG(1.0),Social expenditure aggregates,I,FIN,Finland,A,Annual,SOCX,Social expenditure,USD_PPP_PS,"US dollars per person, PPP converted",ES10,Public,K,In kind spending,TP31,Incapacity related,Q,Constant prices,1994,,213.931,,A,Normal value,0,Units,1,One,_Z,Not applicable,,
DATAFLOW,OECD.ELS.SPD:DSD_SOCX_AGG@DF_SOCX_AGG(1.0),Social expenditure aggregates,I,FIN,Finland,A,Annual,SOCX,Social expenditure,USD_PPP_PS,"US dollars per person, PPP converted",ES10,Public,K,In kind spending,TP31,Incapacity related,Q,Constant prices,1995,,216.082,,A,Normal value,0,Units,1,One,_Z,Not applicable,,
DATAFLOW,OECD.ELS.SPD:DSD_SOCX_AGG@DF_SOCX_AGG(1.0),Social expenditure aggregates,I,FIN,Finland,A,Annual,SOCX,Social expenditure,USD_PPP_PS,"US dollars per person, PPP converted",ES10,Public,K,In kind spending,TP31,Incapacity related,Q,Constant prices,1996,,231.582,,A,Normal value,0,Units,1,One,_Z,Not applicable,,
DATAFLOW,OECD.ELS.SPD:DSD_SOCX_AGG@DF_SOCX_AGG(1.0),Social expenditure aggregates,I,FIN,Finland,A,Annual,SOCX,Social expenditure,USD_PPP_PS,"US dollars per person, PPP converted",ES10,Public,K,In kind spending,TP31,Incapacity related,Q,Constant prices,1997,,238.377,,A,Normal value,0,Units,1,One,_Z,Not applicable,,
DATAFLOW,OECD.ELS.SPD:DSD_SOCX_AGG@DF_SOCX_AGG(1.0),Social expenditure aggregates,I,FIN,Finland,A,Annual,SOCX,Social expenditure,USD_PPP_PS,"US dollars per person, PPP converted",ES10,Public,K,In kind spending,TP31,Incapacity related,Q,Constant prices,1998,,248.793,,A,Normal value,0,Units,1,One,_Z,Not applicable,,
DATAFLOW,OECD.ELS.SPD:DSD_SOCX_AGG@DF_SOCX_AGG(1.0),Social expenditure aggregates,I,FIN,Finland,A,Annual,SOCX,Social expenditure,USD_PPP_PS,"US dollars per person, PPP converted",ES10,Public,K,In kind spending,TP31,Incapacity related,Q,Constant prices,1999,,265,,A,Normal value,0,Units,1,One,_Z,Not applicable,,
DATAFLOW,OECD.ELS.SPD:DSD_SOCX_AGG@DF_SOCX_AGG(1.0),Social expenditure aggregates,I,FIN,Finland,A,Annual,SOCX,Social expenditure,USD_PPP_PS,"US dollars per person, PPP converted",ES10,Public,K,In kind spending,TP31,Incapacity related,Q,Constant prices,2000,,274.15,,A,Normal value,0,Units,1,One,_Z,Not applicable,,
DATAFLOW,OECD.ELS.SPD:DSD_SOCX_AGG@DF_SOCX_AGG(1.0),Social expenditure aggregates,I,FIN,Finland,A,Annual,SOCX,Social expenditure,USD_PPP_PS,"US dollars per person, PPP converted",ES10,Public,K,In kind spending,TP31,Incapacity related,Q,Constant prices,2001,,289.342,,A,Normal value,0,Units,1,One,_Z,Not applicable,,
DATAFLOW,OECD.ELS.SPD:DSD_SOCX_AGG@DF_SOCX_AGG(1.0),Social expenditure aggregates,I,FIN,Finland,A,Annual,SOCX,Social expenditure,USD_PPP_PS,"US dollars per person, PPP converted",ES10,Public,K,In kind spending,TP31,Incapacity related,Q,Constant prices,2002,,305.652,,A,Normal value,0,Units,1,One,_Z,Not applicable,,
DATAFLOW,OECD.ELS.SPD:DSD_SOCX_AGG@DF_SOCX_AGG(1.0),Social expenditure aggregates,I,FIN,Finland,A,Annual,SOCX,Social expenditure,USD_PPP_PS,"US dollars per person, PPP converted",ES10,Public,K,In kind spending,TP31,Incapacity related,Q,Constant prices,2003,,327.952,,A,Normal value,0,Units,1,One,_Z,Not applicable,,
DATAFLOW,OECD.ELS.SPD:DSD_SOCX_AGG@DF_SOCX_AGG(1.0),Social expenditure aggregates,I,FIN,Finland,A,Annual,SOCX,Social expenditure,USD_PPP_PS,"US dollars per person, PPP converted",ES10,Public,K,In kind spending,TP31,Incapacity related,Q,Constant prices,2004,,346.261,,A,Normal value,0,Units,1,One,_Z,Not applicable,,
DATAFLOW,OECD.ELS.SPD:DSD_SOCX_AGG@DF_SOCX_AGG(1.0),Social expenditure aggregates,I,FIN,Finland,A,Annual,SOCX,Social expenditure,USD_PPP_PS,"US dollars per person, PPP converted",ES10,Public,K,In kind spending,TP31,Incapacity related,Q,Constant prices,2005,,364.255,,A,Normal value,0,Units,1,One,_Z,Not applicable,,
DATAFLOW,OECD.ELS.SPD:DSD_SOCX_AGG@DF_SOCX_AGG(1.0),Social expenditure aggregates,I,FIN,Finland,A,Annual,SOCX,Social expenditure,USD_PPP_PS,"US dollars per person, PPP converted",ES10,Public,K,In kind spending,TP31,Incapacity related,Q,Constant prices,2006,,377.445,,A,Normal value,0,Units,1,One,_Z,Not applicable,,
DATAFLOW,OECD.ELS.SPD:DSD_SOCX_AGG@DF_SOCX_AGG(1.0),Social expenditure aggregates,I,FIN,Finland,A,Annual,SOCX,Social expenditure,USD_PPP_PS,"US dollars per person, PPP converted",ES10,Public,K,In kind spending,TP31,Incapacity related,Q,Constant prices,2007,,393.313,,A,Normal value,0,Units,1,One,_Z,Not applicable,,
DATAFLOW,OECD.ELS.SPD:DSD_SOCX_AGG@DF_SOCX_AGG(1.0),Social expenditure aggregates,I,FIN,Finland,A,Annual,SOCX,Social expenditure,USD_PPP_PS,"US dollars per person, PPP converted",ES10,Public,K,In kind spending,TP31,Incapacity related,Q,Constant prices,2008,,415.458,,A,Normal value,0,Units,1,One,_Z,Not applicable,,
DATAFLOW,OECD.ELS.SPD:DSD_SOCX_AGG@DF_SOCX_AGG(1.0),Social expenditure aggregates,I,FIN,Finland,A,Annual,SOCX,Social expenditure,USD_PPP_PS,"US dollars per person, PPP converted",ES10,Public,K,In kind spending,TP31,Incapacity related,Q,Constant prices,2009,,435.269,,A,Normal value,0,Units,1,One,_Z,Not applicable,,
DATAFLOW,OECD.ELS.SPD:DSD_SOCX_AGG@DF_SOCX_AGG(1.0),Social expenditure aggregates,I,FIN,Finland,A,Annual,SOCX,Social expenditure,USD_PPP_PS,"US dollars per person, PPP converted",ES10,Public,K,In kind spending,TP31,Incapacity related,Q,Constant prices,2010,,456.171,,A,Normal value,0,Units,1,One,_Z,Not applicable,,
DATAFLOW,OECD.ELS.SPD:DSD_SOCX_AGG@DF_SOCX_AGG(1.0),Social expenditure aggregates,I,FIN,Finland,A,Annual,SOCX,Social expenditure,USD_PPP_PS,"US dollars per person, PPP converted",ES10,Public,K,In kind spending,TP31,Incapacity related,Q,Constant prices,2011,,484.742,,A,Normal value,0,Units,1,One,_Z,Not applicable,,
DATAFLOW,OECD.ELS.SPD:DSD_SOCX_AGG@DF_SOCX_AGG(1.0),Social expenditure aggregates,I,FIN,Finland,A,Annual,SOCX,Social expenditure,USD_PPP_PS,"US dollars per person, PPP converted",ES10,Public,K,In kind spending,TP31,Incapacity related,Q,Constant prices,2012,,508.694,,A,Normal value,0,Units,1,One,_Z,Not applicable,,
DATAFLOW,OECD.ELS.SPD:DSD_SOCX_AGG@DF_SOCX_AGG(1.0),Social expenditure aggregates,I,FIN,Finland,A,Annual,SOCX,Social expenditure,USD_PPP_PS,"US dollars per person, PPP converted",ES10,Public,K,In kind spending,TP31,Incapacity related,Q,Constant prices,2013,,523.757,,A,Normal value,0,Units,1,One,_Z,Not applicable,,
DATAFLOW,OECD.ELS.SPD:DSD_SOCX_AGG@DF_SOCX_AGG(1.0),Social expenditure aggregates,I,FIN,Finland,A,Annual,SOCX,Social expenditure,USD_PPP_PS,"US dollars per person, PPP converted",ES10,Public,K,In kind spending,TP31,Incapacity related,Q,Constant prices,2014,,542.814,,A,Normal value,0,Units,1,One,_Z,Not applicable,,
DATAFLOW,OECD.ELS.SPD:DSD_SOCX_AGG@DF_SOCX_AGG(1.0),Social expenditure aggregates,I,FIN,Finland,A,Annual,SOCX,Social expenditure,USD_PPP_PS,"US dollars per person, PPP converted",ES10,Public,K,In kind spending,TP31,Incapacity related,Q,Constant prices,2015,,518.258,,A,Normal value,0,Units,1,One,_Z,Not applicable,,
DATAFLOW,OECD.ELS.SPD:DSD_SOCX_AGG@DF_SOCX_AGG(1.0),Social expenditure aggregates,I,FIN,Finland,A,Annual,SOCX,Social expenditure,USD_PPP_PS,"US dollars per person, PPP converted",ES10,Public,K,In kind spending,TP31,Incapacity related,Q,Constant prices,2016,,524.297,,A,Normal value,0,Units,1,One,_Z,Not applicable,,
DATAFLOW,OECD.ELS.SPD:DSD_SOCX_AGG@DF_SOCX_AGG(1.0),Social expenditure aggregates,I,FIN,Finland,A,Annual,SOCX,Social expenditure,USD_PPP_PS,"US dollars per person, PPP converted",ES10,Public,K,In kind spending,TP31,Incapacity related,Q,Constant prices,2017,,506.999,,A,Normal value,0,Units,1,One,_Z,Not applicable,,
DATAFLOW,OECD.ELS.SPD:DSD_SOCX_AGG@DF_SOCX_AGG(1.0),Social expenditure aggregates,I,FIN,Finland,A,Annual,SOCX,Social expenditure,USD_PPP_PS,"US dollars per person, PPP converted",ES10,Public,K,In kind spending,TP31,Incapacity related,Q,Constant prices,2018,,530.964,,A,Normal value,0,Units,1,One,_Z,Not applicable,,
DATAFLOW,OECD.ELS.SPD:DSD_SOCX_AGG@DF_SOCX_AGG(1.0),Social expenditure aggregates,I,FIN,Finland,A,Annual,SOCX,Social expenditure,USD_PPP_PS,"US dollars per person, PPP converted",ES10,Public,K,In kind spending,TP31,Incapacity related,Q,Constant prices,2019,,558.949,,A,Normal value,0,Units,1,One,_Z,Not applicable,,
DATAFLOW,OECD.ELS.SPD:DSD_SOCX_AGG@DF_SOCX_AGG(1.0),Social expenditure aggregates,I,FIN,Finland,A,Annual,SOCX,Social expenditure,USD_PPP_PS,"US dollars per person, PPP converted",ES10,Public,K,In kind spending,TP31,Incapacity related,Q,Constant prices,2020,,566.332,,A,Normal value,0,Units,1,One,_Z,Not applicable,,
DATAFLOW,OECD.ELS.SPD:DSD_SOCX_AGG@DF_SOCX_AGG(1.0),Social expenditure aggregates,I,FIN,Finland,A,Annual,SOCX,Social expenditure,USD_PPP_PS,"US dollars per person, PPP converted",ES10,Public,K,In kind spending,TP31,Incapacity related,Q,Constant prices,2021,,566.828,,A,Normal value,0,Units,1,One,_Z,Not applicable,,
DATAFLOW,OECD.ELS.SPD:DSD_SOCX_AGG@DF_SOCX_AGG(1.0),Social expenditure aggregates,I,DNK,Denmark,A,Annual,SOCX,Social expenditure,USD_PPP_PS,"US dollars per person, PPP converted",ES10,Public,K,In kind spending,TP31,Incapacity related,Q,Constant prices,1990,,258.145,,A,Normal value,0,Units,1,One,_Z,Not applicable,,
DATAFLOW,OECD.ELS.SPD:DSD_SOCX_AGG@DF_SOCX_AGG(1.0),Social expenditure aggregates,I,DNK,Denmark,A,Annual,SOCX,Social expenditure,USD_PPP_PS,"US dollars per person, PPP converted",ES10,Public,K,In kind spending,TP31,Incapacity related,Q,Constant prices,1991,,283.19,,A,Normal value,0,Units,1,One,_Z,Not applicable,,
DATAFLOW,OECD.ELS.SPD:DSD_SOCX_AGG@DF_SOCX_AGG(1.0),Social expenditure aggregates,I,DNK,Denmark,A,Annual,SOCX,Social expenditure,USD_PPP_PS,"US dollars per person, PPP converted",ES10,Public,K,In kind spending,TP31,Incapacity related,Q,Constant prices,1992,,303.403,,A,Normal value,0,Units,1,One,_Z,Not applicable,,
DATAFLOW,OECD.ELS.SPD:DSD_SOCX_AGG@DF_SOCX_AGG(1.0),Social expenditure aggregates,I,DNK,Denmark,A,Annual,SOCX,Social expenditure,USD_PPP_PS,"US dollars per person, PPP converted",ES10,Public,K,In kind spending,TP31,Incapacity related,Q,Constant prices,1993,,330.938,,A,Normal value,0,Units,1,One,_Z,Not applicable,,
DATAFLOW,OECD.ELS.SPD:DSD_SOCX_AGG@DF_SOCX_AGG(1.0),Social expenditure aggregates,I,DNK,Denmark,A,Annual,SOCX,Social expenditure,USD_PPP_PS,"US dollars per person, PPP converted",ES10,Public,K,In kind spending,TP31,Incapacity related,Q,Constant prices,1994,,331.871,,A,Normal value,0,Units,1,One,_Z,Not applicable,,
DATAFLOW,OECD.ELS.SPD:DSD_SOCX_AGG@DF_SOCX_AGG(1.0),Social expenditure aggregates,I,DNK,Denmark,A,Annual,SOCX,Social expenditure,USD_PPP_PS,"US dollars per person, PPP converted",ES10,Public,K,In kind spending,TP31,Incapacity related,Q,Constant prices,1995,,353.39,,A,Normal value,0,Units,1,One,_Z,Not applicable,,
DATAFLOW,OECD.ELS.SPD:DSD_SOCX_AGG@DF_SOCX_AGG(1.0),Social expenditure aggregates,I,DNK,Denmark,A,Annual,SOCX,Social expenditure,USD_PPP_PS,"US dollars per person, PPP converted",ES10,Public,K,In kind spending,TP31,Incapacity related,Q,Constant prices,1996,,366.729,,A,Normal value,0,Units,1,One,_Z,Not applicable,,
DATAFLOW,OECD.ELS.SPD:DSD_SOCX_AGG@DF_SOCX_AGG(1.0),Social expenditure aggregates,I,DNK,Denmark,A,Annual,SOCX,Social expenditure,USD_PPP_PS,"US dollars per person, PPP converted",ES10,Public,K,In kind spending,TP31,Incapacity related,Q,Constant prices,1997,,380.749,,A,Normal value,0,Units,1,One,_Z,Not applicable,,
DATAFLOW,OECD.ELS.SPD:DSD_SOCX_AGG@DF_SOCX_AGG(1.0),Social expenditure aggregates,I,DNK,Denmark,A,Annual,SOCX,Social expenditure,USD_PPP_PS,"US dollars per person, PPP converted",ES10,Public,K,In kind spending,TP31,Incapacity related,Q,Constant prices,1998,,473.969,,A,Normal value,0,Units,1,One,_Z,Not applicable,,
DATAFLOW,OECD.ELS.SPD:DSD_SOCX_AGG@DF_SOCX_AGG(1.0),Social expenditure aggregates,I,DNK,Denmark,A,Annual,SOCX,Social expenditure,USD_PPP_PS,"US dollars per person, PPP converted",ES10,Public,K,In kind spending,TP31,Incapacity related,Q,Constant prices,1999,,503.222,,A,Normal value,0,Units,1,One,_Z,Not applicable,,
DATAFLOW,OECD.ELS.SPD:DSD_SOCX_AGG@DF_SOCX_AGG(1.0),Social expenditure aggregates,I,DNK,Denmark,A,Annual,SOCX,Social expenditure,USD_PPP_PS,"US dollars per person, PPP converted",ES10,Public,K,In kind spending,TP31,Incapacity related,Q,Constant prices,2000,,472.52,,A,Normal value,0,Units,1,One,_Z,Not applicable,,
DATAFLOW,OECD.ELS.SPD:DSD_SOCX_AGG@DF_SOCX_AGG(1.0),Social expenditure aggregates,I,DNK,Denmark,A,Annual,SOCX,Social expenditure,USD_PPP_PS,"US dollars per person, PPP converted",ES10,Public,K,In kind spending,TP31,Incapacity related,Q,Constant prices,2001,,495.52,,A,Normal value,0,Units,1,One,_Z,Not applicable,,
DATAFLOW,OECD.ELS.SPD:DSD_SOCX_AGG@DF_SOCX_AGG(1.0),Social expenditure aggregates,I,DNK,Denmark,A,Annual,SOCX,Social expenditure,USD_PPP_PS,"US dollars per person, PPP converted",ES10,Public,K,In kind spending,TP31,Incapacity related,Q,Constant prices,2002,,547.17,,A,Normal value,0,Units,1,One,_Z,Not applicable,,
DATAFLOW,OECD.ELS.SPD:DSD_SOCX_AGG@DF_SOCX_AGG(1.0),Social expenditure aggregates,I,DNK,Denmark,A,Annual,SOCX,Social expenditure,USD_PPP_PS,"US dollars per person, PPP converted",ES10,Public,K,In kind spending,TP31,Incapacity related,Q,Constant prices,2003,,560.02,,A,Normal value,0,Units,1,One,_Z,Not applicable,,
DATAFLOW,OECD.ELS.SPD:DSD_SOCX_AGG@DF_SOCX_AGG(1.0),Social expenditure aggregates,I,DNK,Denmark,A,Annual,SOCX,Social expenditure,USD_PPP_PS,"US dollars per person, PPP converted",ES10,Public,K,In kind spending,TP31,Incapacity related,Q,Constant prices,2004,,579.268,,A,Normal value,0,Units,1,One,_Z,Not applicable,,
DATAFLOW,OECD.ELS.SPD:DSD_SOCX_AGG@DF_SOCX_AGG(1.0),Social expenditure aggregates,I,DNK,Denmark,A,Annual,SOCX,Social expenditure,USD_PPP_PS,"US dollars per person, PPP converted",ES10,Public,K,In kind spending,TP31,Incapacity related,Q,Constant prices,2005,,593.697,,A,Normal value,0,Units,1,One,_Z,Not applicable,,
DATAFLOW,OECD.ELS.SPD:DSD_SOCX_AGG@DF_SOCX_AGG(1.0),Social expenditure aggregates,I,DNK,Denmark,A,Annual,SOCX,Social expenditure,USD_PPP_PS,"US dollars per person, PPP converted",ES10,Public,K,In kind spending,TP31,Incapacity related,Q,Constant prices,2006,,623.187,,A,Normal value,0,Units,1,One,_Z,Not applicable,,
DATAFLOW,OECD.ELS.SPD:DSD_SOCX_AGG@DF_SOCX_AGG(1.0),Social expenditure aggregates,I,DNK,Denmark,A,Annual,SOCX,Social expenditure,USD_PPP_PS,"US dollars per person, PPP converted",ES10,Public,K,In kind spending,TP31,Incapacity related,Q,Constant prices,2007,,939.874,,A,Normal value,0,Units,1,One,_Z,Not applicable,,
DATAFLOW,OECD.ELS.SPD:DSD_SOCX_AGG@DF_SOCX_AGG(1.0),Social expenditure aggregates,I,DNK,Denmark,A,Annual,SOCX,Social expenditure,USD_PPP_PS,"US dollars per person, PPP converted",ES10,Public,K,In kind spending,TP31,Incapacity related,Q,Constant prices,2008,,985.527,,A,Normal value,0,Units,1,One,_Z,Not applicable,,
DATAFLOW,OECD.ELS.SPD:DSD_SOCX_AGG@DF_SOCX_AGG(1.0),Social expenditure aggregates,I,DNK,Denmark,A,Annual,SOCX,Social expenditure,USD_PPP_PS,"US dollars per person, PPP converted",ES10,Public,K,In kind spending,TP31,Incapacity related,Q,Constant prices,2009,,1054.139,,A,Normal value,0,Units,1,One,_Z,Not applicable,,
DATAFLOW,OECD.ELS.SPD:DSD_SOCX_AGG@DF_SOCX_AGG(1.0),Social expenditure aggregates,I,DNK,Denmark,A,Annual,SOCX,Social expenditure,USD_PPP_PS,"US dollars per person, PPP converted",ES10,Public,K,In kind spending,TP31,Incapacity related,Q,Constant prices,2010,,1085.311,,A,Normal value,0,Units,1,One,_Z,Not applicable,,
DATAFLOW,OECD.ELS.SPD:DSD_SOCX_AGG@DF_SOCX_AGG(1.0),Social expenditure aggregates,I,DNK,Denmark,A,Annual,SOCX,Social expenditure,USD_PPP_PS,"US dollars per person, PPP converted",ES10,Public,K,In kind spending,TP31,Incapacity related,Q,Constant prices,2011,,1104.642,,A,Normal value,0,Units,1,One,_Z,Not applicable,,
DATAFLOW,OECD.ELS.SPD:DSD_SOCX_AGG@DF_SOCX_AGG(1.0),Social expenditure aggregates,I,DNK,Denmark,A,Annual,SOCX,Social expenditure,USD_PPP_PS,"US dollars per person, PPP converted",ES10,Public,K,In kind spending,TP31,Incapacity related,Q,Constant prices,2012,,1121.763,,A,Normal value,0,Units,1,One,_Z,Not applicable,,
DATAFLOW,OECD.ELS.SPD:DSD_SOCX_AGG@DF_SOCX_AGG(1.0),Social expenditure aggregates,I,DNK,Denmark,A,Annual,SOCX,Social expenditure,USD_PPP_PS,"US dollars per person, PPP converted",ES10,Public,K,In kind spending,TP31,Incapacity related,Q,Constant prices,2013,,1091.205,,A,Normal value,0,Units,1,One,_Z,Not applicable,,
DATAFLOW,OECD.ELS.SPD:DSD_SOCX_AGG@DF_SOCX_AGG(1.0),Social expenditure aggregates,I,DNK,Denmark,A,Annual,SOCX,Social expenditure,USD_PPP_PS,"US dollars per person, PPP converted",ES10,Public,K,In kind spending,TP31,Incapacity related,Q,Constant prices,2014,,1084.651,,A,Normal value,0,Units,1,One,_Z,Not applicable,,
DATAFLOW,OECD.ELS.SPD:DSD_SOCX_AGG@DF_SOCX_AGG(1.0),Social expenditure aggregates,I,DNK,Denmark,A,Annual,SOCX,Social expenditure,USD_PPP_PS,"US dollars per person, PPP converted",ES10,Public,K,In kind spending,TP31,Incapacity related,Q,Constant prices,2015,,1072.114,,A,Normal value,0,Units,1,One,_Z,Not applicable,,
DATAFLOW,OECD.ELS.SPD:DSD_SOCX_AGG@DF_SOCX_AGG(1.0),Social expenditure aggregates,I,DNK,Denmark,A,Annual,SOCX,Social expenditure,USD_PPP_PS,"US dollars per person, PPP converted",ES10,Public,K,In kind spending,TP31,Incapacity related,Q,Constant prices,2016,,1066.941,,A,Normal value,0,Units,1,One,_Z,Not applicable,,
DATAFLOW,OECD.ELS.SPD:DSD_SOCX_AGG@DF_SOCX_AGG(1.0),Social expenditure aggregates,I,DNK,Denmark,A,Annual,SOCX,Social expenditure,USD_PPP_PS,"US dollars per person, PPP converted",ES10,Public,K,In kind spending,TP31,Incapacity related,Q,Constant prices,2017,,1079.336,,A,Normal value,0,Units,1,One,_Z,Not applicable,,
DATAFLOW,OECD.ELS.SPD:DSD_SOCX_AGG@DF_SOCX_AGG(1.0),Social expenditure aggregates,I,DNK,Denmark,A,Annual,SOCX,Social expenditure,USD_PPP_PS,"US dollars per person, PPP converted",ES10,Public,K,In kind spending,TP31,Incapacity related,Q,Constant prices,2018,,987.193,,A,Normal value,0,Units,1,One,_Z,Not applicable,,
DATAFLOW,OECD.ELS.SPD:DSD_SOCX_AGG@DF_SOCX_AGG(1.0),Social expenditure aggregates,I,DNK,Denmark,A,Annual,SOCX,Social expenditure,USD_PPP_PS,"US dollars per person, PPP converted",ES10,Public,K,In kind spending,TP31,Incapacity related,Q,Constant prices,2019,,1009.899,,A,Normal value,0,Units,1,One,_Z,Not applicable,,
DATAFLOW,OECD.ELS.SPD:DSD_SOCX_AGG@DF_SOCX_AGG(1.0),Social expenditure aggregates,I,DNK,Denmark,A,Annual,SOCX,Social expenditure,USD_PPP_PS,"US dollars per person, PPP converted",ES10,Public,K,In kind spending,TP31,Incapacity related,Q,Constant prices,2020,,997.488,,A,Normal value,0,Units,1,One,_Z,Not applicable,,
DATAFLOW,OECD.ELS.SPD:DSD_SOCX_AGG@DF_SOCX_AGG(1.0),Social expenditure aggregates,I,DNK,Denmark,A,Annual,SOCX,Social expenditure,USD_PPP_PS,"US dollars per person, PPP converted",ES10,Public,K,In kind spending,TP31,Incapacity related,Q,Constant prices,2021,,1026.591,,A,Normal value,0,Units,1,One,_Z,Not applicable,,
DATAFLOW,OECD.ELS.SPD:DSD_SOCX_AGG@DF_SOCX_AGG(1.0),Social expenditure aggregates,I,AUS,Australia,A,Annual,SOCX,Social expenditure,USD_PPP_PS,"US dollars per person, PPP converted",ES10,Public,K,In kind spending,TP31,Incapacity related,Q,Constant prices,1990,,6.837,,A,Normal value,0,Units,1,One,_Z,Not applicable,,
DATAFLOW,OECD.ELS.SPD:DSD_SOCX_AGG@DF_SOCX_AGG(1.0),Social expenditure aggregates,I,AUS,Australia,A,Annual,SOCX,Social expenditure,USD_PPP_PS,"US dollars per person, PPP converted",ES10,Public,K,In kind spending,TP31,Incapacity related,Q,Constant prices,1991,,7.778,,A,Normal value,0,Units,1,One,_Z,Not applicable,,
DATAFLOW,OECD.ELS.SPD:DSD_SOCX_AGG@DF_SOCX_AGG(1.0),Social expenditure aggregates,I,AUS,Australia,A,Annual,SOCX,Social expenditure,USD_PPP_PS,"US dollars per person, PPP converted",ES10,Public,K,In kind spending,TP31,Incapacity related,Q,Constant prices,1992,,108.262,,A,Normal value,0,Units,1,One,_Z,Not applicable,,
DATAFLOW,OECD.ELS.SPD:DSD_SOCX_AGG@DF_SOCX_AGG(1.0),Social expenditure aggregates,I,AUS,Australia,A,Annual,SOCX,Social expenditure,USD_PPP_PS,"US dollars per person, PPP converted",ES10,Public,K,In kind spending,TP31,Incapacity related,Q,Constant prices,2017,,165.801,,A,Normal value,0,Units,1,One,_Z,Not applicable,,
DATAFLOW,OECD.ELS.SPD:DSD_SOCX_AGG@DF_SOCX_AGG(1.0),Social expenditure aggregates,I,AUS,Australia,A,Annual,SOCX,Social expenditure,USD_PPP_PS,"US dollars per person, PPP converted",ES10,Public,K,In kind spending,TP31,Incapacity related,Q,Constant prices,2018,,89.894,,A,Normal value,0,Units,1,One,_Z,Not applicable,,
DATAFLOW,OECD.ELS.SPD:DSD_SOCX_AGG@DF_SOCX_AGG(1.0),Social expenditure aggregates,I,AUS,Australia,A,Annual,SOCX,Social expenditure,USD_PPP_PS,"US dollars per person, PPP converted",ES10,Public,K,In kind spending,TP31,Incapacity related,Q,Constant prices,2019,,440.405,,A,Normal value,0,Units,1,One,_Z,Not applicable,,
DATAFLOW,OECD.ELS.SPD:DSD_SOCX_AGG@DF_SOCX_AGG(1.0),Social expenditure aggregates,I,AUS,Australia,A,Annual,SOCX,Social expenditure,USD_PPP_PS,"US dollars per person, PPP converted",ES10,Public,K,In kind spending,TP31,Incapacity related,Q,Constant prices,2020,,566.016,,A,Normal value,0,Units,1,One,_Z,Not applicable,,
DATAFLOW,OECD.ELS.SPD:DSD_SOCX_AGG@DF_SOCX_AGG(1.0),Social expenditure aggregates,I,AUS,Australia,A,Annual,SOCX,Social expenditure,USD_PPP_PS,"US dollars per person, PPP converted",ES10,Public,K,In kind spending,TP31,Incapacity related,Q,Constant prices,2021,,679.901,,A,Normal value,0,Units,1,One,_Z,Not applicable,,
DATAFLOW,OECD.ELS.SPD:DSD_SOCX_AGG@DF_SOCX_AGG(1.0),Social expenditure aggregates,I,AUS,Australia,A,Annual,SOCX,Social expenditure,USD_PPP_PS,"US dollars per person, PPP converted",ES10,Public,K,In kind spending,TP31,Incapacity related,Q,Constant prices,2022,,723.822,,A,Normal value,0,Units,1,One,_Z,Not applicable,,
DATAFLOW,OECD.ELS.SPD:DSD_SOCX_AGG@DF_SOCX_AGG(1.0),Social expenditure aggregates,I,AUS,Australia,A,Annual,SOCX,Social expenditure,USD_PPP_PS,"US dollars per person, PPP converted",ES10,Public,_T,Total,TP31,Incapacity related,Q,Constant prices,1990,,514.456,,A,Normal value,0,Units,1,One,_Z,Not applicable,,
DATAFLOW,OECD.ELS.SPD:DSD_SOCX_AGG@DF_SOCX_AGG(1.0),Social expenditure aggregates,I,AUS,Australia,A,Annual,SOCX,Social expenditure,USD_PPP_PS,"US dollars per person, PPP converted",ES10,Public,_T,Total,TP31,Incapacity related,Q,Constant prices,1991,,476.286,,A,Normal value,0,Units,1,One,_Z,Not applicable,,
DATAFLOW,OECD.ELS.SPD:DSD_SOCX_AGG@DF_SOCX_AGG(1.0),Social expenditure aggregates,I,AUS,Australia,A,Annual,SOCX,Social expenditure,USD_PPP_PS,"US dollars per person, PPP converted",ES10,Public,_T,Total,TP31,Incapacity related,Q,Constant prices,1992,,659.124,,A,Normal value,0,Units,1,One,_Z,Not applicable,,
DATAFLOW,OECD.ELS.SPD:DSD_SOCX_AGG@DF_SOCX_AGG(1.0),Social expenditure aggregates,I,AUS,Australia,A,Annual,SOCX,Social expenditure,USD_PPP_PS,"US dollars per person, PPP converted",ES10,Public,_T,Total,TP31,Incapacity related,Q,Constant prices,2017,,1083.797,,A,Normal value,0,Units,1,One,_Z,Not applicable,,
DATAFLOW,OECD.ELS.SPD:DSD_SOCX_AGG@DF_SOCX_AGG(1.0),Social expenditure aggregates,I,AUS,Australia,A,Annual,SOCX,Social expenditure,USD_PPP_PS,"US dollars per person, PPP converted",ES10,Public,_T,Total,TP31,Incapacity related,Q,Constant prices,2018,,986.658,,A,Normal value,0,Units,1,One,_Z,Not applicable,,
DATAFLOW,OECD.ELS.SPD:DSD_SOCX_AGG@DF_SOCX_AGG(1.0),Social expenditure aggregates,I,AUS,Australia,A,Annual,SOCX,Social expenditure,USD_PPP_PS,"US dollars per person, PPP converted",ES10,Public,_T,Total,TP31,Incapacity related,Q,Constant prices,2019,,1369.375,,A,Normal value,0,Units,1,One,_Z,Not applicable,,
DATAFLOW,OECD.ELS.SPD:DSD_SOCX_AGG@DF_SOCX_AGG(1.0),Social expenditure aggregates,I,AUS,Australia,A,Annual,SOCX,Social expenditure,USD_PPP_PS,"US dollars per person, PPP converted",ES10,Public,_T,Total,TP31,Incapacity related,Q,Constant prices,2020,,1500.427,,A,Normal value,0,Units,1,One,_Z,Not applicable,,
DATAFLOW,OECD.ELS.SPD:DSD_SOCX_AGG@DF_SOCX_AGG(1.0),Social expenditure aggregates,I,AUS,Australia,A,Annual,SOCX,Social expenditure,USD_PPP_PS,"US dollars per person, PPP converted",ES10,Public,_T,Total,TP31,Incapacity related,Q,Constant prices,2021,,1566.477,,A,Normal value,0,Units,1,One,_Z,Not applicable,,
DATAFLOW,OECD.ELS.SPD:DSD_SOCX_AGG@DF_SOCX_AGG(1.0),Social expenditure aggregates,I,AUS,Australia,A,Annual,SOCX,Social expenditure,USD_PPP_PS,"US dollars per person, PPP converted",ES10,Public,_T,Total,TP31,Incapacity related,Q,Constant prices,2022,,1590.577,,A,Normal value,0,Units,1,One,_Z,Not applicable,,
DATAFLOW,OECD.ELS.SPD:DSD_SOCX_AGG@DF_SOCX_AGG(1.0),Social expenditure aggregates,I,DNK,Denmark,A,Annual,SOCX,Social expenditure,USD_PPP_PS,"US dollars per person, PPP converted",ES10,Public,_T,Total,TP31,Incapacity related,Q,Constant prices,1990,,1329.241,,A,Normal value,0,Units,1,One,_Z,Not applicable,,
DATAFLOW,OECD.ELS.SPD:DSD_SOCX_AGG@DF_SOCX_AGG(1.0),Social expenditure aggregates,I,DNK,Denmark,A,Annual,SOCX,Social expenditure,USD_PPP_PS,"US dollars per person, PPP converted",ES10,Public,_T,Total,TP31,Incapacity related,Q,Constant prices,1991,,1323.61,,A,Normal value,0,Units,1,One,_Z,Not applicable,,
DATAFLOW,OECD.ELS.SPD:DSD_SOCX_AGG@DF_SOCX_AGG(1.0),Social expenditure aggregates,I,DNK,Denmark,A,Annual,SOCX,Social expenditure,USD_PPP_PS,"US dollars per person, PPP converted",ES10,Public,_T,Total,TP31,Incapacity related,Q,Constant prices,1992,,1335.78,,A,Normal value,0,Units,1,One,_Z,Not applicable,,
DATAFLOW,OECD.ELS.SPD:DSD_SOCX_AGG@DF_SOCX_AGG(1.0),Social expenditure aggregates,I,DNK,Denmark,A,Annual,SOCX,Social expenditure,USD_PPP_PS,"US dollars per person, PPP converted",ES10,Public,_T,Total,TP31,Incapacity related,Q,Constant prices,1993,,1428.003,,A,Normal value,0,Units,1,One,_Z,Not applicable,,
DATAFLOW,OECD.ELS.SPD:DSD_SOCX_AGG@DF_SOCX_AGG(1.0),Social expenditure aggregates,I,DNK,Denmark,A,Annual,SOCX,Social expenditure,USD_PPP_PS,"US dollars per person, PPP converted",ES10,Public,_T,Total,TP31,Incapacity related,Q,Constant prices,1994,,1491.943,,A,Normal value,0,Units,1,One,_Z,Not applicable,,
DATAFLOW,OECD.ELS.SPD:DSD_SOCX_AGG@DF_SOCX_AGG(1.0),Social expenditure aggregates,I,DNK,Denmark,A,Annual,SOCX,Social expenditure,USD_PPP_PS,"US dollars per person, PPP converted",ES10,Public,_T,Total,TP31,Incapacity related,Q,Constant prices,1995,,1644.132,,A,Normal value,0,Units,1,One,_Z,Not applicable,,
DATAFLOW,OECD.ELS.SPD:DSD_SOCX_AGG@DF_SOCX_AGG(1.0),Social expenditure aggregates,I,DNK,Denmark,A,Annual,SOCX,Social expenditure,USD_PPP_PS,"US dollars per person, PPP converted",ES10,Public,_T,Total,TP31,Incapacity related,Q,Constant prices,1996,,1653.429,,A,Normal value,0,Units,1,One,_Z,Not applicable,,
DATAFLOW,OECD.ELS.SPD:DSD_SOCX_AGG@DF_SOCX_AGG(1.0),Social expenditure aggregates,I,DNK,Denmark,A,Annual,SOCX,Social expenditure,USD_PPP_PS,"US dollars per person, PPP converted",ES10,Public,_T,Total,TP31,Incapacity related,Q,Constant prices,1997,,1635.842,,A,Normal value,0,Units,1,One,_Z,Not applicable,,
DATAFLOW,OECD.ELS.SPD:DSD_SOCX_AGG@DF_SOCX_AGG(1.0),Social expenditure aggregates,I,DNK,Denmark,A,Annual,SOCX,Social expenditure,USD_PPP_PS,"US dollars per person, PPP converted",ES10,Public,_T,Total,TP31,Incapacity related,Q,Constant prices,1998,,1704.437,,A,Normal value,0,Units,1,One,_Z,Not applicable,,
DATAFLOW,OECD.ELS.SPD:DSD_SOCX_AGG@DF_SOCX_AGG(1.0),Social expenditure aggregates,I,DNK,Denmark,A,Annual,SOCX,Social expenditure,USD_PPP_PS,"US dollars per person, PPP converted",ES10,Public,_T,Total,TP31,Incapacity related,Q,Constant prices,1999,,1755.404,,A,Normal value,0,Units,1,One,_Z,Not applicable,,
DATAFLOW,OECD.ELS.SPD:DSD_SOCX_AGG@DF_SOCX_AGG(1.0),Social expenditure aggregates,I,DNK,Denmark,A,Annual,SOCX,Social expenditure,USD_PPP_PS,"US dollars per person, PPP converted",ES10,Public,_T,Total,TP31,Incapacity related,Q,Constant prices,2000,,1728.944,,A,Normal value,0,Units,1,One,_Z,Not applicable,,
DATAFLOW,OECD.ELS.SPD:DSD_SOCX_AGG@DF_SOCX_AGG(1.0),Social expenditure aggregates,I,DNK,Denmark,A,Annual,SOCX,Social expenditure,USD_PPP_PS,"US dollars per person, PPP converted",ES10,Public,_T,Total,TP31,Incapacity related,Q,Constant prices,2001,,1818.233,,A,Normal value,0,Units,1,One,_Z,Not applicable,,
DATAFLOW,OECD.ELS.SPD:DSD_SOCX_AGG@DF_SOCX_AGG(1.0),Social expenditure aggregates,I,DNK,Denmark,A,Annual,SOCX,Social expenditure,USD_PPP_PS,"US dollars per person, PPP converted",ES10,Public,_T,Total,TP31,Incapacity related,Q,Constant prices,2002,,1916.127,,A,Normal value,0,Units,1,One,_Z,Not applicable,,
DATAFLOW,OECD.ELS.SPD:DSD_SOCX_AGG@DF_SOCX_AGG(1.0),Social expenditure aggregates,I,DNK,Denmark,A,Annual,SOCX,Social expenditure,USD_PPP_PS,"US dollars per person, PPP converted",ES10,Public,_T,Total,TP31,Incapacity related,Q,Constant prices,2003,,2006.355,,A,Normal value,0,Units,1,One,_Z,Not applicable,,
DATAFLOW,OECD.ELS.SPD:DSD_SOCX_AGG@DF_SOCX_AGG(1.0),Social expenditure aggregates,I,DNK,Denmark,A,Annual,SOCX,Social expenditure,USD_PPP_PS,"US dollars per person, PPP converted",ES10,Public,_T,Total,TP31,Incapacity related,Q,Constant prices,2004,,2055.837,,A,Normal value,0,Units,1,One,_Z,Not applicable,,
DATAFLOW,OECD.ELS.SPD:DSD_SOCX_AGG@DF_SOCX_AGG(1.0),Social expenditure aggregates,I,DNK,Denmark,A,Annual,SOCX,Social expenditure,USD_PPP_PS,"US dollars per person, PPP converted",ES10,Public,_T,Total,TP31,Incapacity related,Q,Constant prices,2005,,2116.562,,A,Normal value,0,Units,1,One,_Z,Not applicable,,
DATAFLOW,OECD.ELS.SPD:DSD_SOCX_AGG@DF_SOCX_AGG(1.0),Social expenditure aggregates,I,DNK,Denmark,A,Annual,SOCX,Social expenditure,USD_PPP_PS,"US dollars per person, PPP converted",ES10,Public,_T,Total,TP31,Incapacity related,Q,Constant prices,2006,,2174.802,,A,Normal value,0,Units,1,One,_Z,Not applicable,,
DATAFLOW,OECD.ELS.SPD:DSD_SOCX_AGG@DF_SOCX_AGG(1.0),Social expenditure aggregates,I,DNK,Denmark,A,Annual,SOCX,Social expenditure,USD_PPP_PS,"US dollars per person, PPP converted",ES10,Public,_T,Total,TP31,Incapacity related,Q,Constant prices,2007,,2666.732,,A,Normal value,0,Units,1,One,_Z,Not applicable,,
DATAFLOW,OECD.ELS.SPD:DSD_SOCX_AGG@DF_SOCX_AGG(1.0),Social expenditure aggregates,I,DNK,Denmark,A,Annual,SOCX,Social expenditure,USD_PPP_PS,"US dollars per person, PPP converted",ES10,Public,_T,Total,TP31,Incapacity related,Q,Constant prices,2008,,2651.046,,A,Normal value,0,Units,1,One,_Z,Not applicable,,
DATAFLOW,OECD.ELS.SPD:DSD_SOCX_AGG@DF_SOCX_AGG(1.0),Social expenditure aggregates,I,DNK,Denmark,A,Annual,SOCX,Social expenditure,USD_PPP_PS,"US dollars per person, PPP converted",ES10,Public,_T,Total,TP31,Incapacity related,Q,Constant prices,2009,,2721.879,,A,Normal value,0,Units,1,One,_Z,Not applicable,,
DATAFLOW,OECD.ELS.SPD:DSD_SOCX_AGG@DF_SOCX_AGG(1.0),Social expenditure aggregates,I,DNK,Denmark,A,Annual,SOCX,Social expenditure,USD_PPP_PS,"US dollars per person, PPP converted",ES10,Public,_T,Total,TP31,Incapacity related,Q,Constant prices,2010,,2778.431,,A,Normal value,0,Units,1,One,_Z,Not applicable,,
DATAFLOW,OECD.ELS.SPD:DSD_SOCX_AGG@DF_SOCX_AGG(1.0),Social expenditure aggregates,I,DNK,Denmark,A,Annual,SOCX,Social expenditure,USD_PPP_PS,"US dollars per person, PPP converted",ES10,Public,_T,Total,TP31,Incapacity related,Q,Constant prices,2011,,2770.199,,A,Normal value,0,Units,1,One,_Z,Not applicable,,
DATAFLOW,OECD.ELS.SPD:DSD_SOCX_AGG@DF_SOCX_AGG(1.0),Social expenditure aggregates,I,DNK,Denmark,A,Annual,SOCX,Social expenditure,USD_PPP_PS,"US dollars per person, PPP converted",ES10,Public,_T,Total,TP31,Incapacity related,Q,Constant prices,2012,,2759.186,,A,Normal value,0,Units,1,One,_Z,Not applicable,,
DATAFLOW,OECD.ELS.SPD:DSD_SOCX_AGG@DF_SOCX_AGG(1.0),Social expenditure aggregates,I,DNK,Denmark,A,Annual,SOCX,Social expenditure,USD_PPP_PS,"US dollars per person, PPP converted",ES10,Public,_T,Total,TP31,Incapacity related,Q,Constant prices,2013,,2667.553,,A,Normal value,0,Units,1,One,_Z,Not applicable,,
DATAFLOW,OECD.ELS.SPD:DSD_SOCX_AGG@DF_SOCX_AGG(1.0),Social expenditure aggregates,I,DNK,Denmark,A,Annual,SOCX,Social expenditure,USD_PPP_PS,"US dollars per person, PPP converted",ES10,Public,_T,Total,TP31,Incapacity related,Q,Constant prices,2014,,2609.358,,A,Normal value,0,Units,1,One,_Z,Not applicable,,
DATAFLOW,OECD.ELS.SPD:DSD_SOCX_AGG@DF_SOCX_AGG(1.0),Social expenditure aggregates,I,DNK,Denmark,A,Annual,SOCX,Social expenditure,USD_PPP_PS,"US dollars per person, PPP converted",ES10,Public,_T,Total,TP31,Incapacity related,Q,Constant prices,2015,,2553.97,,A,Normal value,0,Units,1,One,_Z,Not applicable,,
DATAFLOW,OECD.ELS.SPD:DSD_SOCX_AGG@DF_SOCX_AGG(1.0),Social expenditure aggregates,I,DNK,Denmark,A,Annual,SOCX,Social expenditure,USD_PPP_PS,"US dollars per person, PPP converted",ES10,Public,_T,Total,TP31,Incapacity related,Q,Constant prices,2016,,2474.941,,A,Normal value,0,Units,1,One,_Z,Not applicable,,
DATAFLOW,OECD.ELS.SPD:DSD_SOCX_AGG@DF_SOCX_AGG(1.0),Social expenditure aggregates,I,DNK,Denmark,A,Annual,SOCX,Social expenditure,USD_PPP_PS,"US dollars per person, PPP converted",ES10,Public,_T,Total,TP31,Incapacity related,Q,Constant prices,2017,,2489.672,,A,Normal value,0,Units,1,One,_Z,Not applicable,,
DATAFLOW,OECD.ELS.SPD:DSD_SOCX_AGG@DF_SOCX_AGG(1.0),Social expenditure aggregates,I,DNK,Denmark,A,Annual,SOCX,Social expenditure,USD_PPP_PS,"US dollars per person, PPP converted",ES10,Public,_T,Total,TP31,Incapacity related,Q,Constant prices,2018,,2377.951,,A,Normal value,0,Units,1,One,_Z,Not applicable,,
DATAFLOW,OECD.ELS.SPD:DSD_SOCX_AGG@DF_SOCX_AGG(1.0),Social expenditure aggregates,I,DNK,Denmark,A,Annual,SOCX,Social expenditure,USD_PPP_PS,"US dollars per person, PPP converted",ES10,Public,_T,Total,TP31,Incapacity related,Q,Constant prices,2019,,2442.804,,A,Normal value,0,Units,1,One,_Z,Not applicable,,
DATAFLOW,OECD.ELS.SPD:DSD_SOCX_AGG@DF_SOCX_AGG(1.0),Social expenditure aggregates,I,DNK,Denmark,A,Annual,SOCX,Social expenditure,USD_PPP_PS,"US dollars per person, PPP converted",ES10,Public,_T,Total,TP31,Incapacity related,Q,Constant prices,2020,,2500.482,,A,Normal value,0,Units,1,One,_Z,Not applicable,,
DATAFLOW,OECD.ELS.SPD:DSD_SOCX_AGG@DF_SOCX_AGG(1.0),Social expenditure aggregates,I,DNK,Denmark,A,Annual,SOCX,Social expenditure,USD_PPP_PS,"US dollars per person, PPP converted",ES10,Public,_T,Total,TP31,Incapacity related,Q,Constant prices,2021,,2609.051,,A,Normal value,0,Units,1,One,_Z,Not applicable,,
DATAFLOW,OECD.ELS.SPD:DSD_SOCX_AGG@DF_SOCX_AGG(1.0),Social expenditure aggregates,I,CAN,Canada,A,Annual,SOCX,Social expenditure,USD_PPP_PS,"US dollars per person, PPP converted",ES10,Public,_T,Total,TP31,Incapacity related,Q,Constant prices,1990,,371.542,,A,Normal value,0,Units,1,One,_Z,Not applicable,,
DATAFLOW,OECD.ELS.SPD:DSD_SOCX_AGG@DF_SOCX_AGG(1.0),Social expenditure aggregates,I,CAN,Canada,A,Annual,SOCX,Social expenditure,USD_PPP_PS,"US dollars per person, PPP converted",ES10,Public,_T,Total,TP31,Incapacity related,Q,Constant prices,1991,,398.003,,A,Normal value,0,Units,1,One,_Z,Not applicable,,
DATAFLOW,OECD.ELS.SPD:DSD_SOCX_AGG@DF_SOCX_AGG(1.0),Social expenditure aggregates,I,CAN,Canada,A,Annual,SOCX,Social expenditure,USD_PPP_PS,"US dollars per person, PPP converted",ES10,Public,_T,Total,TP31,Incapacity related,Q,Constant prices,1992,,414.95,,A,Normal value,0,Units,1,One,_Z,Not applicable,,
DATAFLOW,OECD.ELS.SPD:DSD_SOCX_AGG@DF_SOCX_AGG(1.0),Social expenditure aggregates,I,CAN,Canada,A,Annual,SOCX,Social expenditure,USD_PPP_PS,"US dollars per person, PPP converted",ES10,Public,_T,Total,TP31,Incapacity related,Q,Constant prices,1993,,416.353,,A,Normal value,0,Units,1,One,_Z,Not applicable,,
DATAFLOW,OECD.ELS.SPD:DSD_SOCX_AGG@DF_SOCX_AGG(1.0),Social expenditure aggregates,I,CAN,Canada,A,Annual,SOCX,Social expenditure,USD_PPP_PS,"US dollars per person, PPP converted",ES10,Public,_T,Total,TP31,Incapacity related,Q,Constant prices,1994,,409.625,,A,Normal value,0,Units,1,One,_Z,Not applicable,,
DATAFLOW,OECD.ELS.SPD:DSD_SOCX_AGG@DF_SOCX_AGG(1.0),Social expenditure aggregates,I,CAN,Canada,A,Annual,SOCX,Social expenditure,USD_PPP_PS,"US dollars per person, PPP converted",ES10,Public,_T,Total,TP31,Incapacity related,Q,Constant prices,1995,,381.658,,A,Normal value,0,Units,1,One,_Z,Not applicable,,
DATAFLOW,OECD.ELS.SPD:DSD_SOCX_AGG@DF_SOCX_AGG(1.0),Social expenditure aggregates,I,CAN,Canada,A,Annual,SOCX,Social expenditure,USD_PPP_PS,"US dollars per person, PPP converted",ES10,Public,_T,Total,TP31,Incapacity related,Q,Constant prices,1996,,369.22,,A,Normal value,0,Units,1,One,_Z,Not applicable,,
DATAFLOW,OECD.ELS.SPD:DSD_SOCX_AGG@DF_SOCX_AGG(1.0),Social expenditure aggregates,I,CAN,Canada,A,Annual,SOCX,Social expenditure,USD_PPP_PS,"US dollars per person, PPP converted",ES10,Public,_T,Total,TP31,Incapacity related,Q,Constant prices,1997,,360.859,,A,Normal value,0,Units,1,One,_Z,Not applicable,,
DATAFLOW,OECD.ELS.SPD:DSD_SOCX_AGG@DF_SOCX_AGG(1.0),Social expenditure aggregates,I,CAN,Canada,A,Annual,SOCX,Social expenditure,USD_PPP_PS,"US dollars per person, PPP converted",ES10,Public,_T,Total,TP31,Incapacity related,Q,Constant prices,1998,,364.499,,A,Normal value,0,Units,1,One,_Z,Not applicable,,
DATAFLOW,OECD.ELS.SPD:DSD_SOCX_AGG@DF_SOCX_AGG(1.0),Social expenditure aggregates,I,CAN,Canada,A,Annual,SOCX,Social expenditure,USD_PPP_PS,"US dollars per person, PPP converted",ES10,Public,_T,Total,TP31,Incapacity related,Q,Constant prices,1999,,362.457,,A,Normal value,0,Units,1,One,_Z,Not applicable,,
DATAFLOW,OECD.ELS.SPD:DSD_SOCX_AGG@DF_SOCX_AGG(1.0),Social expenditure aggregates,I,CAN,Canada,A,Annual,SOCX,Social expenditure,USD_PPP_PS,"US dollars per person, PPP converted",ES10,Public,_T,Total,TP31,Incapacity related,Q,Constant prices,2000,,367.099,,A,Normal value,0,Units,1,One,_Z,Not applicable,,
DATAFLOW,OECD.ELS.SPD:DSD_SOCX_AGG@DF_SOCX_AGG(1.0),Social expenditure aggregates,I,CAN,Canada,A,Annual,SOCX,Social expenditure,USD_PPP_PS,"US dollars per person, PPP converted",ES10,Public,_T,Total,TP31,Incapacity related,Q,Constant prices,2001,,380.583,,A,Normal value,0,Units,1,One,_Z,Not applicable,,
DATAFLOW,OECD.ELS.SPD:DSD_SOCX_AGG@DF_SOCX_AGG(1.0),Social expenditure aggregates,I,CAN,Canada,A,Annual,SOCX,Social expenditure,USD_PPP_PS,"US dollars per person, PPP converted",ES10,Public,_T,Total,TP31,Incapacity related,Q,Constant prices,2002,,394.016,,A,Normal value,0,Units,1,One,_Z,Not applicable,,
DATAFLOW,OECD.ELS.SPD:DSD_SOCX_AGG@DF_SOCX_AGG(1.0),Social expenditure aggregates,I,CAN,Canada,A,Annual,SOCX,Social expenditure,USD_PPP_PS,"US dollars per person, PPP converted",ES10,Public,_T,Total,TP31,Incapacity related,Q,Constant prices,2003,,386.684,,A,Normal value,0,Units,1,One,_Z,Not applicable,,
DATAFLOW,OECD.ELS.SPD:DSD_SOCX_AGG@DF_SOCX_AGG(1.0),Social expenditure aggregates,I,CAN,Canada,A,Annual,SOCX,Social expenditure,USD_PPP_PS,"US dollars per person, PPP converted",ES10,Public,_T,Total,TP31,Incapacity related,Q,Constant prices,2004,,383.243,,A,Normal value,0,Units,1,One,_Z,Not applicable,,
DATAFLOW,OECD.ELS.SPD:DSD_SOCX_AGG@DF_SOCX_AGG(1.0),Social expenditure aggregates,I,CAN,Canada,A,Annual,SOCX,Social expenditure,USD_PPP_PS,"US dollars per person, PPP converted",ES10,Public,_T,Total,TP31,Incapacity related,Q,Constant prices,2005,,383.817,,A,Normal value,0,Units,1,One,_Z,Not applicable,,
DATAFLOW,OECD.ELS.SPD:DSD_SOCX_AGG@DF_SOCX_AGG(1.0),Social expenditure aggregates,I,CAN,Canada,A,Annual,SOCX,Social expenditure,USD_PPP_PS,"US dollars per person, PPP converted",ES10,Public,_T,Total,TP31,Incapacity related,Q,Constant prices,2006,,380.181,,A,Normal value,0,Units,1,One,_Z,Not applicable,,
DATAFLOW,OECD.ELS.SPD:DSD_SOCX_AGG@DF_SOCX_AGG(1.0),Social expenditure aggregates,I,CAN,Canada,A,Annual,SOCX,Social expenditure,USD_PPP_PS,"US dollars per person, PPP converted",ES10,Public,_T,Total,TP31,Incapacity related,Q,Constant prices,2007,,378.803,,A,Normal value,0,Units,1,One,_Z,Not applicable,,
DATAFLOW,OECD.ELS.SPD:DSD_SOCX_AGG@DF_SOCX_AGG(1.0),Social expenditure aggregates,I,CAN,Canada,A,Annual,SOCX,Social expenditure,USD_PPP_PS,"US dollars per person, PPP converted",ES10,Public,_T,Total,TP31,Incapacity related,Q,Constant prices,2008,,378.155,,A,Normal value,0,Units,1,One,_Z,Not applicable,,
DATAFLOW,OECD.ELS.SPD:DSD_SOCX_AGG@DF_SOCX_AGG(1.0),Social expenditure aggregates,I,CAN,Canada,A,Annual,SOCX,Social expenditure,USD_PPP_PS,"US dollars per person, PPP converted",ES10,Public,_T,Total,TP31,Incapacity related,Q,Constant prices,2009,,386.98,,A,Normal value,0,Units,1,One,_Z,Not applicable,,
DATAFLOW,OECD.ELS.SPD:DSD_SOCX_AGG@DF_SOCX_AGG(1.0),Social expenditure aggregates,I,CAN,Canada,A,Annual,SOCX,Social expenditure,USD_PPP_PS,"US dollars per person, PPP converted",ES10,Public,_T,Total,TP31,Incapacity related,Q,Constant prices,2010,,375.393,,A,Normal value,0,Units,1,One,_Z,Not applicable,,
DATAFLOW,OECD.ELS.SPD:DSD_SOCX_AGG@DF_SOCX_AGG(1.0),Social expenditure aggregates,I,CAN,Canada,A,Annual,SOCX,Social expenditure,USD_PPP_PS,"US dollars per person, PPP converted",ES10,Public,_T,Total,TP31,Incapacity related,Q,Constant prices,2011,,366.712,,A,Normal value,0,Units,1,One,_Z,Not applicable,,
DATAFLOW,OECD.ELS.SPD:DSD_SOCX_AGG@DF_SOCX_AGG(1.0),Social expenditure aggregates,I,CAN,Canada,A,Annual,SOCX,Social expenditure,USD_PPP_PS,"US dollars per person, PPP converted",ES10,Public,_T,Total,TP31,Incapacity related,Q,Constant prices,2012,,361.034,,A,Normal value,0,Units,1,One,_Z,Not applicable,,
DATAFLOW,OECD.ELS.SPD:DSD_SOCX_AGG@DF_SOCX_AGG(1.0),Social expenditure aggregates,I,CAN,Canada,A,Annual,SOCX,Social expenditure,USD_PPP_PS,"US dollars per person, PPP converted",ES10,Public,_T,Total,TP31,Incapacity related,Q,Constant prices,2013,,350.574,,A,Normal value,0,Units,1,One,_Z,Not applicable,,
DATAFLOW,OECD.ELS.SPD:DSD_SOCX_AGG@DF_SOCX_AGG(1.0),Social expenditure aggregates,I,CAN,Canada,A,Annual,SOCX,Social expenditure,USD_PPP_PS,"US dollars per person, PPP converted",ES10,Public,_T,Total,TP31,Incapacity related,Q,Constant prices,2014,,345.404,,A,Normal value,0,Units,1,One,_Z,Not applicable,,
DATAFLOW,OECD.ELS.SPD:DSD_SOCX_AGG@DF_SOCX_AGG(1.0),Social expenditure aggregates,I,CAN,Canada,A,Annual,SOCX,Social expenditure,USD_PPP_PS,"US dollars per person, PPP converted",ES10,Public,_T,Total,TP31,Incapacity related,Q,Constant prices,2015,,339.771,,A,Normal value,0,Units,1,One,_Z,Not applicable,,
DATAFLOW,OECD.ELS.SPD:DSD_SOCX_AGG@DF_SOCX_AGG(1.0),Social expenditure aggregates,I,CAN,Canada,A,Annual,SOCX,Social expenditure,USD_PPP_PS,"US dollars per person, PPP converted",ES10,Public,_T,Total,TP31,Incapacity related,Q,Constant prices,2016,,335.641,,A,Normal value,0,Units,1,One,_Z,Not applicable,,
DATAFLOW,OECD.ELS.SPD:DSD_SOCX_AGG@DF_SOCX_AGG(1.0),Social expenditure aggregates,I,CAN,Canada,A,Annual,SOCX,Social expenditure,USD_PPP_PS,"US dollars per person, PPP converted",ES10,Public,_T,Total,TP31,Incapacity related,Q,Constant prices,2017,,334.881,,A,Normal value,0,Units,1,One,_Z,Not applicable,,
DATAFLOW,OECD.ELS.SPD:DSD_SOCX_AGG@DF_SOCX_AGG(1.0),Social expenditure aggregates,I,CAN,Canada,A,Annual,SOCX,Social expenditure,USD_PPP_PS,"US dollars per person, PPP converted",ES10,Public,_T,Total,TP31,Incapacity related,Q,Constant prices,2018,,332.495,,A,Normal value,0,Units,1,One,_Z,Not applicable,,
DATAFLOW,OECD.ELS.SPD:DSD_SOCX_AGG@DF_SOCX_AGG(1.0),Social expenditure aggregates,I,CAN,Canada,A,Annual,SOCX,Social expenditure,USD_PPP_PS,"US dollars per person, PPP converted",ES10,Public,_T,Total,TP31,Incapacity related,Q,Constant prices,2019,,338.559,,A,Normal value,0,Units,1,One,_Z,Not applicable,,
DATAFLOW,OECD.ELS.SPD:DSD_SOCX_AGG@DF_SOCX_AGG(1.0),Social expenditure aggregates,I,CAN,Canada,A,Annual,SOCX,Social expenditure,USD_PPP_PS,"US dollars per person, PPP converted",ES10,Public,_T,Total,TP31,Incapacity related,Q,Constant prices,2020,,332.499,,A,Normal value,0,Units,1,One,_Z,Not applicable,,
DATAFLOW,OECD.ELS.SPD:DSD_SOCX_AGG@DF_SOCX_AGG(1.0),Social expenditure aggregates,I,CAN,Canada,A,Annual,SOCX,Social expenditure,USD_PPP_PS,"US dollars per person, PPP converted",ES10,Public,_T,Total,TP31,Incapacity related,Q,Constant prices,2021,,321.034,,A,Normal value,0,Units,1,One,_Z,Not applicable,,
DATAFLOW,OECD.ELS.SPD:DSD_SOCX_AGG@DF_SOCX_AGG(1.0),Social expenditure aggregates,I,CAN,Canada,A,Annual,SOCX,Social expenditure,USD_PPP_PS,"US dollars per person, PPP converted",ES10,Public,_T,Total,TP31,Incapacity related,Q,Constant prices,2022,,290.659,,A,Normal value,0,Units,1,One,_Z,Not applicable,,
DATAFLOW,OECD.ELS.SPD:DSD_SOCX_AGG@DF_SOCX_AGG(1.0),Social expenditure aggregates,I,FIN,Finland,A,Annual,SOCX,Social expenditure,USD_PPP_PS,"US dollars per person, PPP converted",ES10,Public,_T,Total,TP31,Incapacity related,Q,Constant prices,1990,,1288.966,,A,Normal value,0,Units,1,One,_Z,Not applicable,,
DATAFLOW,OECD.ELS.SPD:DSD_SOCX_AGG@DF_SOCX_AGG(1.0),Social expenditure aggregates,I,FIN,Finland,A,Annual,SOCX,Social expenditure,USD_PPP_PS,"US dollars per person, PPP converted",ES10,Public,_T,Total,TP31,Incapacity related,Q,Constant prices,1991,,1407.381,,A,Normal value,0,Units,1,One,_Z,Not applicable,,
DATAFLOW,OECD.ELS.SPD:DSD_SOCX_AGG@DF_SOCX_AGG(1.0),Social expenditure aggregates,I,FIN,Finland,A,Annual,SOCX,Social expenditure,USD_PPP_PS,"US dollars per person, PPP converted",ES10,Public,_T,Total,TP31,Incapacity related,Q,Constant prices,1992,,1487.925,,A,Normal value,0,Units,1,One,_Z,Not applicable,,
DATAFLOW,OECD.ELS.SPD:DSD_SOCX_AGG@DF_SOCX_AGG(1.0),Social expenditure aggregates,I,FIN,Finland,A,Annual,SOCX,Social expenditure,USD_PPP_PS,"US dollars per person, PPP converted",ES10,Public,_T,Total,TP31,Incapacity related,Q,Constant prices,1993,,1502.039,,A,Normal value,0,Units,1,One,_Z,Not applicable,,
DATAFLOW,OECD.ELS.SPD:DSD_SOCX_AGG@DF_SOCX_AGG(1.0),Social expenditure aggregates,I,FIN,Finland,A,Annual,SOCX,Social expenditure,USD_PPP_PS,"US dollars per person, PPP converted",ES10,Public,_T,Total,TP31,Incapacity related,Q,Constant prices,1994,,1499.088,,A,Normal value,0,Units,1,One,_Z,Not applicable,,
DATAFLOW,OECD.ELS.SPD:DSD_SOCX_AGG@DF_SOCX_AGG(1.0),Social expenditure aggregates,I,FIN,Finland,A,Annual,SOCX,Social expenditure,USD_PPP_PS,"US dollars per person, PPP converted",ES10,Public,_T,Total,TP31,Incapacity related,Q,Constant prices,1995,,1465.445,,A,Normal value,0,Units,1,One,_Z,Not applicable,,
DATAFLOW,OECD.ELS.SPD:DSD_SOCX_AGG@DF_SOCX_AGG(1.0),Social expenditure aggregates,I,FIN,Finland,A,Annual,SOCX,Social expenditure,USD_PPP_PS,"US dollars per person, PPP converted",ES10,Public,_T,Total,TP31,Incapacity related,Q,Constant prices,1996,,1470.237,,A,Normal value,0,Units,1,One,_Z,Not applicable,,
DATAFLOW,OECD.ELS.SPD:DSD_SOCX_AGG@DF_SOCX_AGG(1.0),Social expenditure aggregates,I,FIN,Finland,A,Annual,SOCX,Social expenditure,USD_PPP_PS,"US dollars per person, PPP converted",ES10,Public,_T,Total,TP31,Incapacity related,Q,Constant prices,1997,,1443.44,,A,Normal value,0,Units,1,One,_Z,Not applicable,,
DATAFLOW,OECD.ELS.SPD:DSD_SOCX_AGG@DF_SOCX_AGG(1.0),Social expenditure aggregates,I,FIN,Finland,A,Annual,SOCX,Social expenditure,USD_PPP_PS,"US dollars per person, PPP converted",ES10,Public,_T,Total,TP31,Incapacity related,Q,Constant prices,1998,,1392.022,,A,Normal value,0,Units,1,One,_Z,Not applicable,,
DATAFLOW,OECD.ELS.SPD:DSD_SOCX_AGG@DF_SOCX_AGG(1.0),Social expenditure aggregates,I,FIN,Finland,A,Annual,SOCX,Social expenditure,USD_PPP_PS,"US dollars per person, PPP converted",ES10,Public,_T,Total,TP31,Incapacity related,Q,Constant prices,1999,,1397.16,,A,Normal value,0,Units,1,One,_Z,Not applicable,,
DATAFLOW,OECD.ELS.SPD:DSD_SOCX_AGG@DF_SOCX_AGG(1.0),Social expenditure aggregates,I,FIN,Finland,A,Annual,SOCX,Social expenditure,USD_PPP_PS,"US dollars per person, PPP converted",ES10,Public,_T,Total,TP31,Incapacity related,Q,Constant prices,2000,,1385.616,,A,Normal value,0,Units,1,One,_Z,Not applicable,,
DATAFLOW,OECD.ELS.SPD:DSD_SOCX_AGG@DF_SOCX_AGG(1.0),Social expenditure aggregates,I,FIN,Finland,A,Annual,SOCX,Social expenditure,USD_PPP_PS,"US dollars per person, PPP converted",ES10,Public,_T,Total,TP31,Incapacity related,Q,Constant prices,2001,,1390.79,,A,Normal value,0,Units,1,One,_Z,Not applicable,,
DATAFLOW,OECD.ELS.SPD:DSD_SOCX_AGG@DF_SOCX_AGG(1.0),Social expenditure aggregates,I,FIN,Finland,A,Annual,SOCX,Social expenditure,USD_PPP_PS,"US dollars per person, PPP converted",ES10,Public,_T,Total,TP31,Incapacity related,Q,Constant prices,2002,,1438.569,,A,Normal value,0,Units,1,One,_Z,Not applicable,,
DATAFLOW,OECD.ELS.SPD:DSD_SOCX_AGG@DF_SOCX_AGG(1.0),Social expenditure aggregates,I,FIN,Finland,A,Annual,SOCX,Social expenditure,USD_PPP_PS,"US dollars per person, PPP converted",ES10,Public,_T,Total,TP31,Incapacity related,Q,Constant prices,2003,,1481.405,,A,Normal value,0,Units,1,One,_Z,Not applicable,,
DATAFLOW,OECD.ELS.SPD:DSD_SOCX_AGG@DF_SOCX_AGG(1.0),Social expenditure aggregates,I,FIN,Finland,A,Annual,SOCX,Social expenditure,USD_PPP_PS,"US dollars per person, PPP converted",ES10,Public,_T,Total,TP31,Incapacity related,Q,Constant prices,2004,,1532.324,,A,Normal value,0,Units,1,One,_Z,Not applicable,,
DATAFLOW,OECD.ELS.SPD:DSD_SOCX_AGG@DF_SOCX_AGG(1.0),Social expenditure aggregates,I,FIN,Finland,A,Annual,SOCX,Social expenditure,USD_PPP_PS,"US dollars per person, PPP converted",ES10,Public,_T,Total,TP31,Incapacity related,Q,Constant prices,2005,,1545.226,,A,Normal value,0,Units,1,One,_Z,Not applicable,,
DATAFLOW,OECD.ELS.SPD:DSD_SOCX_AGG@DF_SOCX_AGG(1.0),Social expenditure aggregates,I,FIN,Finland,A,Annual,SOCX,Social expenditure,USD_PPP_PS,"US dollars per person, PPP converted",ES10,Public,_T,Total,TP31,Incapacity related,Q,Constant prices,2006,,1566.812,,A,Normal value,0,Units,1,One,_Z,Not applicable,,
DATAFLOW,OECD.ELS.SPD:DSD_SOCX_AGG@DF_SOCX_AGG(1.0),Social expenditure aggregates,I,FIN,Finland,A,Annual,SOCX,Social expenditure,USD_PPP_PS,"US dollars per person, PPP converted",ES10,Public,_T,Total,TP31,Incapacity related,Q,Constant prices,2007,,1573.069,,A,Normal value,0,Units,1,One,_Z,Not applicable,,
DATAFLOW,OECD.ELS.SPD:DSD_SOCX_AGG@DF_SOCX_AGG(1.0),Social expenditure aggregates,I,FIN,Finland,A,Annual,SOCX,Social expenditure,USD_PPP_PS,"US dollars per person, PPP converted",ES10,Public,_T,Total,TP31,Incapacity related,Q,Constant prices,2008,,1613.152,,A,Normal value,0,Units,1,One,_Z,Not applicable,,
DATAFLOW,OECD.ELS.SPD:DSD_SOCX_AGG@DF_SOCX_AGG(1.0),Social expenditure aggregates,I,FIN,Finland,A,Annual,SOCX,Social expenditure,USD_PPP_PS,"US dollars per person, PPP converted",ES10,Public,_T,Total,TP31,Incapacity related,Q,Constant prices,2009,,1649.187,,A,Normal value,0,Units,1,One,_Z,Not applicable,,
DATAFLOW,OECD.ELS.SPD:DSD_SOCX_AGG@DF_SOCX_AGG(1.0),Social expenditure aggregates,I,FIN,Finland,A,Annual,SOCX,Social expenditure,USD_PPP_PS,"US dollars per person, PPP converted",ES10,Public,_T,Total,TP31,Incapacity related,Q,Constant prices,2010,,1678.782,,A,Normal value,0,Units,1,One,_Z,Not applicable,,
DATAFLOW,OECD.ELS.SPD:DSD_SOCX_AGG@DF_SOCX_AGG(1.0),Social expenditure aggregates,I,FIN,Finland,A,Annual,SOCX,Social expenditure,USD_PPP_PS,"US dollars per person, PPP converted",ES10,Public,_T,Total,TP31,Incapacity related,Q,Constant prices,2011,,1662.689,,A,Normal value,0,Units,1,One,_Z,Not applicable,,
DATAFLOW,OECD.ELS.SPD:DSD_SOCX_AGG@DF_SOCX_AGG(1.0),Social expenditure aggregates,I,FIN,Finland,A,Annual,SOCX,Social expenditure,USD_PPP_PS,"US dollars per person, PPP converted",ES10,Public,_T,Total,TP31,Incapacity related,Q,Constant prices,2012,,1650.147,,A,Normal value,0,Units,1,One,_Z,Not applicable,,
DATAFLOW,OECD.ELS.SPD:DSD_SOCX_AGG@DF_SOCX_AGG(1.0),Social expenditure aggregates,I,FIN,Finland,A,Annual,SOCX,Social expenditure,USD_PPP_PS,"US dollars per person, PPP converted",ES10,Public,_T,Total,TP31,Incapacity related,Q,Constant prices,2013,,1631.649,,A,Normal value,0,Units,1,One,_Z,Not applicable,,
DATAFLOW,OECD.ELS.SPD:DSD_SOCX_AGG@DF_SOCX_AGG(1.0),Social expenditure aggregates,I,FIN,Finland,A,Annual,SOCX,Social expenditure,USD_PPP_PS,"US dollars per person, PPP converted",ES10,Public,_T,Total,TP31,Incapacity related,Q,Constant prices,2014,,1604.606,,A,Normal value,0,Units,1,One,_Z,Not applicable,,
DATAFLOW,OECD.ELS.SPD:DSD_SOCX_AGG@DF_SOCX_AGG(1.0),Social expenditure aggregates,I,FIN,Finland,A,Annual,SOCX,Social expenditure,USD_PPP_PS,"US dollars per person, PPP converted",ES10,Public,_T,Total,TP31,Incapacity related,Q,Constant prices,2015,,1526.869,,A,Normal value,0,Units,1,One,_Z,Not applicable,,
DATAFLOW,OECD.ELS.SPD:DSD_SOCX_AGG@DF_SOCX_AGG(1.0),Social expenditure aggregates,I,FIN,Finland,A,Annual,SOCX,Social expenditure,USD_PPP_PS,"US dollars per person, PPP converted",ES10,Public,_T,Total,TP31,Incapacity related,Q,Constant prices,2016,,1487.077,,A,Normal value,0,Units,1,One,_Z,Not applicable,,
DATAFLOW,OECD.ELS.SPD:DSD_SOCX_AGG@DF_SOCX_AGG(1.0),Social expenditure aggregates,I,FIN,Finland,A,Annual,SOCX,Social expenditure,USD_PPP_PS,"US dollars per person, PPP converted",ES10,Public,_T,Total,TP31,Incapacity related,Q,Constant prices,2017,,1434.483,,A,Normal value,0,Units,1,One,_Z,Not applicable,,
DATAFLOW,OECD.ELS.SPD:DSD_SOCX_AGG@DF_SOCX_AGG(1.0),Social expenditure aggregates,I,FIN,Finland,A,Annual,SOCX,Social expenditure,USD_PPP_PS,"US dollars per person, PPP converted",ES10,Public,_T,Total,TP31,Incapacity related,Q,Constant prices,2018,,1435.564,,A,Normal value,0,Units,1,One,_Z,Not applicable,,
DATAFLOW,OECD.ELS.SPD:DSD_SOCX_AGG@DF_SOCX_AGG(1.0),Social expenditure aggregates,I,FIN,Finland,A,Annual,SOCX,Social expenditure,USD_PPP_PS,"US dollars per person, PPP converted",ES10,Public,_T,Total,TP31,Incapacity related,Q,Constant prices,2019,,1446.756,,A,Normal value,0,Units,1,One,_Z,Not applicable,,
DATAFLOW,OECD.ELS.SPD:DSD_SOCX_AGG@DF_SOCX_AGG(1.0),Social expenditure aggregates,I,FIN,Finland,A,Annual,SOCX,Social expenditure,USD_PPP_PS,"US dollars per person, PPP converted",ES10,Public,_T,Total,TP31,Incapacity related,Q,Constant prices,2020,,1442.824,,A,Normal value,0,Units,1,One,_Z,Not applicable,,
DATAFLOW,OECD.ELS.SPD:DSD_SOCX_AGG@DF_SOCX_AGG(1.0),Social expenditure aggregates,I,FIN,Finland,A,Annual,SOCX,Social expenditure,USD_PPP_PS,"US dollars per person, PPP converted",ES10,Public,_T,Total,TP31,Incapacity related,Q,Constant prices,2021,,1429.487,,A,Normal value,0,Units,1,One,_Z,Not applicable,,
DATAFLOW,OECD.ELS.SPD:DSD_SOCX_AGG@DF_SOCX_AGG(1.0),Social expenditure aggregates,I,CAN,Canada,A,Annual,SOCX,Social expenditure,USD_PPP_PS,"US dollars per person, PPP converted",ES10,Public,C,In cash spending,TP31,Incapacity related,Q,Constant prices,1990,,371.542,,A,Normal value,0,Units,1,One,_Z,Not applicable,,
DATAFLOW,OECD.ELS.SPD:DSD_SOCX_AGG@DF_SOCX_AGG(1.0),Social expenditure aggregates,I,CAN,Canada,A,Annual,SOCX,Social expenditure,USD_PPP_PS,"US dollars per person, PPP converted",ES10,Public,C,In cash spending,TP31,Incapacity related,Q,Constant prices,1991,,398.003,,A,Normal value,0,Units,1,One,_Z,Not applicable,,
DATAFLOW,OECD.ELS.SPD:DSD_SOCX_AGG@DF_SOCX_AGG(1.0),Social expenditure aggregates,I,CAN,Canada,A,Annual,SOCX,Social expenditure,USD_PPP_PS,"US dollars per person, PPP converted",ES10,Public,C,In cash spending,TP31,Incapacity related,Q,Constant prices,1992,,414.95,,A,Normal value,0,Units,1,One,_Z,Not applicable,,
DATAFLOW,OECD.ELS.SPD:DSD_SOCX_AGG@DF_SOCX_AGG(1.0),Social expenditure aggregates,I,CAN,Canada,A,Annual,SOCX,Social expenditure,USD_PPP_PS,"US dollars per person, PPP converted",ES10,Public,C,In cash spending,TP31,Incapacity related,Q,Constant prices,1993,,416.353,,A,Normal value,0,Units,1,One,_Z,Not applicable,,
DATAFLOW,OECD.ELS.SPD:DSD_SOCX_AGG@DF_SOCX_AGG(1.0),Social expenditure aggregates,I,CAN,Canada,A,Annual,SOCX,Social expenditure,USD_PPP_PS,"US dollars per person, PPP converted",ES10,Public,C,In cash spending,TP31,Incapacity related,Q,Constant prices,1994,,409.625,,A,Normal value,0,Units,1,One,_Z,Not applicable,,
DATAFLOW,OECD.ELS.SPD:DSD_SOCX_AGG@DF_SOCX_AGG(1.0),Social expenditure aggregates,I,CAN,Canada,A,Annual,SOCX,Social expenditure,USD_PPP_PS,"US dollars per person, PPP converted",ES10,Public,C,In cash spending,TP31,Incapacity related,Q,Constant prices,1995,,381.658,,A,Normal value,0,Units,1,One,_Z,Not applicable,,
DATAFLOW,OECD.ELS.SPD:DSD_SOCX_AGG@DF_SOCX_AGG(1.0),Social expenditure aggregates,I,CAN,Canada,A,Annual,SOCX,Social expenditure,USD_PPP_PS,"US dollars per person, PPP converted",ES10,Public,C,In cash spending,TP31,Incapacity related,Q,Constant prices,1996,,369.22,,A,Normal value,0,Units,1,One,_Z,Not applicable,,
DATAFLOW,OECD.ELS.SPD:DSD_SOCX_AGG@DF_SOCX_AGG(1.0),Social expenditure aggregates,I,CAN,Canada,A,Annual,SOCX,Social expenditure,USD_PPP_PS,"US dollars per person, PPP converted",ES10,Public,C,In cash spending,TP31,Incapacity related,Q,Constant prices,1997,,360.859,,A,Normal value,0,Units,1,One,_Z,Not applicable,,
DATAFLOW,OECD.ELS.SPD:DSD_SOCX_AGG@DF_SOCX_AGG(1.0),Social expenditure aggregates,I,CAN,Canada,A,Annual,SOCX,Social expenditure,USD_PPP_PS,"US dollars per person, PPP converted",ES10,Public,C,In cash spending,TP31,Incapacity related,Q,Constant prices,1998,,364.499,,A,Normal value,0,Units,1,One,_Z,Not applicable,,
DATAFLOW,OECD.ELS.SPD:DSD_SOCX_AGG@DF_SOCX_AGG(1.0),Social expenditure aggregates,I,CAN,Canada,A,Annual,SOCX,Social expenditure,USD_PPP_PS,"US dollars per person, PPP converted",ES10,Public,C,In cash spending,TP31,Incapacity related,Q,Constant prices,1999,,362.457,,A,Normal value,0,Units,1,One,_Z,Not applicable,,
DATAFLOW,OECD.ELS.SPD:DSD_SOCX_AGG@DF_SOCX_AGG(1.0),Social expenditure aggregates,I,CAN,Canada,A,Annual,SOCX,Social expenditure,USD_PPP_PS,"US dollars per person, PPP converted",ES10,Public,C,In cash spending,TP31,Incapacity related,Q,Constant prices,2000,,367.099,,A,Normal value,0,Units,1,One,_Z,Not applicable,,
DATAFLOW,OECD.ELS.SPD:DSD_SOCX_AGG@DF_SOCX_AGG(1.0),Social expenditure aggregates,I,CAN,Canada,A,Annual,SOCX,Social expenditure,USD_PPP_PS,"US dollars per person, PPP converted",ES10,Public,C,In cash spending,TP31,Incapacity related,Q,Constant prices,2001,,380.583,,A,Normal value,0,Units,1,One,_Z,Not applicable,,
DATAFLOW,OECD.ELS.SPD:DSD_SOCX_AGG@DF_SOCX_AGG(1.0),Social expenditure aggregates,I,CAN,Canada,A,Annual,SOCX,Social expenditure,USD_PPP_PS,"US dollars per person, PPP converted",ES10,Public,C,In cash spending,TP31,Incapacity related,Q,Constant prices,2002,,394.016,,A,Normal value,0,Units,1,One,_Z,Not applicable,,
DATAFLOW,OECD.ELS.SPD:DSD_SOCX_AGG@DF_SOCX_AGG(1.0),Social expenditure aggregates,I,CAN,Canada,A,Annual,SOCX,Social expenditure,USD_PPP_PS,"US dollars per person, PPP converted",ES10,Public,C,In cash spending,TP31,Incapacity related,Q,Constant prices,2003,,386.684,,A,Normal value,0,Units,1,One,_Z,Not applicable,,
DATAFLOW,OECD.ELS.SPD:DSD_SOCX_AGG@DF_SOCX_AGG(1.0),Social expenditure aggregates,I,CAN,Canada,A,Annual,SOCX,Social expenditure,USD_PPP_PS,"US dollars per person, PPP converted",ES10,Public,C,In cash spending,TP31,Incapacity related,Q,Constant prices,2004,,383.243,,A,Normal value,0,Units,1,One,_Z,Not applicable,,
DATAFLOW,OECD.ELS.SPD:DSD_SOCX_AGG@DF_SOCX_AGG(1.0),Social expenditure aggregates,I,CAN,Canada,A,Annual,SOCX,Social expenditure,USD_PPP_PS,"US dollars per person, PPP converted",ES10,Public,C,In cash spending,TP31,Incapacity related,Q,Constant prices,2005,,383.817,,A,Normal value,0,Units,1,One,_Z,Not applicable,,
DATAFLOW,OECD.ELS.SPD:DSD_SOCX_AGG@DF_SOCX_AGG(1.0),Social expenditure aggregates,I,CAN,Canada,A,Annual,SOCX,Social expenditure,USD_PPP_PS,"US dollars per person, PPP converted",ES10,Public,C,In cash spending,TP31,Incapacity related,Q,Constant prices,2006,,380.181,,A,Normal value,0,Units,1,One,_Z,Not applicable,,
DATAFLOW,OECD.ELS.SPD:DSD_SOCX_AGG@DF_SOCX_AGG(1.0),Social expenditure aggregates,I,CAN,Canada,A,Annual,SOCX,Social expenditure,USD_PPP_PS,"US dollars per person, PPP converted",ES10,Public,C,In cash spending,TP31,Incapacity related,Q,Constant prices,2007,,378.803,,A,Normal value,0,Units,1,One,_Z,Not applicable,,
DATAFLOW,OECD.ELS.SPD:DSD_SOCX_AGG@DF_SOCX_AGG(1.0),Social expenditure aggregates,I,CAN,Canada,A,Annual,SOCX,Social expenditure,USD_PPP_PS,"US dollars per person, PPP converted",ES10,Public,C,In cash spending,TP31,Incapacity related,Q,Constant prices,2008,,378.155,,A,Normal value,0,Units,1,One,_Z,Not applicable,,
DATAFLOW,OECD.ELS.SPD:DSD_SOCX_AGG@DF_SOCX_AGG(1.0),Social expenditure aggregates,I,CAN,Canada,A,Annual,SOCX,Social expenditure,USD_PPP_PS,"US dollars per person, PPP converted",ES10,Public,C,In cash spending,TP31,Incapacity related,Q,Constant prices,2009,,386.98,,A,Normal value,0,Units,1,One,_Z,Not applicable,,
DATAFLOW,OECD.ELS.SPD:DSD_SOCX_AGG@DF_SOCX_AGG(1.0),Social expenditure aggregates,I,CAN,Canada,A,Annual,SOCX,Social expenditure,USD_PPP_PS,"US dollars per person, PPP converted",ES10,Public,C,In cash spending,TP31,Incapacity related,Q,Constant prices,2010,,375.393,,A,Normal value,0,Units,1,One,_Z,Not applicable,,
DATAFLOW,OECD.ELS.SPD:DSD_SOCX_AGG@DF_SOCX_AGG(1.0),Social expenditure aggregates,I,CAN,Canada,A,Annual,SOCX,Social expenditure,USD_PPP_PS,"US dollars per person, PPP converted",ES10,Public,C,In cash spending,TP31,Incapacity related,Q,Constant prices,2011,,366.712,,A,Normal value,0,Units,1,One,_Z,Not applicable,,
DATAFLOW,OECD.ELS.SPD:DSD_SOCX_AGG@DF_SOCX_AGG(1.0),Social expenditure aggregates,I,CAN,Canada,A,Annual,SOCX,Social expenditure,USD_PPP_PS,"US dollars per person, PPP converted",ES10,Public,C,In cash spending,TP31,Incapacity related,Q,Constant prices,2012,,361.034,,A,Normal value,0,Units,1,One,_Z,Not applicable,,
DATAFLOW,OECD.ELS.SPD:DSD_SOCX_AGG@DF_SOCX_AGG(1.0),Social expenditure aggregates,I,CAN,Canada,A,Annual,SOCX,Social expenditure,USD_PPP_PS,"US dollars per person, PPP converted",ES10,Public,C,In cash spending,TP31,Incapacity related,Q,Constant prices,2013,,350.574,,A,Normal value,0,Units,1,One,_Z,Not applicable,,
DATAFLOW,OECD.ELS.SPD:DSD_SOCX_AGG@DF_SOCX_AGG(1.0),Social expenditure aggregates,I,CAN,Canada,A,Annual,SOCX,Social expenditure,USD_PPP_PS,"US dollars per person, PPP converted",ES10,Public,C,In cash spending,TP31,Incapacity related,Q,Constant prices,2014,,345.404,,A,Normal value,0,Units,1,One,_Z,Not applicable,,
DATAFLOW,OECD.ELS.SPD:DSD_SOCX_AGG@DF_SOCX_AGG(1.0),Social expenditure aggregates,I,CAN,Canada,A,Annual,SOCX,Social expenditure,USD_PPP_PS,"US dollars per person, PPP converted",ES10,Public,C,In cash spending,TP31,Incapacity related,Q,Constant prices,2015,,339.771,,A,Normal value,0,Units,1,One,_Z,Not applicable,,
DATAFLOW,OECD.ELS.SPD:DSD_SOCX_AGG@DF_SOCX_AGG(1.0),Social expenditure aggregates,I,CAN,Canada,A,Annual,SOCX,Social expenditure,USD_PPP_PS,"US dollars per person, PPP converted",ES10,Public,C,In cash spending,TP31,Incapacity related,Q,Constant prices,2016,,335.641,,A,Normal value,0,Units,1,One,_Z,Not applicable,,
DATAFLOW,OECD.ELS.SPD:DSD_SOCX_AGG@DF_SOCX_AGG(1.0),Social expenditure aggregates,I,CAN,Canada,A,Annual,SOCX,Social expenditure,USD_PPP_PS,"US dollars per person, PPP converted",ES10,Public,C,In cash spending,TP31,Incapacity related,Q,Constant prices,2017,,334.881,,A,Normal value,0,Units,1,One,_Z,Not applicable,,
DATAFLOW,OECD.ELS.SPD:DSD_SOCX_AGG@DF_SOCX_AGG(1.0),Social expenditure aggregates,I,CAN,Canada,A,Annual,SOCX,Social expenditure,USD_PPP_PS,"US dollars per person, PPP converted",ES10,Public,C,In cash spending,TP31,Incapacity related,Q,Constant prices,2018,,332.495,,A,Normal value,0,Units,1,One,_Z,Not applicable,,
DATAFLOW,OECD.ELS.SPD:DSD_SOCX_AGG@DF_SOCX_AGG(1.0),Social expenditure aggregates,I,CAN,Canada,A,Annual,SOCX,Social expenditure,USD_PPP_PS,"US dollars per person, PPP converted",ES10,Public,C,In cash spending,TP31,Incapacity related,Q,Constant prices,2019,,338.559,,A,Normal value,0,Units,1,One,_Z,Not applicable,,
DATAFLOW,OECD.ELS.SPD:DSD_SOCX_AGG@DF_SOCX_AGG(1.0),Social expenditure aggregates,I,CAN,Canada,A,Annual,SOCX,Social expenditure,USD_PPP_PS,"US dollars per person, PPP converted",ES10,Public,C,In cash spending,TP31,Incapacity related,Q,Constant prices,2020,,332.499,,A,Normal value,0,Units,1,One,_Z,Not applicable,,
DATAFLOW,OECD.ELS.SPD:DSD_SOCX_AGG@DF_SOCX_AGG(1.0),Social expenditure aggregates,I,CAN,Canada,A,Annual,SOCX,Social expenditure,USD_PPP_PS,"US dollars per person, PPP converted",ES10,Public,C,In cash spending,TP31,Incapacity related,Q,Constant prices,2021,,321.034,,A,Normal value,0,Units,1,One,_Z,Not applicable,,
DATAFLOW,OECD.ELS.SPD:DSD_SOCX_AGG@DF_SOCX_AGG(1.0),Social expenditure aggregates,I,CAN,Canada,A,Annual,SOCX,Social expenditure,USD_PPP_PS,"US dollars per person, PPP converted",ES10,Public,C,In cash spending,TP31,Incapacity related,Q,Constant prices,2022,,290.659,,A,Normal value,0,Units,1,One,_Z,Not applicable,,
DATAFLOW,OECD.ELS.SPD:DSD_SOCX_AGG@DF_SOCX_AGG(1.0),Social expenditure aggregates,I,DNK,Denmark,A,Annual,SOCX,Social expenditure,USD_PPP_PS,"US dollars per person, PPP converted",ES10,Public,C,In cash spending,TP31,Incapacity related,Q,Constant prices,1990,,1071.096,,A,Normal value,0,Units,1,One,_Z,Not applicable,,
DATAFLOW,OECD.ELS.SPD:DSD_SOCX_AGG@DF_SOCX_AGG(1.0),Social expenditure aggregates,I,DNK,Denmark,A,Annual,SOCX,Social expenditure,USD_PPP_PS,"US dollars per person, PPP converted",ES10,Public,C,In cash spending,TP31,Incapacity related,Q,Constant prices,1991,,1040.42,,A,Normal value,0,Units,1,One,_Z,Not applicable,,
DATAFLOW,OECD.ELS.SPD:DSD_SOCX_AGG@DF_SOCX_AGG(1.0),Social expenditure aggregates,I,DNK,Denmark,A,Annual,SOCX,Social expenditure,USD_PPP_PS,"US dollars per person, PPP converted",ES10,Public,C,In cash spending,TP31,Incapacity related,Q,Constant prices,1992,,1032.377,,A,Normal value,0,Units,1,One,_Z,Not applicable,,
DATAFLOW,OECD.ELS.SPD:DSD_SOCX_AGG@DF_SOCX_AGG(1.0),Social expenditure aggregates,I,DNK,Denmark,A,Annual,SOCX,Social expenditure,USD_PPP_PS,"US dollars per person, PPP converted",ES10,Public,C,In cash spending,TP31,Incapacity related,Q,Constant prices,1993,,1097.065,,A,Normal value,0,Units,1,One,_Z,Not applicable,,
DATAFLOW,OECD.ELS.SPD:DSD_SOCX_AGG@DF_SOCX_AGG(1.0),Social expenditure aggregates,I,DNK,Denmark,A,Annual,SOCX,Social expenditure,USD_PPP_PS,"US dollars per person, PPP converted",ES10,Public,C,In cash spending,TP31,Incapacity related,Q,Constant prices,1994,,1160.072,,A,Normal value,0,Units,1,One,_Z,Not applicable,,
DATAFLOW,OECD.ELS.SPD:DSD_SOCX_AGG@DF_SOCX_AGG(1.0),Social expenditure aggregates,I,DNK,Denmark,A,Annual,SOCX,Social expenditure,USD_PPP_PS,"US dollars per person, PPP converted",ES10,Public,C,In cash spending,TP31,Incapacity related,Q,Constant prices,1995,,1290.742,,A,Normal value,0,Units,1,One,_Z,Not applicable,,
DATAFLOW,OECD.ELS.SPD:DSD_SOCX_AGG@DF_SOCX_AGG(1.0),Social expenditure aggregates,I,DNK,Denmark,A,Annual,SOCX,Social expenditure,USD_PPP_PS,"US dollars per person, PPP converted",ES10,Public,C,In cash spending,TP31,Incapacity related,Q,Constant prices,1996,,1286.7,,A,Normal value,0,Units,1,One,_Z,Not applicable,,
DATAFLOW,OECD.ELS.SPD:DSD_SOCX_AGG@DF_SOCX_AGG(1.0),Social expenditure aggregates,I,DNK,Denmark,A,Annual,SOCX,Social expenditure,USD_PPP_PS,"US dollars per person, PPP converted",ES10,Public,C,In cash spending,TP31,Incapacity related,Q,Constant prices,1997,,1255.093,,A,Normal value,0,Units,1,One,_Z,Not applicable,,
DATAFLOW,OECD.ELS.SPD:DSD_SOCX_AGG@DF_SOCX_AGG(1.0),Social expenditure aggregates,I,DNK,Denmark,A,Annual,SOCX,Social expenditure,USD_PPP_PS,"US dollars per person, PPP converted",ES10,Public,C,In cash spending,TP31,Incapacity related,Q,Constant prices,1998,,1230.468,,A,Normal value,0,Units,1,One,_Z,Not applicable,,
DATAFLOW,OECD.ELS.SPD:DSD_SOCX_AGG@DF_SOCX_AGG(1.0),Social expenditure aggregates,I,DNK,Denmark,A,Annual,SOCX,Social expenditure,USD_PPP_PS,"US dollars per person, PPP converted",ES10,Public,C,In cash spending,TP31,Incapacity related,Q,Constant prices,1999,,1252.183,,A,Normal value,0,Units,1,One,_Z,Not applicable,,
DATAFLOW,OECD.ELS.SPD:DSD_SOCX_AGG@DF_SOCX_AGG(1.0),Social expenditure aggregates,I,DNK,Denmark,A,Annual,SOCX,Social expenditure,USD_PPP_PS,"US dollars per person, PPP converted",ES10,Public,C,In cash spending,TP31,Incapacity related,Q,Constant prices,2000,,1256.424,,A,Normal value,0,Units,1,One,_Z,Not applicable,,
DATAFLOW,OECD.ELS.SPD:DSD_SOCX_AGG@DF_SOCX_AGG(1.0),Social expenditure aggregates,I,DNK,Denmark,A,Annual,SOCX,Social expenditure,USD_PPP_PS,"US dollars per person, PPP converted",ES10,Public,C,In cash spending,TP31,Incapacity related,Q,Constant prices,2001,,1322.713,,A,Normal value,0,Units,1,One,_Z,Not applicable,,
DATAFLOW,OECD.ELS.SPD:DSD_SOCX_AGG@DF_SOCX_AGG(1.0),Social expenditure aggregates,I,DNK,Denmark,A,Annual,SOCX,Social expenditure,USD_PPP_PS,"US dollars per person, PPP converted",ES10,Public,C,In cash spending,TP31,Incapacity related,Q,Constant prices,2002,,1368.957,,A,Normal value,0,Units,1,One,_Z,Not applicable,,
DATAFLOW,OECD.ELS.SPD:DSD_SOCX_AGG@DF_SOCX_AGG(1.0),Social expenditure aggregates,I,DNK,Denmark,A,Annual,SOCX,Social expenditure,USD_PPP_PS,"US dollars per person, PPP converted",ES10,Public,C,In cash spending,TP31,Incapacity related,Q,Constant prices,2003,,1446.335,,A,Normal value,0,Units,1,One,_Z,Not applicable,,
DATAFLOW,OECD.ELS.SPD:DSD_SOCX_AGG@DF_SOCX_AGG(1.0),Social expenditure aggregates,I,DNK,Denmark,A,Annual,SOCX,Social expenditure,USD_PPP_PS,"US dollars per person, PPP converted",ES10,Public,C,In cash spending,TP31,Incapacity related,Q,Constant prices,2004,,1476.57,,A,Normal value,0,Units,1,One,_Z,Not applicable,,
DATAFLOW,OECD.ELS.SPD:DSD_SOCX_AGG@DF_SOCX_AGG(1.0),Social expenditure aggregates,I,DNK,Denmark,A,Annual,SOCX,Social expenditure,USD_PPP_PS,"US dollars per person, PPP converted",ES10,Public,C,In cash spending,TP31,Incapacity related,Q,Constant prices,2005,,1522.864,,A,Normal value,0,Units,1,One,_Z,Not applicable,,
DATAFLOW,OECD.ELS.SPD:DSD_SOCX_AGG@DF_SOCX_AGG(1.0),Social expenditure aggregates,I,DNK,Denmark,A,Annual,SOCX,Social expenditure,USD_PPP_PS,"US dollars per person, PPP converted",ES10,Public,C,In cash spending,TP31,Incapacity related,Q,Constant prices,2006,,1551.615,,A,Normal value,0,Units,1,One,_Z,Not applicable,,
DATAFLOW,OECD.ELS.SPD:DSD_SOCX_AGG@DF_SOCX_AGG(1.0),Social expenditure aggregates,I,DNK,Denmark,A,Annual,SOCX,Social expenditure,USD_PPP_PS,"US dollars per person, PPP converted",ES10,Public,C,In cash spending,TP31,Incapacity related,Q,Constant prices,2007,,1726.858,,A,Normal value,0,Units,1,One,_Z,Not applicable,,
DATAFLOW,OECD.ELS.SPD:DSD_SOCX_AGG@DF_SOCX_AGG(1.0),Social expenditure aggregates,I,DNK,Denmark,A,Annual,SOCX,Social expenditure,USD_PPP_PS,"US dollars per person, PPP converted",ES10,Public,C,In cash spending,TP31,Incapacity related,Q,Constant prices,2008,,1665.519,,A,Normal value,0,Units,1,One,_Z,Not applicable,,
DATAFLOW,OECD.ELS.SPD:DSD_SOCX_AGG@DF_SOCX_AGG(1.0),Social expenditure aggregates,I,DNK,Denmark,A,Annual,SOCX,Social expenditure,USD_PPP_PS,"US dollars per person, PPP converted",ES10,Public,C,In cash spending,TP31,Incapacity related,Q,Constant prices,2009,,1667.74,,A,Normal value,0,Units,1,One,_Z,Not applicable,,
DATAFLOW,OECD.ELS.SPD:DSD_SOCX_AGG@DF_SOCX_AGG(1.0),Social expenditure aggregates,I,DNK,Denmark,A,Annual,SOCX,Social expenditure,USD_PPP_PS,"US dollars per person, PPP converted",ES10,Public,C,In cash spending,TP31,Incapacity related,Q,Constant prices,2010,,1693.12,,A,Normal value,0,Units,1,One,_Z,Not applicable,,
DATAFLOW,OECD.ELS.SPD:DSD_SOCX_AGG@DF_SOCX_AGG(1.0),Social expenditure aggregates,I,DNK,Denmark,A,Annual,SOCX,Social expenditure,USD_PPP_PS,"US dollars per person, PPP converted",ES10,Public,C,In cash spending,TP31,Incapacity related,Q,Constant prices,2011,,1665.557,,A,Normal value,0,Units,1,One,_Z,Not applicable,,
DATAFLOW,OECD.ELS.SPD:DSD_SOCX_AGG@DF_SOCX_AGG(1.0),Social expenditure aggregates,I,DNK,Denmark,A,Annual,SOCX,Social expenditure,USD_PPP_PS,"US dollars per person, PPP converted",ES10,Public,C,In cash spending,TP31,Incapacity related,Q,Constant prices,2012,,1637.423,,A,Normal value,0,Units,1,One,_Z,Not applicable,,
DATAFLOW,OECD.ELS.SPD:DSD_SOCX_AGG@DF_SOCX_AGG(1.0),Social expenditure aggregates,I,DNK,Denmark,A,Annual,SOCX,Social expenditure,USD_PPP_PS,"US dollars per person, PPP converted",ES10,Public,C,In cash spending,TP31,Incapacity related,Q,Constant prices,2013,,1576.348,,A,Normal value,0,Units,1,One,_Z,Not applicable,,
DATAFLOW,OECD.ELS.SPD:DSD_SOCX_AGG@DF_SOCX_AGG(1.0),Social expenditure aggregates,I,DNK,Denmark,A,Annual,SOCX,Social expenditure,USD_PPP_PS,"US dollars per person, PPP converted",ES10,Public,C,In cash spending,TP31,Incapacity related,Q,Constant prices,2014,,1524.707,,A,Normal value,0,Units,1,One,_Z,Not applicable,,
DATAFLOW,OECD.ELS.SPD:DSD_SOCX_AGG@DF_SOCX_AGG(1.0),Social expenditure aggregates,I,DNK,Denmark,A,Annual,SOCX,Social expenditure,USD_PPP_PS,"US dollars per person, PPP converted",ES10,Public,C,In cash spending,TP31,Incapacity related,Q,Constant prices,2015,,1481.856,,A,Normal value,0,Units,1,One,_Z,Not applicable,,
DATAFLOW,OECD.ELS.SPD:DSD_SOCX_AGG@DF_SOCX_AGG(1.0),Social expenditure aggregates,I,DNK,Denmark,A,Annual,SOCX,Social expenditure,USD_PPP_PS,"US dollars per person, PPP converted",ES10,Public,C,In cash spending,TP31,Incapacity related,Q,Constant prices,2016,,1408.001,,A,Normal value,0,Units,1,One,_Z,Not applicable,,
DATAFLOW,OECD.ELS.SPD:DSD_SOCX_AGG@DF_SOCX_AGG(1.0),Social expenditure aggregates,I,DNK,Denmark,A,Annual,SOCX,Social expenditure,USD_PPP_PS,"US dollars per person, PPP converted",ES10,Public,C,In cash spending,TP31,Incapacity related,Q,Constant prices,2017,,1410.336,,A,Normal value,0,Units,1,One,_Z,Not applicable,,
DATAFLOW,OECD.ELS.SPD:DSD_SOCX_AGG@DF_SOCX_AGG(1.0),Social expenditure aggregates,I,DNK,Denmark,A,Annual,SOCX,Social expenditure,USD_PPP_PS,"US dollars per person, PPP converted",ES10,Public,C,In cash spending,TP31,Incapacity related,Q,Constant prices,2018,,1390.758,,A,Normal value,0,Units,1,One,_Z,Not applicable,,
DATAFLOW,OECD.ELS.SPD:DSD_SOCX_AGG@DF_SOCX_AGG(1.0),Social expenditure aggregates,I,DNK,Denmark,A,Annual,SOCX,Social expenditure,USD_PPP_PS,"US dollars per person, PPP converted",ES10,Public,C,In cash spending,TP31,Incapacity related,Q,Constant prices,2019,,1432.905,,A,Normal value,0,Units,1,One,_Z,Not applicable,,
DATAFLOW,OECD.ELS.SPD:DSD_SOCX_AGG@DF_SOCX_AGG(1.0),Social expenditure aggregates,I,DNK,Denmark,A,Annual,SOCX,Social expenditure,USD_PPP_PS,"US dollars per person, PPP converted",ES10,Public,C,In cash spending,TP31,Incapacity related,Q,Constant prices,2020,,1502.995,,A,Normal value,0,Units,1,One,_Z,Not applicable,,
DATAFLOW,OECD.ELS.SPD:DSD_SOCX_AGG@DF_SOCX_AGG(1.0),Social expenditure aggregates,I,DNK,Denmark,A,Annual,SOCX,Social expenditure,USD_PPP_PS,"US dollars per person, PPP converted",ES10,Public,C,In cash spending,TP31,Incapacity related,Q,Constant prices,2021,,1582.46,,A,Normal value,0,Units,1,One,_Z,Not applicable,,
DATAFLOW,OECD.ELS.SPD:DSD_SOCX_AGG@DF_SOCX_AGG(1.0),Social expenditure aggregates,I,AUS,Australia,A,Annual,SOCX,Social expenditure,USD_PPP_PS,"US dollars per person, PPP converted",ES10,Public,C,In cash spending,TP31,Incapacity related,Q,Constant prices,1990,,507.618,,A,Normal value,0,Units,1,One,_Z,Not applicable,,
DATAFLOW,OECD.ELS.SPD:DSD_SOCX_AGG@DF_SOCX_AGG(1.0),Social expenditure aggregates,I,AUS,Australia,A,Annual,SOCX,Social expenditure,USD_PPP_PS,"US dollars per person, PPP converted",ES10,Public,C,In cash spending,TP31,Incapacity related,Q,Constant prices,1991,,468.508,,A,Normal value,0,Units,1,One,_Z,Not applicable,,
DATAFLOW,OECD.ELS.SPD:DSD_SOCX_AGG@DF_SOCX_AGG(1.0),Social expenditure aggregates,I,AUS,Australia,A,Annual,SOCX,Social expenditure,USD_PPP_PS,"US dollars per person, PPP converted",ES10,Public,C,In cash spending,TP31,Incapacity related,Q,Constant prices,1992,,550.862,,A,Normal value,0,Units,1,One,_Z,Not applicable,,
DATAFLOW,OECD.ELS.SPD:DSD_SOCX_AGG@DF_SOCX_AGG(1.0),Social expenditure aggregates,I,AUS,Australia,A,Annual,SOCX,Social expenditure,USD_PPP_PS,"US dollars per person, PPP converted",ES10,Public,C,In cash spending,TP31,Incapacity related,Q,Constant prices,2017,,917.996,,A,Normal value,0,Units,1,One,_Z,Not applicable,,
DATAFLOW,OECD.ELS.SPD:DSD_SOCX_AGG@DF_SOCX_AGG(1.0),Social expenditure aggregates,I,AUS,Australia,A,Annual,SOCX,Social expenditure,USD_PPP_PS,"US dollars per person, PPP converted",ES10,Public,C,In cash spending,TP31,Incapacity related,Q,Constant prices,2018,,896.764,,A,Normal value,0,Units,1,One,_Z,Not applicable,,
DATAFLOW,OECD.ELS.SPD:DSD_SOCX_AGG@DF_SOCX_AGG(1.0),Social expenditure aggregates,I,AUS,Australia,A,Annual,SOCX,Social expenditure,USD_PPP_PS,"US dollars per person, PPP converted",ES10,Public,C,In cash spending,TP31,Incapacity related,Q,Constant prices,2019,,928.97,,A,Normal value,0,Units,1,One,_Z,Not applicable,,
DATAFLOW,OECD.ELS.SPD:DSD_SOCX_AGG@DF_SOCX_AGG(1.0),Social expenditure aggregates,I,AUS,Australia,A,Annual,SOCX,Social expenditure,USD_PPP_PS,"US dollars per person, PPP converted",ES10,Public,C,In cash spending,TP31,Incapacity related,Q,Constant prices,2020,,934.411,,A,Normal value,0,Units,1,One,_Z,Not applicable,,
DATAFLOW,OECD.ELS.SPD:DSD_SOCX_AGG@DF_SOCX_AGG(1.0),Social expenditure aggregates,I,AUS,Australia,A,Annual,SOCX,Social expenditure,USD_PPP_PS,"US dollars per person, PPP converted",ES10,Public,C,In cash spending,TP31,Incapacity related,Q,Constant prices,2021,,886.576,,A,Normal value,0,Units,1,One,_Z,Not applicable,,
DATAFLOW,OECD.ELS.SPD:DSD_SOCX_AGG@DF_SOCX_AGG(1.0),Social expenditure aggregates,I,AUS,Australia,A,Annual,SOCX,Social expenditure,USD_PPP_PS,"US dollars per person, PPP converted",ES10,Public,C,In cash spending,TP31,Incapacity related,Q,Constant prices,2022,,866.755,,A,Normal value,0,Units,1,One,_Z,Not applicable,,
DATAFLOW,OECD.ELS.SPD:DSD_SOCX_AGG@DF_SOCX_AGG(1.0),Social expenditure aggregates,I,FIN,Finland,A,Annual,SOCX,Social expenditure,USD_PPP_PS,"US dollars per person, PPP converted",ES10,Public,C,In cash spending,TP31,Incapacity related,Q,Constant prices,1990,,1164.998,,A,Normal value,0,Units,1,One,_Z,Not applicable,,
DATAFLOW,OECD.ELS.SPD:DSD_SOCX_AGG@DF_SOCX_AGG(1.0),Social expenditure aggregates,I,FIN,Finland,A,Annual,SOCX,Social expenditure,USD_PPP_PS,"US dollars per person, PPP converted",ES10,Public,C,In cash spending,TP31,Incapacity related,Q,Constant prices,1991,,1269.327,,A,Normal value,0,Units,1,One,_Z,Not applicable,,
DATAFLOW,OECD.ELS.SPD:DSD_SOCX_AGG@DF_SOCX_AGG(1.0),Social expenditure aggregates,I,FIN,Finland,A,Annual,SOCX,Social expenditure,USD_PPP_PS,"US dollars per person, PPP converted",ES10,Public,C,In cash spending,TP31,Incapacity related,Q,Constant prices,1992,,1348.424,,A,Normal value,0,Units,1,One,_Z,Not applicable,,
DATAFLOW,OECD.ELS.SPD:DSD_SOCX_AGG@DF_SOCX_AGG(1.0),Social expenditure aggregates,I,FIN,Finland,A,Annual,SOCX,Social expenditure,USD_PPP_PS,"US dollars per person, PPP converted",ES10,Public,C,In cash spending,TP31,Incapacity related,Q,Constant prices,1993,,1300.473,,A,Normal value,0,Units,1,One,_Z,Not applicable,,
DATAFLOW,OECD.ELS.SPD:DSD_SOCX_AGG@DF_SOCX_AGG(1.0),Social expenditure aggregates,I,FIN,Finland,A,Annual,SOCX,Social expenditure,USD_PPP_PS,"US dollars per person, PPP converted",ES10,Public,C,In cash spending,TP31,Incapacity related,Q,Constant prices,1994,,1285.157,,A,Normal value,0,Units,1,One,_Z,Not applicable,,
DATAFLOW,OECD.ELS.SPD:DSD_SOCX_AGG@DF_SOCX_AGG(1.0),Social expenditure aggregates,I,FIN,Finland,A,Annual,SOCX,Social expenditure,USD_PPP_PS,"US dollars per person, PPP converted",ES10,Public,C,In cash spending,TP31,Incapacity related,Q,Constant prices,1995,,1249.363,,A,Normal value,0,Units,1,One,_Z,Not applicable,,
DATAFLOW,OECD.ELS.SPD:DSD_SOCX_AGG@DF_SOCX_AGG(1.0),Social expenditure aggregates,I,FIN,Finland,A,Annual,SOCX,Social expenditure,USD_PPP_PS,"US dollars per person, PPP converted",ES10,Public,C,In cash spending,TP31,Incapacity related,Q,Constant prices,1996,,1238.656,,A,Normal value,0,Units,1,One,_Z,Not applicable,,
DATAFLOW,OECD.ELS.SPD:DSD_SOCX_AGG@DF_SOCX_AGG(1.0),Social expenditure aggregates,I,FIN,Finland,A,Annual,SOCX,Social expenditure,USD_PPP_PS,"US dollars per person, PPP converted",ES10,Public,C,In cash spending,TP31,Incapacity related,Q,Constant prices,1997,,1205.064,,A,Normal value,0,Units,1,One,_Z,Not applicable,,
DATAFLOW,OECD.ELS.SPD:DSD_SOCX_AGG@DF_SOCX_AGG(1.0),Social expenditure aggregates,I,FIN,Finland,A,Annual,SOCX,Social expenditure,USD_PPP_PS,"US dollars per person, PPP converted",ES10,Public,C,In cash spending,TP31,Incapacity related,Q,Constant prices,1998,,1143.229,,A,Normal value,0,Units,1,One,_Z,Not applicable,,
DATAFLOW,OECD.ELS.SPD:DSD_SOCX_AGG@DF_SOCX_AGG(1.0),Social expenditure aggregates,I,FIN,Finland,A,Annual,SOCX,Social expenditure,USD_PPP_PS,"US dollars per person, PPP converted",ES10,Public,C,In cash spending,TP31,Incapacity related,Q,Constant prices,1999,,1132.16,,A,Normal value,0,Units,1,One,_Z,Not applicable,,
DATAFLOW,OECD.ELS.SPD:DSD_SOCX_AGG@DF_SOCX_AGG(1.0),Social expenditure aggregates,I,FIN,Finland,A,Annual,SOCX,Social expenditure,USD_PPP_PS,"US dollars per person, PPP converted",ES10,Public,C,In cash spending,TP31,Incapacity related,Q,Constant prices,2000,,1111.466,,A,Normal value,0,Units,1,One,_Z,Not applicable,,
DATAFLOW,OECD.ELS.SPD:DSD_SOCX_AGG@DF_SOCX_AGG(1.0),Social expenditure aggregates,I,FIN,Finland,A,Annual,SOCX,Social expenditure,USD_PPP_PS,"US dollars per person, PPP converted",ES10,Public,C,In cash spending,TP31,Incapacity related,Q,Constant prices,2001,,1101.448,,A,Normal value,0,Units,1,One,_Z,Not applicable,,
DATAFLOW,OECD.ELS.SPD:DSD_SOCX_AGG@DF_SOCX_AGG(1.0),Social expenditure aggregates,I,FIN,Finland,A,Annual,SOCX,Social expenditure,USD_PPP_PS,"US dollars per person, PPP converted",ES10,Public,C,In cash spending,TP31,Incapacity related,Q,Constant prices,2002,,1132.916,,A,Normal value,0,Units,1,One,_Z,Not applicable,,
DATAFLOW,OECD.ELS.SPD:DSD_SOCX_AGG@DF_SOCX_AGG(1.0),Social expenditure aggregates,I,FIN,Finland,A,Annual,SOCX,Social expenditure,USD_PPP_PS,"US dollars per person, PPP converted",ES10,Public,C,In cash spending,TP31,Incapacity related,Q,Constant prices,2003,,1153.454,,A,Normal value,0,Units,1,One,_Z,Not applicable,,
DATAFLOW,OECD.ELS.SPD:DSD_SOCX_AGG@DF_SOCX_AGG(1.0),Social expenditure aggregates,I,FIN,Finland,A,Annual,SOCX,Social expenditure,USD_PPP_PS,"US dollars per person, PPP converted",ES10,Public,C,In cash spending,TP31,Incapacity related,Q,Constant prices,2004,,1186.063,,A,Normal value,0,Units,1,One,_Z,Not applicable,,
DATAFLOW,OECD.ELS.SPD:DSD_SOCX_AGG@DF_SOCX_AGG(1.0),Social expenditure aggregates,I,FIN,Finland,A,Annual,SOCX,Social expenditure,USD_PPP_PS,"US dollars per person, PPP converted",ES10,Public,C,In cash spending,TP31,Incapacity related,Q,Constant prices,2005,,1180.97,,A,Normal value,0,Units,1,One,_Z,Not applicable,,
DATAFLOW,OECD.ELS.SPD:DSD_SOCX_AGG@DF_SOCX_AGG(1.0),Social expenditure aggregates,I,FIN,Finland,A,Annual,SOCX,Social expenditure,USD_PPP_PS,"US dollars per person, PPP converted",ES10,Public,C,In cash spending,TP31,Incapacity related,Q,Constant prices,2006,,1189.367,,A,Normal value,0,Units,1,One,_Z,Not applicable,,
DATAFLOW,OECD.ELS.SPD:DSD_SOCX_AGG@DF_SOCX_AGG(1.0),Social expenditure aggregates,I,FIN,Finland,A,Annual,SOCX,Social expenditure,USD_PPP_PS,"US dollars per person, PPP converted",ES10,Public,C,In cash spending,TP31,Incapacity related,Q,Constant prices,2007,,1179.756,,A,Normal value,0,Units,1,One,_Z,Not applicable,,
DATAFLOW,OECD.ELS.SPD:DSD_SOCX_AGG@DF_SOCX_AGG(1.0),Social expenditure aggregates,I,FIN,Finland,A,Annual,SOCX,Social expenditure,USD_PPP_PS,"US dollars per person, PPP converted",ES10,Public,C,In cash spending,TP31,Incapacity related,Q,Constant prices,2008,,1197.693,,A,Normal value,0,Units,1,One,_Z,Not applicable,,
DATAFLOW,OECD.ELS.SPD:DSD_SOCX_AGG@DF_SOCX_AGG(1.0),Social expenditure aggregates,I,FIN,Finland,A,Annual,SOCX,Social expenditure,USD_PPP_PS,"US dollars per person, PPP converted",ES10,Public,C,In cash spending,TP31,Incapacity related,Q,Constant prices,2009,,1213.919,,A,Normal value,0,Units,1,One,_Z,Not applicable,,
DATAFLOW,OECD.ELS.SPD:DSD_SOCX_AGG@DF_SOCX_AGG(1.0),Social expenditure aggregates,I,FIN,Finland,A,Annual,SOCX,Social expenditure,USD_PPP_PS,"US dollars per person, PPP converted",ES10,Public,C,In cash spending,TP31,Incapacity related,Q,Constant prices,2010,,1222.612,,A,Normal value,0,Units,1,One,_Z,Not applicable,,
DATAFLOW,OECD.ELS.SPD:DSD_SOCX_AGG@DF_SOCX_AGG(1.0),Social expenditure aggregates,I,FIN,Finland,A,Annual,SOCX,Social expenditure,USD_PPP_PS,"US dollars per person, PPP converted",ES10,Public,C,In cash spending,TP31,Incapacity related,Q,Constant prices,2011,,1177.946,,A,Normal value,0,Units,1,One,_Z,Not applicable,,
DATAFLOW,OECD.ELS.SPD:DSD_SOCX_AGG@DF_SOCX_AGG(1.0),Social expenditure aggregates,I,FIN,Finland,A,Annual,SOCX,Social expenditure,USD_PPP_PS,"US dollars per person, PPP converted",ES10,Public,C,In cash spending,TP31,Incapacity related,Q,Constant prices,2012,,1141.453,,A,Normal value,0,Units,1,One,_Z,Not applicable,,
DATAFLOW,OECD.ELS.SPD:DSD_SOCX_AGG@DF_SOCX_AGG(1.0),Social expenditure aggregates,I,FIN,Finland,A,Annual,SOCX,Social expenditure,USD_PPP_PS,"US dollars per person, PPP converted",ES10,Public,C,In cash spending,TP31,Incapacity related,Q,Constant prices,2013,,1107.892,,A,Normal value,0,Units,1,One,_Z,Not applicable,,
DATAFLOW,OECD.ELS.SPD:DSD_SOCX_AGG@DF_SOCX_AGG(1.0),Social expenditure aggregates,I,FIN,Finland,A,Annual,SOCX,Social expenditure,USD_PPP_PS,"US dollars per person, PPP converted",ES10,Public,C,In cash spending,TP31,Incapacity related,Q,Constant prices,2014,,1061.792,,A,Normal value,0,Units,1,One,_Z,Not applicable,,
DATAFLOW,OECD.ELS.SPD:DSD_SOCX_AGG@DF_SOCX_AGG(1.0),Social expenditure aggregates,I,FIN,Finland,A,Annual,SOCX,Social expenditure,USD_PPP_PS,"US dollars per person, PPP converted",ES10,Public,C,In cash spending,TP31,Incapacity related,Q,Constant prices,2015,,1008.611,,A,Normal value,0,Units,1,One,_Z,Not applicable,,
DATAFLOW,OECD.ELS.SPD:DSD_SOCX_AGG@DF_SOCX_AGG(1.0),Social expenditure aggregates,I,FIN,Finland,A,Annual,SOCX,Social expenditure,USD_PPP_PS,"US dollars per person, PPP converted",ES10,Public,C,In cash spending,TP31,Incapacity related,Q,Constant prices,2016,,962.78,,A,Normal value,0,Units,1,One,_Z,Not applicable,,
DATAFLOW,OECD.ELS.SPD:DSD_SOCX_AGG@DF_SOCX_AGG(1.0),Social expenditure aggregates,I,FIN,Finland,A,Annual,SOCX,Social expenditure,USD_PPP_PS,"US dollars per person, PPP converted",ES10,Public,C,In cash spending,TP31,Incapacity related,Q,Constant prices,2017,,927.483,,A,Normal value,0,Units,1,One,_Z,Not applicable,,
DATAFLOW,OECD.ELS.SPD:DSD_SOCX_AGG@DF_SOCX_AGG(1.0),Social expenditure aggregates,I,FIN,Finland,A,Annual,SOCX,Social expenditure,USD_PPP_PS,"US dollars per person, PPP converted",ES10,Public,C,In cash spending,TP31,Incapacity related,Q,Constant prices,2018,,904.6,,A,Normal value,0,Units,1,One,_Z,Not applicable,,
DATAFLOW,OECD.ELS.SPD:DSD_SOCX_AGG@DF_SOCX_AGG(1.0),Social expenditure aggregates,I,FIN,Finland,A,Annual,SOCX,Social expenditure,USD_PPP_PS,"US dollars per person, PPP converted",ES10,Public,C,In cash spending,TP31,Incapacity related,Q,Constant prices,2019,,887.807,,A,Normal value,0,Units,1,One,_Z,Not applicable,,
DATAFLOW,OECD.ELS.SPD:DSD_SOCX_AGG@DF_SOCX_AGG(1.0),Social expenditure aggregates,I,FIN,Finland,A,Annual,SOCX,Social expenditure,USD_PPP_PS,"US dollars per person, PPP converted",ES10,Public,C,In cash spending,TP31,Incapacity related,Q,Constant prices,2020,,876.492,,A,Normal value,0,Units,1,One,_Z,Not applicable,,
DATAFLOW,OECD.ELS.SPD:DSD_SOCX_AGG@DF_SOCX_AGG(1.0),Social expenditure aggregates,I,FIN,Finland,A,Annual,SOCX,Social expenditure,USD_PPP_PS,"US dollars per person, PPP converted",ES10,Public,C,In cash spending,TP31,Incapacity related,Q,Constant prices,2021,,862.66,,A,Normal value,0,Units,1,One,_Z,Not applicable,,
DATAFLOW,OECD.ELS.SPD:DSD_SOCX_AGG@DF_SOCX_AGG(1.0),Social expenditure aggregates,I,FIN,Finland,A,Annual,SOCX,Social expenditure,USD_PPP_PS,"US dollars per person, PPP converted",ES10,Public,C,In cash spending,TP31,Incapacity related,V,Current prices,1990,,679.999,,A,Normal value,0,Units,1,One,_Z,Not applicable,,
DATAFLOW,OECD.ELS.SPD:DSD_SOCX_AGG@DF_SOCX_AGG(1.0),Social expenditure aggregates,I,FIN,Finland,A,Annual,SOCX,Social expenditure,USD_PPP_PS,"US dollars per person, PPP converted",ES10,Public,C,In cash spending,TP31,Incapacity related,V,Current prices,1991,,765.985,,A,Normal value,0,Units,1,One,_Z,Not applicable,,
DATAFLOW,OECD.ELS.SPD:DSD_SOCX_AGG@DF_SOCX_AGG(1.0),Social expenditure aggregates,I,FIN,Finland,A,Annual,SOCX,Social expenditure,USD_PPP_PS,"US dollars per person, PPP converted",ES10,Public,C,In cash spending,TP31,Incapacity related,V,Current prices,1992,,832.309,,A,Normal value,0,Units,1,One,_Z,Not applicable,,
DATAFLOW,OECD.ELS.SPD:DSD_SOCX_AGG@DF_SOCX_AGG(1.0),Social expenditure aggregates,I,FIN,Finland,A,Annual,SOCX,Social expenditure,USD_PPP_PS,"US dollars per person, PPP converted",ES10,Public,C,In cash spending,TP31,Incapacity related,V,Current prices,1993,,821.735,,A,Normal value,0,Units,1,One,_Z,Not applicable,,
DATAFLOW,OECD.ELS.SPD:DSD_SOCX_AGG@DF_SOCX_AGG(1.0),Social expenditure aggregates,I,FIN,Finland,A,Annual,SOCX,Social expenditure,USD_PPP_PS,"US dollars per person, PPP converted",ES10,Public,C,In cash spending,TP31,Incapacity related,V,Current prices,1994,,829.394,,A,Normal value,0,Units,1,One,_Z,Not applicable,,
DATAFLOW,OECD.ELS.SPD:DSD_SOCX_AGG@DF_SOCX_AGG(1.0),Social expenditure aggregates,I,FIN,Finland,A,Annual,SOCX,Social expenditure,USD_PPP_PS,"US dollars per person, PPP converted",ES10,Public,C,In cash spending,TP31,Incapacity related,V,Current prices,1995,,823.204,,A,Normal value,0,Units,1,One,_Z,Not applicable,,
DATAFLOW,OECD.ELS.SPD:DSD_SOCX_AGG@DF_SOCX_AGG(1.0),Social expenditure aggregates,I,FIN,Finland,A,Annual,SOCX,Social expenditure,USD_PPP_PS,"US dollars per person, PPP converted",ES10,Public,C,In cash spending,TP31,Incapacity related,V,Current prices,1996,,810.303,,A,Normal value,0,Units,1,One,_Z,Not applicable,,
DATAFLOW,OECD.ELS.SPD:DSD_SOCX_AGG@DF_SOCX_AGG(1.0),Social expenditure aggregates,I,FIN,Finland,A,Annual,SOCX,Social expenditure,USD_PPP_PS,"US dollars per person, PPP converted",ES10,Public,C,In cash spending,TP31,Incapacity related,V,Current prices,1997,,806.926,,A,Normal value,0,Units,1,One,_Z,Not applicable,,
DATAFLOW,OECD.ELS.SPD:DSD_SOCX_AGG@DF_SOCX_AGG(1.0),Social expenditure aggregates,I,FIN,Finland,A,Annual,SOCX,Social expenditure,USD_PPP_PS,"US dollars per person, PPP converted",ES10,Public,C,In cash spending,TP31,Incapacity related,V,Current prices,1998,,787.548,,A,Normal value,0,Units,1,One,_Z,Not applicable,,
DATAFLOW,OECD.ELS.SPD:DSD_SOCX_AGG@DF_SOCX_AGG(1.0),Social expenditure aggregates,I,FIN,Finland,A,Annual,SOCX,Social expenditure,USD_PPP_PS,"US dollars per person, PPP converted",ES10,Public,C,In cash spending,TP31,Incapacity related,V,Current prices,1999,,786.787,,A,Normal value,0,Units,1,One,_Z,Not applicable,,
DATAFLOW,OECD.ELS.SPD:DSD_SOCX_AGG@DF_SOCX_AGG(1.0),Social expenditure aggregates,I,FIN,Finland,A,Annual,SOCX,Social expenditure,USD_PPP_PS,"US dollars per person, PPP converted",ES10,Public,C,In cash spending,TP31,Incapacity related,V,Current prices,2000,,791.466,,A,Normal value,0,Units,1,One,_Z,Not applicable,,
DATAFLOW,OECD.ELS.SPD:DSD_SOCX_AGG@DF_SOCX_AGG(1.0),Social expenditure aggregates,I,FIN,Finland,A,Annual,SOCX,Social expenditure,USD_PPP_PS,"US dollars per person, PPP converted",ES10,Public,C,In cash spending,TP31,Incapacity related,V,Current prices,2001,,795.185,,A,Normal value,0,Units,1,One,_Z,Not applicable,,
DATAFLOW,OECD.ELS.SPD:DSD_SOCX_AGG@DF_SOCX_AGG(1.0),Social expenditure aggregates,I,FIN,Finland,A,Annual,SOCX,Social expenditure,USD_PPP_PS,"US dollars per person, PPP converted",ES10,Public,C,In cash spending,TP31,Incapacity related,V,Current prices,2002,,829.347,,A,Normal value,0,Units,1,One,_Z,Not applicable,,
DATAFLOW,OECD.ELS.SPD:DSD_SOCX_AGG@DF_SOCX_AGG(1.0),Social expenditure aggregates,I,FIN,Finland,A,Annual,SOCX,Social expenditure,USD_PPP_PS,"US dollars per person, PPP converted",ES10,Public,C,In cash spending,TP31,Incapacity related,V,Current prices,2003,,842.766,,A,Normal value,0,Units,1,One,_Z,Not applicable,,
DATAFLOW,OECD.ELS.SPD:DSD_SOCX_AGG@DF_SOCX_AGG(1.0),Social expenditure aggregates,I,FIN,Finland,A,Annual,SOCX,Social expenditure,USD_PPP_PS,"US dollars per person, PPP converted",ES10,Public,C,In cash spending,TP31,Incapacity related,V,Current prices,2004,,897.578,,A,Normal value,0,Units,1,One,_Z,Not applicable,,
DATAFLOW,OECD.ELS.SPD:DSD_SOCX_AGG@DF_SOCX_AGG(1.0),Social expenditure aggregates,I,FIN,Finland,A,Annual,SOCX,Social expenditure,USD_PPP_PS,"US dollars per person, PPP converted",ES10,Public,C,In cash spending,TP31,Incapacity related,V,Current prices,2005,,896.282,,A,Normal value,0,Units,1,One,_Z,Not applicable,,
DATAFLOW,OECD.ELS.SPD:DSD_SOCX_AGG@DF_SOCX_AGG(1.0),Social expenditure aggregates,I,FIN,Finland,A,Annual,SOCX,Social expenditure,USD_PPP_PS,"US dollars per person, PPP converted",ES10,Public,C,In cash spending,TP31,Incapacity related,V,Current prices,2006,,936.347,,A,Normal value,0,Units,1,One,_Z,Not applicable,,
DATAFLOW,OECD.ELS.SPD:DSD_SOCX_AGG@DF_SOCX_AGG(1.0),Social expenditure aggregates,I,FIN,Finland,A,Annual,SOCX,Social expenditure,USD_PPP_PS,"US dollars per person, PPP converted",ES10,Public,C,In cash spending,TP31,Incapacity related,V,Current prices,2007,,973.015,,A,Normal value,0,Units,1,One,_Z,Not applicable,,
DATAFLOW,OECD.ELS.SPD:DSD_SOCX_AGG@DF_SOCX_AGG(1.0),Social expenditure aggregates,I,FIN,Finland,A,Annual,SOCX,Social expenditure,USD_PPP_PS,"US dollars per person, PPP converted",ES10,Public,C,In cash spending,TP31,Incapacity related,V,Current prices,2008,,1042.898,,A,Normal value,0,Units,1,One,_Z,Not applicable,,
DATAFLOW,OECD.ELS.SPD:DSD_SOCX_AGG@DF_SOCX_AGG(1.0),Social expenditure aggregates,I,FIN,Finland,A,Annual,SOCX,Social expenditure,USD_PPP_PS,"US dollars per person, PPP converted",ES10,Public,C,In cash spending,TP31,Incapacity related,V,Current prices,2009,,1094.506,,A,Normal value,0,Units,1,One,_Z,Not applicable,,
DATAFLOW,OECD.ELS.SPD:DSD_SOCX_AGG@DF_SOCX_AGG(1.0),Social expenditure aggregates,I,FIN,Finland,A,Annual,SOCX,Social expenditure,USD_PPP_PS,"US dollars per person, PPP converted",ES10,Public,C,In cash spending,TP31,Incapacity related,V,Current prices,2010,,1101.15,,A,Normal value,0,Units,1,One,_Z,Not applicable,,
DATAFLOW,OECD.ELS.SPD:DSD_SOCX_AGG@DF_SOCX_AGG(1.0),Social expenditure aggregates,I,FIN,Finland,A,Annual,SOCX,Social expenditure,USD_PPP_PS,"US dollars per person, PPP converted",ES10,Public,C,In cash spending,TP31,Incapacity related,V,Current prices,2011,,1091.624,,A,Normal value,0,Units,1,One,_Z,Not applicable,,
DATAFLOW,OECD.ELS.SPD:DSD_SOCX_AGG@DF_SOCX_AGG(1.0),Social expenditure aggregates,I,FIN,Finland,A,Annual,SOCX,Social expenditure,USD_PPP_PS,"US dollars per person, PPP converted",ES10,Public,C,In cash spending,TP31,Incapacity related,V,Current prices,2012,,1076.461,,A,Normal value,0,Units,1,One,_Z,Not applicable,,
DATAFLOW,OECD.ELS.SPD:DSD_SOCX_AGG@DF_SOCX_AGG(1.0),Social expenditure aggregates,I,FIN,Finland,A,Annual,SOCX,Social expenditure,USD_PPP_PS,"US dollars per person, PPP converted",ES10,Public,C,In cash spending,TP31,Incapacity related,V,Current prices,2013,,1075.287,,A,Normal value,0,Units,1,One,_Z,Not applicable,,
DATAFLOW,OECD.ELS.SPD:DSD_SOCX_AGG@DF_SOCX_AGG(1.0),Social expenditure aggregates,I,FIN,Finland,A,Annual,SOCX,Social expenditure,USD_PPP_PS,"US dollars per person, PPP converted",ES10,Public,C,In cash spending,TP31,Incapacity related,V,Current prices,2014,,1045.354,,A,Normal value,0,Units,1,One,_Z,Not applicable,,
DATAFLOW,OECD.ELS.SPD:DSD_SOCX_AGG@DF_SOCX_AGG(1.0),Social expenditure aggregates,I,FIN,Finland,A,Annual,SOCX,Social expenditure,USD_PPP_PS,"US dollars per person, PPP converted",ES10,Public,C,In cash spending,TP31,Incapacity related,V,Current prices,2015,,1008.611,,A,Normal value,0,Units,1,One,_Z,Not applicable,,
DATAFLOW,OECD.ELS.SPD:DSD_SOCX_AGG@DF_SOCX_AGG(1.0),Social expenditure aggregates,I,FIN,Finland,A,Annual,SOCX,Social expenditure,USD_PPP_PS,"US dollars per person, PPP converted",ES10,Public,C,In cash spending,TP31,Incapacity related,V,Current prices,2016,,992.677,,A,Normal value,0,Units,1,One,_Z,Not applicable,,
DATAFLOW,OECD.ELS.SPD:DSD_SOCX_AGG@DF_SOCX_AGG(1.0),Social expenditure aggregates,I,FIN,Finland,A,Annual,SOCX,Social expenditure,USD_PPP_PS,"US dollars per person, PPP converted",ES10,Public,C,In cash spending,TP31,Incapacity related,V,Current prices,2017,,983.525,,A,Normal value,0,Units,1,One,_Z,Not applicable,,
DATAFLOW,OECD.ELS.SPD:DSD_SOCX_AGG@DF_SOCX_AGG(1.0),Social expenditure aggregates,I,FIN,Finland,A,Annual,SOCX,Social expenditure,USD_PPP_PS,"US dollars per person, PPP converted",ES10,Public,C,In cash spending,TP31,Incapacity related,V,Current prices,2018,,989.677,,A,Normal value,0,Units,1,One,_Z,Not applicable,,
DATAFLOW,OECD.ELS.SPD:DSD_SOCX_AGG@DF_SOCX_AGG(1.0),Social expenditure aggregates,I,FIN,Finland,A,Annual,SOCX,Social expenditure,USD_PPP_PS,"US dollars per person, PPP converted",ES10,Public,C,In cash spending,TP31,Incapacity related,V,Current prices,2019,,1018.404,,A,Normal value,0,Units,1,One,_Z,Not applicable,,
DATAFLOW,OECD.ELS.SPD:DSD_SOCX_AGG@DF_SOCX_AGG(1.0),Social expenditure aggregates,I,FIN,Finland,A,Annual,SOCX,Social expenditure,USD_PPP_PS,"US dollars per person, PPP converted",ES10,Public,C,In cash spending,TP31,Incapacity related,V,Current prices,2020,,1052.749,,A,Normal value,0,Units,1,One,_Z,Not applicable,,
DATAFLOW,OECD.ELS.SPD:DSD_SOCX_AGG@DF_SOCX_AGG(1.0),Social expenditure aggregates,I,FIN,Finland,A,Annual,SOCX,Social expenditure,USD_PPP_PS,"US dollars per person, PPP converted",ES10,Public,C,In cash spending,TP31,Incapacity related,V,Current prices,2021,,1087.526,,A,Normal value,0,Units,1,One,_Z,Not applicable,,
DATAFLOW,OECD.ELS.SPD:DSD_SOCX_AGG@DF_SOCX_AGG(1.0),Social expenditure aggregates,I,CAN,Canada,A,Annual,SOCX,Social expenditure,USD_PPP_PS,"US dollars per person, PPP converted",ES10,Public,C,In cash spending,TP31,Incapacity related,V,Current prices,1990,,231.439,,A,Normal value,0,Units,1,One,_Z,Not applicable,,
DATAFLOW,OECD.ELS.SPD:DSD_SOCX_AGG@DF_SOCX_AGG(1.0),Social expenditure aggregates,I,CAN,Canada,A,Annual,SOCX,Social expenditure,USD_PPP_PS,"US dollars per person, PPP converted",ES10,Public,C,In cash spending,TP31,Incapacity related,V,Current prices,1991,,255.617,,A,Normal value,0,Units,1,One,_Z,Not applicable,,
DATAFLOW,OECD.ELS.SPD:DSD_SOCX_AGG@DF_SOCX_AGG(1.0),Social expenditure aggregates,I,CAN,Canada,A,Annual,SOCX,Social expenditure,USD_PPP_PS,"US dollars per person, PPP converted",ES10,Public,C,In cash spending,TP31,Incapacity related,V,Current prices,1992,,272.655,,A,Normal value,0,Units,1,One,_Z,Not applicable,,
DATAFLOW,OECD.ELS.SPD:DSD_SOCX_AGG@DF_SOCX_AGG(1.0),Social expenditure aggregates,I,CAN,Canada,A,Annual,SOCX,Social expenditure,USD_PPP_PS,"US dollars per person, PPP converted",ES10,Public,C,In cash spending,TP31,Incapacity related,V,Current prices,1993,,279.91,,A,Normal value,0,Units,1,One,_Z,Not applicable,,
DATAFLOW,OECD.ELS.SPD:DSD_SOCX_AGG@DF_SOCX_AGG(1.0),Social expenditure aggregates,I,CAN,Canada,A,Annual,SOCX,Social expenditure,USD_PPP_PS,"US dollars per person, PPP converted",ES10,Public,C,In cash spending,TP31,Incapacity related,V,Current prices,1994,,281.259,,A,Normal value,0,Units,1,One,_Z,Not applicable,,
DATAFLOW,OECD.ELS.SPD:DSD_SOCX_AGG@DF_SOCX_AGG(1.0),Social expenditure aggregates,I,CAN,Canada,A,Annual,SOCX,Social expenditure,USD_PPP_PS,"US dollars per person, PPP converted",ES10,Public,C,In cash spending,TP31,Incapacity related,V,Current prices,1995,,267.348,,A,Normal value,0,Units,1,One,_Z,Not applicable,,
DATAFLOW,OECD.ELS.SPD:DSD_SOCX_AGG@DF_SOCX_AGG(1.0),Social expenditure aggregates,I,CAN,Canada,A,Annual,SOCX,Social expenditure,USD_PPP_PS,"US dollars per person, PPP converted",ES10,Public,C,In cash spending,TP31,Incapacity related,V,Current prices,1996,,263.162,,A,Normal value,0,Units,1,One,_Z,Not applicable,,
DATAFLOW,OECD.ELS.SPD:DSD_SOCX_AGG@DF_SOCX_AGG(1.0),Social expenditure aggregates,I,CAN,Canada,A,Annual,SOCX,Social expenditure,USD_PPP_PS,"US dollars per person, PPP converted",ES10,Public,C,In cash spending,TP31,Incapacity related,V,Current prices,1997,,261.247,,A,Normal value,0,Units,1,One,_Z,Not applicable,,
DATAFLOW,OECD.ELS.SPD:DSD_SOCX_AGG@DF_SOCX_AGG(1.0),Social expenditure aggregates,I,CAN,Canada,A,Annual,SOCX,Social expenditure,USD_PPP_PS,"US dollars per person, PPP converted",ES10,Public,C,In cash spending,TP31,Incapacity related,V,Current prices,1998,,267.073,,A,Normal value,0,Units,1,One,_Z,Not applicable,,
DATAFLOW,OECD.ELS.SPD:DSD_SOCX_AGG@DF_SOCX_AGG(1.0),Social expenditure aggregates,I,CAN,Canada,A,Annual,SOCX,Social expenditure,USD_PPP_PS,"US dollars per person, PPP converted",ES10,Public,C,In cash spending,TP31,Incapacity related,V,Current prices,1999,,269.267,,A,Normal value,0,Units,1,One,_Z,Not applicable,,
DATAFLOW,OECD.ELS.SPD:DSD_SOCX_AGG@DF_SOCX_AGG(1.0),Social expenditure aggregates,I,CAN,Canada,A,Annual,SOCX,Social expenditure,USD_PPP_PS,"US dollars per person, PPP converted",ES10,Public,C,In cash spending,TP31,Incapacity related,V,Current prices,2000,,276.721,,A,Normal value,0,Units,1,One,_Z,Not applicable,,
DATAFLOW,OECD.ELS.SPD:DSD_SOCX_AGG@DF_SOCX_AGG(1.0),Social expenditure aggregates,I,CAN,Canada,A,Annual,SOCX,Social expenditure,USD_PPP_PS,"US dollars per person, PPP converted",ES10,Public,C,In cash spending,TP31,Incapacity related,V,Current prices,2001,,291.917,,A,Normal value,0,Units,1,One,_Z,Not applicable,,
DATAFLOW,OECD.ELS.SPD:DSD_SOCX_AGG@DF_SOCX_AGG(1.0),Social expenditure aggregates,I,CAN,Canada,A,Annual,SOCX,Social expenditure,USD_PPP_PS,"US dollars per person, PPP converted",ES10,Public,C,In cash spending,TP31,Incapacity related,V,Current prices,2002,,306.101,,A,Normal value,0,Units,1,One,_Z,Not applicable,,
DATAFLOW,OECD.ELS.SPD:DSD_SOCX_AGG@DF_SOCX_AGG(1.0),Social expenditure aggregates,I,CAN,Canada,A,Annual,SOCX,Social expenditure,USD_PPP_PS,"US dollars per person, PPP converted",ES10,Public,C,In cash spending,TP31,Incapacity related,V,Current prices,2003,,310.422,,A,Normal value,0,Units,1,One,_Z,Not applicable,,
DATAFLOW,OECD.ELS.SPD:DSD_SOCX_AGG@DF_SOCX_AGG(1.0),Social expenditure aggregates,I,CAN,Canada,A,Annual,SOCX,Social expenditure,USD_PPP_PS,"US dollars per person, PPP converted",ES10,Public,C,In cash spending,TP31,Incapacity related,V,Current prices,2004,,317.462,,A,Normal value,0,Units,1,One,_Z,Not applicable,,
DATAFLOW,OECD.ELS.SPD:DSD_SOCX_AGG@DF_SOCX_AGG(1.0),Social expenditure aggregates,I,CAN,Canada,A,Annual,SOCX,Social expenditure,USD_PPP_PS,"US dollars per person, PPP converted",ES10,Public,C,In cash spending,TP31,Incapacity related,V,Current prices,2005,,331.818,,A,Normal value,0,Units,1,One,_Z,Not applicable,,
DATAFLOW,OECD.ELS.SPD:DSD_SOCX_AGG@DF_SOCX_AGG(1.0),Social expenditure aggregates,I,CAN,Canada,A,Annual,SOCX,Social expenditure,USD_PPP_PS,"US dollars per person, PPP converted",ES10,Public,C,In cash spending,TP31,Incapacity related,V,Current prices,2006,,339,,A,Normal value,0,Units,1,One,_Z,Not applicable,,
DATAFLOW,OECD.ELS.SPD:DSD_SOCX_AGG@DF_SOCX_AGG(1.0),Social expenditure aggregates,I,CAN,Canada,A,Annual,SOCX,Social expenditure,USD_PPP_PS,"US dollars per person, PPP converted",ES10,Public,C,In cash spending,TP31,Incapacity related,V,Current prices,2007,,346.468,,A,Normal value,0,Units,1,One,_Z,Not applicable,,
DATAFLOW,OECD.ELS.SPD:DSD_SOCX_AGG@DF_SOCX_AGG(1.0),Social expenditure aggregates,I,CAN,Canada,A,Annual,SOCX,Social expenditure,USD_PPP_PS,"US dollars per person, PPP converted",ES10,Public,C,In cash spending,TP31,Incapacity related,V,Current prices,2008,,351.563,,A,Normal value,0,Units,1,One,_Z,Not applicable,,
DATAFLOW,OECD.ELS.SPD:DSD_SOCX_AGG@DF_SOCX_AGG(1.0),Social expenditure aggregates,I,CAN,Canada,A,Annual,SOCX,Social expenditure,USD_PPP_PS,"US dollars per person, PPP converted",ES10,Public,C,In cash spending,TP31,Incapacity related,V,Current prices,2009,,361.64,,A,Normal value,0,Units,1,One,_Z,Not applicable,,
DATAFLOW,OECD.ELS.SPD:DSD_SOCX_AGG@DF_SOCX_AGG(1.0),Social expenditure aggregates,I,CAN,Canada,A,Annual,SOCX,Social expenditure,USD_PPP_PS,"US dollars per person, PPP converted",ES10,Public,C,In cash spending,TP31,Incapacity related,V,Current prices,2010,,355.505,,A,Normal value,0,Units,1,One,_Z,Not applicable,,
DATAFLOW,OECD.ELS.SPD:DSD_SOCX_AGG@DF_SOCX_AGG(1.0),Social expenditure aggregates,I,CAN,Canada,A,Annual,SOCX,Social expenditure,USD_PPP_PS,"US dollars per person, PPP converted",ES10,Public,C,In cash spending,TP31,Incapacity related,V,Current prices,2011,,352.513,,A,Normal value,0,Units,1,One,_Z,Not applicable,,
DATAFLOW,OECD.ELS.SPD:DSD_SOCX_AGG@DF_SOCX_AGG(1.0),Social expenditure aggregates,I,CAN,Canada,A,Annual,SOCX,Social expenditure,USD_PPP_PS,"US dollars per person, PPP converted",ES10,Public,C,In cash spending,TP31,Incapacity related,V,Current prices,2012,,352.201,,A,Normal value,0,Units,1,One,_Z,Not applicable,,
DATAFLOW,OECD.ELS.SPD:DSD_SOCX_AGG@DF_SOCX_AGG(1.0),Social expenditure aggregates,I,CAN,Canada,A,Annual,SOCX,Social expenditure,USD_PPP_PS,"US dollars per person, PPP converted",ES10,Public,C,In cash spending,TP31,Incapacity related,V,Current prices,2013,,352.063,,A,Normal value,0,Units,1,One,_Z,Not applicable,,
DATAFLOW,OECD.ELS.SPD:DSD_SOCX_AGG@DF_SOCX_AGG(1.0),Social expenditure aggregates,I,CAN,Canada,A,Annual,SOCX,Social expenditure,USD_PPP_PS,"US dollars per person, PPP converted",ES10,Public,C,In cash spending,TP31,Incapacity related,V,Current prices,2014,,348.521,,A,Normal value,0,Units,1,One,_Z,Not applicable,,
DATAFLOW,OECD.ELS.SPD:DSD_SOCX_AGG@DF_SOCX_AGG(1.0),Social expenditure aggregates,I,CAN,Canada,A,Annual,SOCX,Social expenditure,USD_PPP_PS,"US dollars per person, PPP converted",ES10,Public,C,In cash spending,TP31,Incapacity related,V,Current prices,2015,,340.38,,A,Normal value,0,Units,1,One,_Z,Not applicable,,
DATAFLOW,OECD.ELS.SPD:DSD_SOCX_AGG@DF_SOCX_AGG(1.0),Social expenditure aggregates,I,CAN,Canada,A,Annual,SOCX,Social expenditure,USD_PPP_PS,"US dollars per person, PPP converted",ES10,Public,C,In cash spending,TP31,Incapacity related,V,Current prices,2016,,348.508,,A,Normal value,0,Units,1,One,_Z,Not applicable,,
DATAFLOW,OECD.ELS.SPD:DSD_SOCX_AGG@DF_SOCX_AGG(1.0),Social expenditure aggregates,I,CAN,Canada,A,Annual,SOCX,Social expenditure,USD_PPP_PS,"US dollars per person, PPP converted",ES10,Public,C,In cash spending,TP31,Incapacity related,V,Current prices,2017,,355.109,,A,Normal value,0,Units,1,One,_Z,Not applicable,,
DATAFLOW,OECD.ELS.SPD:DSD_SOCX_AGG@DF_SOCX_AGG(1.0),Social expenditure aggregates,I,CAN,Canada,A,Annual,SOCX,Social expenditure,USD_PPP_PS,"US dollars per person, PPP converted",ES10,Public,C,In cash spending,TP31,Incapacity related,V,Current prices,2018,,358.751,,A,Normal value,0,Units,1,One,_Z,Not applicable,,
DATAFLOW,OECD.ELS.SPD:DSD_SOCX_AGG@DF_SOCX_AGG(1.0),Social expenditure aggregates,I,CAN,Canada,A,Annual,SOCX,Social expenditure,USD_PPP_PS,"US dollars per person, PPP converted",ES10,Public,C,In cash spending,TP31,Incapacity related,V,Current prices,2019,,369.142,,A,Normal value,0,Units,1,One,_Z,Not applicable,,
DATAFLOW,OECD.ELS.SPD:DSD_SOCX_AGG@DF_SOCX_AGG(1.0),Social expenditure aggregates,I,CAN,Canada,A,Annual,SOCX,Social expenditure,USD_PPP_PS,"US dollars per person, PPP converted",ES10,Public,C,In cash spending,TP31,Incapacity related,V,Current prices,2020,,378.013,,A,Normal value,0,Units,1,One,_Z,Not applicable,,
DATAFLOW,OECD.ELS.SPD:DSD_SOCX_AGG@DF_SOCX_AGG(1.0),Social expenditure aggregates,I,CAN,Canada,A,Annual,SOCX,Social expenditure,USD_PPP_PS,"US dollars per person, PPP converted",ES10,Public,C,In cash spending,TP31,Incapacity related,V,Current prices,2021,,400.241,,A,Normal value,0,Units,1,One,_Z,Not applicable,,
DATAFLOW,OECD.ELS.SPD:DSD_SOCX_AGG@DF_SOCX_AGG(1.0),Social expenditure aggregates,I,CAN,Canada,A,Annual,SOCX,Social expenditure,USD_PPP_PS,"US dollars per person, PPP converted",ES10,Public,C,In cash spending,TP31,Incapacity related,V,Current prices,2022,,388.139,,A,Normal value,0,Units,1,One,_Z,Not applicable,,
DATAFLOW,OECD.ELS.SPD:DSD_SOCX_AGG@DF_SOCX_AGG(1.0),Social expenditure aggregates,I,DNK,Denmark,A,Annual,SOCX,Social expenditure,USD_PPP_PS,"US dollars per person, PPP converted",ES10,Public,C,In cash spending,TP31,Incapacity related,V,Current prices,1990,,539.321,,A,Normal value,0,Units,1,One,_Z,Not applicable,,
DATAFLOW,OECD.ELS.SPD:DSD_SOCX_AGG@DF_SOCX_AGG(1.0),Social expenditure aggregates,I,DNK,Denmark,A,Annual,SOCX,Social expenditure,USD_PPP_PS,"US dollars per person, PPP converted",ES10,Public,C,In cash spending,TP31,Incapacity related,V,Current prices,1991,,541.19,,A,Normal value,0,Units,1,One,_Z,Not applicable,,
DATAFLOW,OECD.ELS.SPD:DSD_SOCX_AGG@DF_SOCX_AGG(1.0),Social expenditure aggregates,I,DNK,Denmark,A,Annual,SOCX,Social expenditure,USD_PPP_PS,"US dollars per person, PPP converted",ES10,Public,C,In cash spending,TP31,Incapacity related,V,Current prices,1992,,549.247,,A,Normal value,0,Units,1,One,_Z,Not applicable,,
DATAFLOW,OECD.ELS.SPD:DSD_SOCX_AGG@DF_SOCX_AGG(1.0),Social expenditure aggregates,I,DNK,Denmark,A,Annual,SOCX,Social expenditure,USD_PPP_PS,"US dollars per person, PPP converted",ES10,Public,C,In cash spending,TP31,Incapacity related,V,Current prices,1993,,597.482,,A,Normal value,0,Units,1,One,_Z,Not applicable,,
DATAFLOW,OECD.ELS.SPD:DSD_SOCX_AGG@DF_SOCX_AGG(1.0),Social expenditure aggregates,I,DNK,Denmark,A,Annual,SOCX,Social expenditure,USD_PPP_PS,"US dollars per person, PPP converted",ES10,Public,C,In cash spending,TP31,Incapacity related,V,Current prices,1994,,645.303,,A,Normal value,0,Units,1,One,_Z,Not applicable,,
DATAFLOW,OECD.ELS.SPD:DSD_SOCX_AGG@DF_SOCX_AGG(1.0),Social expenditure aggregates,I,DNK,Denmark,A,Annual,SOCX,Social expenditure,USD_PPP_PS,"US dollars per person, PPP converted",ES10,Public,C,In cash spending,TP31,Incapacity related,V,Current prices,1995,,733.022,,A,Normal value,0,Units,1,One,_Z,Not applicable,,
DATAFLOW,OECD.ELS.SPD:DSD_SOCX_AGG@DF_SOCX_AGG(1.0),Social expenditure aggregates,I,DNK,Denmark,A,Annual,SOCX,Social expenditure,USD_PPP_PS,"US dollars per person, PPP converted",ES10,Public,C,In cash spending,TP31,Incapacity related,V,Current prices,1996,,747.359,,A,Normal value,0,Units,1,One,_Z,Not applicable,,
DATAFLOW,OECD.ELS.SPD:DSD_SOCX_AGG@DF_SOCX_AGG(1.0),Social expenditure aggregates,I,DNK,Denmark,A,Annual,SOCX,Social expenditure,USD_PPP_PS,"US dollars per person, PPP converted",ES10,Public,C,In cash spending,TP31,Incapacity related,V,Current prices,1997,,744.481,,A,Normal value,0,Units,1,One,_Z,Not applicable,,
DATAFLOW,OECD.ELS.SPD:DSD_SOCX_AGG@DF_SOCX_AGG(1.0),Social expenditure aggregates,I,DNK,Denmark,A,Annual,SOCX,Social expenditure,USD_PPP_PS,"US dollars per person, PPP converted",ES10,Public,C,In cash spending,TP31,Incapacity related,V,Current prices,1998,,742.227,,A,Normal value,0,Units,1,One,_Z,Not applicable,,
DATAFLOW,OECD.ELS.SPD:DSD_SOCX_AGG@DF_SOCX_AGG(1.0),Social expenditure aggregates,I,DNK,Denmark,A,Annual,SOCX,Social expenditure,USD_PPP_PS,"US dollars per person, PPP converted",ES10,Public,C,In cash spending,TP31,Incapacity related,V,Current prices,1999,,760.101,,A,Normal value,0,Units,1,One,_Z,Not applicable,,
DATAFLOW,OECD.ELS.SPD:DSD_SOCX_AGG@DF_SOCX_AGG(1.0),Social expenditure aggregates,I,DNK,Denmark,A,Annual,SOCX,Social expenditure,USD_PPP_PS,"US dollars per person, PPP converted",ES10,Public,C,In cash spending,TP31,Incapacity related,V,Current prices,2000,,793.123,,A,Normal value,0,Units,1,One,_Z,Not applicable,,
DATAFLOW,OECD.ELS.SPD:DSD_SOCX_AGG@DF_SOCX_AGG(1.0),Social expenditure aggregates,I,DNK,Denmark,A,Annual,SOCX,Social expenditure,USD_PPP_PS,"US dollars per person, PPP converted",ES10,Public,C,In cash spending,TP31,Incapacity related,V,Current prices,2001,,853.856,,A,Normal value,0,Units,1,One,_Z,Not applicable,,
DATAFLOW,OECD.ELS.SPD:DSD_SOCX_AGG@DF_SOCX_AGG(1.0),Social expenditure aggregates,I,DNK,Denmark,A,Annual,SOCX,Social expenditure,USD_PPP_PS,"US dollars per person, PPP converted",ES10,Public,C,In cash spending,TP31,Incapacity related,V,Current prices,2002,,918.586,,A,Normal value,0,Units,1,One,_Z,Not applicable,,
DATAFLOW,OECD.ELS.SPD:DSD_SOCX_AGG@DF_SOCX_AGG(1.0),Social expenditure aggregates,I,DNK,Denmark,A,Annual,SOCX,Social expenditure,USD_PPP_PS,"US dollars per person, PPP converted",ES10,Public,C,In cash spending,TP31,Incapacity related,V,Current prices,2003,,975.242,,A,Normal value,0,Units,1,One,_Z,Not applicable,,
DATAFLOW,OECD.ELS.SPD:DSD_SOCX_AGG@DF_SOCX_AGG(1.0),Social expenditure aggregates,I,DNK,Denmark,A,Annual,SOCX,Social expenditure,USD_PPP_PS,"US dollars per person, PPP converted",ES10,Public,C,In cash spending,TP31,Incapacity related,V,Current prices,2004,,1038.949,,A,Normal value,0,Units,1,One,_Z,Not applicable,,
DATAFLOW,OECD.ELS.SPD:DSD_SOCX_AGG@DF_SOCX_AGG(1.0),Social expenditure aggregates,I,DNK,Denmark,A,Annual,SOCX,Social expenditure,USD_PPP_PS,"US dollars per person, PPP converted",ES10,Public,C,In cash spending,TP31,Incapacity related,V,Current prices,2005,,1088.441,,A,Normal value,0,Units,1,One,_Z,Not applicable,,
DATAFLOW,OECD.ELS.SPD:DSD_SOCX_AGG@DF_SOCX_AGG(1.0),Social expenditure aggregates,I,DNK,Denmark,A,Annual,SOCX,Social expenditure,USD_PPP_PS,"US dollars per person, PPP converted",ES10,Public,C,In cash spending,TP31,Incapacity related,V,Current prices,2006,,1170.716,,A,Normal value,0,Units,1,One,_Z,Not applicable,,
DATAFLOW,OECD.ELS.SPD:DSD_SOCX_AGG@DF_SOCX_AGG(1.0),Social expenditure aggregates,I,DNK,Denmark,A,Annual,SOCX,Social expenditure,USD_PPP_PS,"US dollars per person, PPP converted",ES10,Public,C,In cash spending,TP31,Incapacity related,V,Current prices,2007,,1355.231,,A,Normal value,0,Units,1,One,_Z,Not applicable,,
DATAFLOW,OECD.ELS.SPD:DSD_SOCX_AGG@DF_SOCX_AGG(1.0),Social expenditure aggregates,I,DNK,Denmark,A,Annual,SOCX,Social expenditure,USD_PPP_PS,"US dollars per person, PPP converted",ES10,Public,C,In cash spending,TP31,Incapacity related,V,Current prices,2008,,1399.831,,A,Normal value,0,Units,1,One,_Z,Not applicable,,
DATAFLOW,OECD.ELS.SPD:DSD_SOCX_AGG@DF_SOCX_AGG(1.0),Social expenditure aggregates,I,DNK,Denmark,A,Annual,SOCX,Social expenditure,USD_PPP_PS,"US dollars per person, PPP converted",ES10,Public,C,In cash spending,TP31,Incapacity related,V,Current prices,2009,,1448.507,,A,Normal value,0,Units,1,One,_Z,Not applicable,,
DATAFLOW,OECD.ELS.SPD:DSD_SOCX_AGG@DF_SOCX_AGG(1.0),Social expenditure aggregates,I,DNK,Denmark,A,Annual,SOCX,Social expenditure,USD_PPP_PS,"US dollars per person, PPP converted",ES10,Public,C,In cash spending,TP31,Incapacity related,V,Current prices,2010,,1545.238,,A,Normal value,0,Units,1,One,_Z,Not applicable,,
DATAFLOW,OECD.ELS.SPD:DSD_SOCX_AGG@DF_SOCX_AGG(1.0),Social expenditure aggregates,I,DNK,Denmark,A,Annual,SOCX,Social expenditure,USD_PPP_PS,"US dollars per person, PPP converted",ES10,Public,C,In cash spending,TP31,Incapacity related,V,Current prices,2011,,1555.656,,A,Normal value,0,Units,1,One,_Z,Not applicable,,
DATAFLOW,OECD.ELS.SPD:DSD_SOCX_AGG@DF_SOCX_AGG(1.0),Social expenditure aggregates,I,DNK,Denmark,A,Annual,SOCX,Social expenditure,USD_PPP_PS,"US dollars per person, PPP converted",ES10,Public,C,In cash spending,TP31,Incapacity related,V,Current prices,2012,,1545.986,,A,Normal value,0,Units,1,One,_Z,Not applicable,,
DATAFLOW,OECD.ELS.SPD:DSD_SOCX_AGG@DF_SOCX_AGG(1.0),Social expenditure aggregates,I,DNK,Denmark,A,Annual,SOCX,Social expenditure,USD_PPP_PS,"US dollars per person, PPP converted",ES10,Public,C,In cash spending,TP31,Incapacity related,V,Current prices,2013,,1543.636,,A,Normal value,0,Units,1,One,_Z,Not applicable,,
DATAFLOW,OECD.ELS.SPD:DSD_SOCX_AGG@DF_SOCX_AGG(1.0),Social expenditure aggregates,I,DNK,Denmark,A,Annual,SOCX,Social expenditure,USD_PPP_PS,"US dollars per person, PPP converted",ES10,Public,C,In cash spending,TP31,Incapacity related,V,Current prices,2014,,1513.664,,A,Normal value,0,Units,1,One,_Z,Not applicable,,
DATAFLOW,OECD.ELS.SPD:DSD_SOCX_AGG@DF_SOCX_AGG(1.0),Social expenditure aggregates,I,DNK,Denmark,A,Annual,SOCX,Social expenditure,USD_PPP_PS,"US dollars per person, PPP converted",ES10,Public,C,In cash spending,TP31,Incapacity related,V,Current prices,2015,,1481.856,,A,Normal value,0,Units,1,One,_Z,Not applicable,,
DATAFLOW,OECD.ELS.SPD:DSD_SOCX_AGG@DF_SOCX_AGG(1.0),Social expenditure aggregates,I,DNK,Denmark,A,Annual,SOCX,Social expenditure,USD_PPP_PS,"US dollars per person, PPP converted",ES10,Public,C,In cash spending,TP31,Incapacity related,V,Current prices,2016,,1459.044,,A,Normal value,0,Units,1,One,_Z,Not applicable,,
DATAFLOW,OECD.ELS.SPD:DSD_SOCX_AGG@DF_SOCX_AGG(1.0),Social expenditure aggregates,I,DNK,Denmark,A,Annual,SOCX,Social expenditure,USD_PPP_PS,"US dollars per person, PPP converted",ES10,Public,C,In cash spending,TP31,Incapacity related,V,Current prices,2017,,1522.311,,A,Normal value,0,Units,1,One,_Z,Not applicable,,
DATAFLOW,OECD.ELS.SPD:DSD_SOCX_AGG@DF_SOCX_AGG(1.0),Social expenditure aggregates,I,DNK,Denmark,A,Annual,SOCX,Social expenditure,USD_PPP_PS,"US dollars per person, PPP converted",ES10,Public,C,In cash spending,TP31,Incapacity related,V,Current prices,2018,,1533.668,,A,Normal value,0,Units,1,One,_Z,Not applicable,,
DATAFLOW,OECD.ELS.SPD:DSD_SOCX_AGG@DF_SOCX_AGG(1.0),Social expenditure aggregates,I,DNK,Denmark,A,Annual,SOCX,Social expenditure,USD_PPP_PS,"US dollars per person, PPP converted",ES10,Public,C,In cash spending,TP31,Incapacity related,V,Current prices,2019,,1650.7,,A,Normal value,0,Units,1,One,_Z,Not applicable,,
DATAFLOW,OECD.ELS.SPD:DSD_SOCX_AGG@DF_SOCX_AGG(1.0),Social expenditure aggregates,I,DNK,Denmark,A,Annual,SOCX,Social expenditure,USD_PPP_PS,"US dollars per person, PPP converted",ES10,Public,C,In cash spending,TP31,Incapacity related,V,Current prices,2020,,1828.873,,A,Normal value,0,Units,1,One,_Z,Not applicable,,
DATAFLOW,OECD.ELS.SPD:DSD_SOCX_AGG@DF_SOCX_AGG(1.0),Social expenditure aggregates,I,DNK,Denmark,A,Annual,SOCX,Social expenditure,USD_PPP_PS,"US dollars per person, PPP converted",ES10,Public,C,In cash spending,TP31,Incapacity related,V,Current prices,2021,,2021.069,,A,Normal value,0,Units,1,One,_Z,Not applicable,,
DATAFLOW,OECD.ELS.SPD:DSD_SOCX_AGG@DF_SOCX_AGG(1.0),Social expenditure aggregates,I,AUS,Australia,A,Annual,SOCX,Social expenditure,USD_PPP_PS,"US dollars per person, PPP converted",ES10,Public,C,In cash spending,TP31,Incapacity related,V,Current prices,1990,,304.309,,A,Normal value,0,Units,1,One,_Z,Not applicable,,
DATAFLOW,OECD.ELS.SPD:DSD_SOCX_AGG@DF_SOCX_AGG(1.0),Social expenditure aggregates,I,AUS,Australia,A,Annual,SOCX,Social expenditure,USD_PPP_PS,"US dollars per person, PPP converted",ES10,Public,C,In cash spending,TP31,Incapacity related,V,Current prices,1991,,288.644,,A,Normal value,0,Units,1,One,_Z,Not applicable,,
DATAFLOW,OECD.ELS.SPD:DSD_SOCX_AGG@DF_SOCX_AGG(1.0),Social expenditure aggregates,I,AUS,Australia,A,Annual,SOCX,Social expenditure,USD_PPP_PS,"US dollars per person, PPP converted",ES10,Public,C,In cash spending,TP31,Incapacity related,V,Current prices,1992,,347.648,,A,Normal value,0,Units,1,One,_Z,Not applicable,,
DATAFLOW,OECD.ELS.SPD:DSD_SOCX_AGG@DF_SOCX_AGG(1.0),Social expenditure aggregates,I,AUS,Australia,A,Annual,SOCX,Social expenditure,USD_PPP_PS,"US dollars per person, PPP converted",ES10,Public,C,In cash spending,TP31,Incapacity related,V,Current prices,2017,,966.151,,A,Normal value,0,Units,1,One,_Z,Not applicable,,
DATAFLOW,OECD.ELS.SPD:DSD_SOCX_AGG@DF_SOCX_AGG(1.0),Social expenditure aggregates,I,AUS,Australia,A,Annual,SOCX,Social expenditure,USD_PPP_PS,"US dollars per person, PPP converted",ES10,Public,C,In cash spending,TP31,Incapacity related,V,Current prices,2018,,981.195,,A,Normal value,0,Units,1,One,_Z,Not applicable,,
DATAFLOW,OECD.ELS.SPD:DSD_SOCX_AGG@DF_SOCX_AGG(1.0),Social expenditure aggregates,I,AUS,Australia,A,Annual,SOCX,Social expenditure,USD_PPP_PS,"US dollars per person, PPP converted",ES10,Public,C,In cash spending,TP31,Incapacity related,V,Current prices,2019,,1045.764,,A,Normal value,0,Units,1,One,_Z,Not applicable,,
DATAFLOW,OECD.ELS.SPD:DSD_SOCX_AGG@DF_SOCX_AGG(1.0),Social expenditure aggregates,I,AUS,Australia,A,Annual,SOCX,Social expenditure,USD_PPP_PS,"US dollars per person, PPP converted",ES10,Public,C,In cash spending,TP31,Incapacity related,V,Current prices,2020,,1105.561,,A,Normal value,0,Units,1,One,_Z,Not applicable,,
DATAFLOW,OECD.ELS.SPD:DSD_SOCX_AGG@DF_SOCX_AGG(1.0),Social expenditure aggregates,I,AUS,Australia,A,Annual,SOCX,Social expenditure,USD_PPP_PS,"US dollars per person, PPP converted",ES10,Public,C,In cash spending,TP31,Incapacity related,V,Current prices,2021,,1135.435,,A,Normal value,0,Units,1,One,_Z,Not applicable,,
DATAFLOW,OECD.ELS.SPD:DSD_SOCX_AGG@DF_SOCX_AGG(1.0),Social expenditure aggregates,I,AUS,Australia,A,Annual,SOCX,Social expenditure,USD_PPP_PS,"US dollars per person, PPP converted",ES10,Public,C,In cash spending,TP31,Incapacity related,V,Current prices,2022,,1225.777,,A,Normal value,0,Units,1,One,_Z,Not applicable,,
DATAFLOW,OECD.ELS.SPD:DSD_SOCX_AGG@DF_SOCX_AGG(1.0),Social expenditure aggregates,I,AUS,Australia,A,Annual,SOCX,Social expenditure,USD_PPP_PS,"US dollars per person, PPP converted",ES10,Public,K,In kind spending,TP31,Incapacity related,V,Current prices,1990,,4.099,,A,Normal value,0,Units,1,One,_Z,Not applicable,,
DATAFLOW,OECD.ELS.SPD:DSD_SOCX_AGG@DF_SOCX_AGG(1.0),Social expenditure aggregates,I,AUS,Australia,A,Annual,SOCX,Social expenditure,USD_PPP_PS,"US dollars per person, PPP converted",ES10,Public,K,In kind spending,TP31,Incapacity related,V,Current prices,1991,,4.792,,A,Normal value,0,Units,1,One,_Z,Not applicable,,
DATAFLOW,OECD.ELS.SPD:DSD_SOCX_AGG@DF_SOCX_AGG(1.0),Social expenditure aggregates,I,AUS,Australia,A,Annual,SOCX,Social expenditure,USD_PPP_PS,"US dollars per person, PPP converted",ES10,Public,K,In kind spending,TP31,Incapacity related,V,Current prices,1992,,68.324,,A,Normal value,0,Units,1,One,_Z,Not applicable,,
DATAFLOW,OECD.ELS.SPD:DSD_SOCX_AGG@DF_SOCX_AGG(1.0),Social expenditure aggregates,I,AUS,Australia,A,Annual,SOCX,Social expenditure,USD_PPP_PS,"US dollars per person, PPP converted",ES10,Public,K,In kind spending,TP31,Incapacity related,V,Current prices,2017,,174.499,,A,Normal value,0,Units,1,One,_Z,Not applicable,,
DATAFLOW,OECD.ELS.SPD:DSD_SOCX_AGG@DF_SOCX_AGG(1.0),Social expenditure aggregates,I,AUS,Australia,A,Annual,SOCX,Social expenditure,USD_PPP_PS,"US dollars per person, PPP converted",ES10,Public,K,In kind spending,TP31,Incapacity related,V,Current prices,2018,,98.358,,A,Normal value,0,Units,1,One,_Z,Not applicable,,
DATAFLOW,OECD.ELS.SPD:DSD_SOCX_AGG@DF_SOCX_AGG(1.0),Social expenditure aggregates,I,AUS,Australia,A,Annual,SOCX,Social expenditure,USD_PPP_PS,"US dollars per person, PPP converted",ES10,Public,K,In kind spending,TP31,Incapacity related,V,Current prices,2019,,495.774,,A,Normal value,0,Units,1,One,_Z,Not applicable,,
DATAFLOW,OECD.ELS.SPD:DSD_SOCX_AGG@DF_SOCX_AGG(1.0),Social expenditure aggregates,I,AUS,Australia,A,Annual,SOCX,Social expenditure,USD_PPP_PS,"US dollars per person, PPP converted",ES10,Public,K,In kind spending,TP31,Incapacity related,V,Current prices,2020,,669.689,,A,Normal value,0,Units,1,One,_Z,Not applicable,,
DATAFLOW,OECD.ELS.SPD:DSD_SOCX_AGG@DF_SOCX_AGG(1.0),Social expenditure aggregates,I,AUS,Australia,A,Annual,SOCX,Social expenditure,USD_PPP_PS,"US dollars per person, PPP converted",ES10,Public,K,In kind spending,TP31,Incapacity related,V,Current prices,2021,,870.747,,A,Normal value,0,Units,1,One,_Z,Not applicable,,
DATAFLOW,OECD.ELS.SPD:DSD_SOCX_AGG@DF_SOCX_AGG(1.0),Social expenditure aggregates,I,AUS,Australia,A,Annual,SOCX,Social expenditure,USD_PPP_PS,"US dollars per person, PPP converted",ES10,Public,K,In kind spending,TP31,Incapacity related,V,Current prices,2022,,1023.638,,A,Normal value,0,Units,1,One,_Z,Not applicable,,
DATAFLOW,OECD.ELS.SPD:DSD_SOCX_AGG@DF_SOCX_AGG(1.0),Social expenditure aggregates,I,DNK,Denmark,A,Annual,SOCX,Social expenditure,USD_PPP_PS,"US dollars per person, PPP converted",ES10,Public,K,In kind spending,TP31,Incapacity related,V,Current prices,1990,,129.982,,A,Normal value,0,Units,1,One,_Z,Not applicable,,
DATAFLOW,OECD.ELS.SPD:DSD_SOCX_AGG@DF_SOCX_AGG(1.0),Social expenditure aggregates,I,DNK,Denmark,A,Annual,SOCX,Social expenditure,USD_PPP_PS,"US dollars per person, PPP converted",ES10,Public,K,In kind spending,TP31,Incapacity related,V,Current prices,1991,,147.306,,A,Normal value,0,Units,1,One,_Z,Not applicable,,
DATAFLOW,OECD.ELS.SPD:DSD_SOCX_AGG@DF_SOCX_AGG(1.0),Social expenditure aggregates,I,DNK,Denmark,A,Annual,SOCX,Social expenditure,USD_PPP_PS,"US dollars per person, PPP converted",ES10,Public,K,In kind spending,TP31,Incapacity related,V,Current prices,1992,,161.417,,A,Normal value,0,Units,1,One,_Z,Not applicable,,
DATAFLOW,OECD.ELS.SPD:DSD_SOCX_AGG@DF_SOCX_AGG(1.0),Social expenditure aggregates,I,DNK,Denmark,A,Annual,SOCX,Social expenditure,USD_PPP_PS,"US dollars per person, PPP converted",ES10,Public,K,In kind spending,TP31,Incapacity related,V,Current prices,1993,,180.235,,A,Normal value,0,Units,1,One,_Z,Not applicable,,
DATAFLOW,OECD.ELS.SPD:DSD_SOCX_AGG@DF_SOCX_AGG(1.0),Social expenditure aggregates,I,DNK,Denmark,A,Annual,SOCX,Social expenditure,USD_PPP_PS,"US dollars per person, PPP converted",ES10,Public,K,In kind spending,TP31,Incapacity related,V,Current prices,1994,,184.607,,A,Normal value,0,Units,1,One,_Z,Not applicable,,
DATAFLOW,OECD.ELS.SPD:DSD_SOCX_AGG@DF_SOCX_AGG(1.0),Social expenditure aggregates,I,DNK,Denmark,A,Annual,SOCX,Social expenditure,USD_PPP_PS,"US dollars per person, PPP converted",ES10,Public,K,In kind spending,TP31,Incapacity related,V,Current prices,1995,,200.693,,A,Normal value,0,Units,1,One,_Z,Not applicable,,
DATAFLOW,OECD.ELS.SPD:DSD_SOCX_AGG@DF_SOCX_AGG(1.0),Social expenditure aggregates,I,DNK,Denmark,A,Annual,SOCX,Social expenditure,USD_PPP_PS,"US dollars per person, PPP converted",ES10,Public,K,In kind spending,TP31,Incapacity related,V,Current prices,1996,,213.009,,A,Normal value,0,Units,1,One,_Z,Not applicable,,
DATAFLOW,OECD.ELS.SPD:DSD_SOCX_AGG@DF_SOCX_AGG(1.0),Social expenditure aggregates,I,DNK,Denmark,A,Annual,SOCX,Social expenditure,USD_PPP_PS,"US dollars per person, PPP converted",ES10,Public,K,In kind spending,TP31,Incapacity related,V,Current prices,1997,,225.848,,A,Normal value,0,Units,1,One,_Z,Not applicable,,
DATAFLOW,OECD.ELS.SPD:DSD_SOCX_AGG@DF_SOCX_AGG(1.0),Social expenditure aggregates,I,DNK,Denmark,A,Annual,SOCX,Social expenditure,USD_PPP_PS,"US dollars per person, PPP converted",ES10,Public,K,In kind spending,TP31,Incapacity related,V,Current prices,1998,,285.902,,A,Normal value,0,Units,1,One,_Z,Not applicable,,
DATAFLOW,OECD.ELS.SPD:DSD_SOCX_AGG@DF_SOCX_AGG(1.0),Social expenditure aggregates,I,DNK,Denmark,A,Annual,SOCX,Social expenditure,USD_PPP_PS,"US dollars per person, PPP converted",ES10,Public,K,In kind spending,TP31,Incapacity related,V,Current prices,1999,,305.466,,A,Normal value,0,Units,1,One,_Z,Not applicable,,
DATAFLOW,OECD.ELS.SPD:DSD_SOCX_AGG@DF_SOCX_AGG(1.0),Social expenditure aggregates,I,DNK,Denmark,A,Annual,SOCX,Social expenditure,USD_PPP_PS,"US dollars per person, PPP converted",ES10,Public,K,In kind spending,TP31,Incapacity related,V,Current prices,2000,,298.28,,A,Normal value,0,Units,1,One,_Z,Not applicable,,
DATAFLOW,OECD.ELS.SPD:DSD_SOCX_AGG@DF_SOCX_AGG(1.0),Social expenditure aggregates,I,DNK,Denmark,A,Annual,SOCX,Social expenditure,USD_PPP_PS,"US dollars per person, PPP converted",ES10,Public,K,In kind spending,TP31,Incapacity related,V,Current prices,2001,,319.875,,A,Normal value,0,Units,1,One,_Z,Not applicable,,
DATAFLOW,OECD.ELS.SPD:DSD_SOCX_AGG@DF_SOCX_AGG(1.0),Social expenditure aggregates,I,DNK,Denmark,A,Annual,SOCX,Social expenditure,USD_PPP_PS,"US dollars per person, PPP converted",ES10,Public,K,In kind spending,TP31,Incapacity related,V,Current prices,2002,,367.157,,A,Normal value,0,Units,1,One,_Z,Not applicable,,
DATAFLOW,OECD.ELS.SPD:DSD_SOCX_AGG@DF_SOCX_AGG(1.0),Social expenditure aggregates,I,DNK,Denmark,A,Annual,SOCX,Social expenditure,USD_PPP_PS,"US dollars per person, PPP converted",ES10,Public,K,In kind spending,TP31,Incapacity related,V,Current prices,2003,,377.613,,A,Normal value,0,Units,1,One,_Z,Not applicable,,
DATAFLOW,OECD.ELS.SPD:DSD_SOCX_AGG@DF_SOCX_AGG(1.0),Social expenditure aggregates,I,DNK,Denmark,A,Annual,SOCX,Social expenditure,USD_PPP_PS,"US dollars per person, PPP converted",ES10,Public,K,In kind spending,TP31,Incapacity related,V,Current prices,2004,,407.586,,A,Normal value,0,Units,1,One,_Z,Not applicable,,
DATAFLOW,OECD.ELS.SPD:DSD_SOCX_AGG@DF_SOCX_AGG(1.0),Social expenditure aggregates,I,DNK,Denmark,A,Annual,SOCX,Social expenditure,USD_PPP_PS,"US dollars per person, PPP converted",ES10,Public,K,In kind spending,TP31,Incapacity related,V,Current prices,2005,,424.335,,A,Normal value,0,Units,1,One,_Z,Not applicable,,
DATAFLOW,OECD.ELS.SPD:DSD_SOCX_AGG@DF_SOCX_AGG(1.0),Social expenditure aggregates,I,DNK,Denmark,A,Annual,SOCX,Social expenditure,USD_PPP_PS,"US dollars per person, PPP converted",ES10,Public,K,In kind spending,TP31,Incapacity related,V,Current prices,2006,,470.203,,A,Normal value,0,Units,1,One,_Z,Not applicable,,
DATAFLOW,OECD.ELS.SPD:DSD_SOCX_AGG@DF_SOCX_AGG(1.0),Social expenditure aggregates,I,DNK,Denmark,A,Annual,SOCX,Social expenditure,USD_PPP_PS,"US dollars per person, PPP converted",ES10,Public,K,In kind spending,TP31,Incapacity related,V,Current prices,2007,,737.609,,A,Normal value,0,Units,1,One,_Z,Not applicable,,
DATAFLOW,OECD.ELS.SPD:DSD_SOCX_AGG@DF_SOCX_AGG(1.0),Social expenditure aggregates,I,DNK,Denmark,A,Annual,SOCX,Social expenditure,USD_PPP_PS,"US dollars per person, PPP converted",ES10,Public,K,In kind spending,TP31,Incapacity related,V,Current prices,2008,,828.313,,A,Normal value,0,Units,1,One,_Z,Not applicable,,
DATAFLOW,OECD.ELS.SPD:DSD_SOCX_AGG@DF_SOCX_AGG(1.0),Social expenditure aggregates,I,DNK,Denmark,A,Annual,SOCX,Social expenditure,USD_PPP_PS,"US dollars per person, PPP converted",ES10,Public,K,In kind spending,TP31,Incapacity related,V,Current prices,2009,,915.567,,A,Normal value,0,Units,1,One,_Z,Not applicable,,
DATAFLOW,OECD.ELS.SPD:DSD_SOCX_AGG@DF_SOCX_AGG(1.0),Social expenditure aggregates,I,DNK,Denmark,A,Annual,SOCX,Social expenditure,USD_PPP_PS,"US dollars per person, PPP converted",ES10,Public,K,In kind spending,TP31,Incapacity related,V,Current prices,2010,,990.517,,A,Normal value,0,Units,1,One,_Z,Not applicable,,
DATAFLOW,OECD.ELS.SPD:DSD_SOCX_AGG@DF_SOCX_AGG(1.0),Social expenditure aggregates,I,DNK,Denmark,A,Annual,SOCX,Social expenditure,USD_PPP_PS,"US dollars per person, PPP converted",ES10,Public,K,In kind spending,TP31,Incapacity related,V,Current prices,2011,,1031.752,,A,Normal value,0,Units,1,One,_Z,Not applicable,,
DATAFLOW,OECD.ELS.SPD:DSD_SOCX_AGG@DF_SOCX_AGG(1.0),Social expenditure aggregates,I,DNK,Denmark,A,Annual,SOCX,Social expenditure,USD_PPP_PS,"US dollars per person, PPP converted",ES10,Public,K,In kind spending,TP31,Incapacity related,V,Current prices,2012,,1059.121,,A,Normal value,0,Units,1,One,_Z,Not applicable,,
DATAFLOW,OECD.ELS.SPD:DSD_SOCX_AGG@DF_SOCX_AGG(1.0),Social expenditure aggregates,I,DNK,Denmark,A,Annual,SOCX,Social expenditure,USD_PPP_PS,"US dollars per person, PPP converted",ES10,Public,K,In kind spending,TP31,Incapacity related,V,Current prices,2013,,1068.561,,A,Normal value,0,Units,1,One,_Z,Not applicable,,
DATAFLOW,OECD.ELS.SPD:DSD_SOCX_AGG@DF_SOCX_AGG(1.0),Social expenditure aggregates,I,DNK,Denmark,A,Annual,SOCX,Social expenditure,USD_PPP_PS,"US dollars per person, PPP converted",ES10,Public,K,In kind spending,TP31,Incapacity related,V,Current prices,2014,,1076.794,,A,Normal value,0,Units,1,One,_Z,Not applicable,,
DATAFLOW,OECD.ELS.SPD:DSD_SOCX_AGG@DF_SOCX_AGG(1.0),Social expenditure aggregates,I,DNK,Denmark,A,Annual,SOCX,Social expenditure,USD_PPP_PS,"US dollars per person, PPP converted",ES10,Public,K,In kind spending,TP31,Incapacity related,V,Current prices,2015,,1072.114,,A,Normal value,0,Units,1,One,_Z,Not applicable,,
DATAFLOW,OECD.ELS.SPD:DSD_SOCX_AGG@DF_SOCX_AGG(1.0),Social expenditure aggregates,I,DNK,Denmark,A,Annual,SOCX,Social expenditure,USD_PPP_PS,"US dollars per person, PPP converted",ES10,Public,K,In kind spending,TP31,Incapacity related,V,Current prices,2016,,1105.619,,A,Normal value,0,Units,1,One,_Z,Not applicable,,
DATAFLOW,OECD.ELS.SPD:DSD_SOCX_AGG@DF_SOCX_AGG(1.0),Social expenditure aggregates,I,DNK,Denmark,A,Annual,SOCX,Social expenditure,USD_PPP_PS,"US dollars per person, PPP converted",ES10,Public,K,In kind spending,TP31,Incapacity related,V,Current prices,2017,,1165.03,,A,Normal value,0,Units,1,One,_Z,Not applicable,,
DATAFLOW,OECD.ELS.SPD:DSD_SOCX_AGG@DF_SOCX_AGG(1.0),Social expenditure aggregates,I,DNK,Denmark,A,Annual,SOCX,Social expenditure,USD_PPP_PS,"US dollars per person, PPP converted",ES10,Public,K,In kind spending,TP31,Incapacity related,V,Current prices,2018,,1088.633,,A,Normal value,0,Units,1,One,_Z,Not applicable,,
DATAFLOW,OECD.ELS.SPD:DSD_SOCX_AGG@DF_SOCX_AGG(1.0),Social expenditure aggregates,I,DNK,Denmark,A,Annual,SOCX,Social expenditure,USD_PPP_PS,"US dollars per person, PPP converted",ES10,Public,K,In kind spending,TP31,Incapacity related,V,Current prices,2019,,1163.399,,A,Normal value,0,Units,1,One,_Z,Not applicable,,
DATAFLOW,OECD.ELS.SPD:DSD_SOCX_AGG@DF_SOCX_AGG(1.0),Social expenditure aggregates,I,DNK,Denmark,A,Annual,SOCX,Social expenditure,USD_PPP_PS,"US dollars per person, PPP converted",ES10,Public,K,In kind spending,TP31,Incapacity related,V,Current prices,2020,,1213.763,,A,Normal value,0,Units,1,One,_Z,Not applicable,,
DATAFLOW,OECD.ELS.SPD:DSD_SOCX_AGG@DF_SOCX_AGG(1.0),Social expenditure aggregates,I,DNK,Denmark,A,Annual,SOCX,Social expenditure,USD_PPP_PS,"US dollars per person, PPP converted",ES10,Public,K,In kind spending,TP31,Incapacity related,V,Current prices,2021,,1311.13,,A,Normal value,0,Units,1,One,_Z,Not applicable,,
DATAFLOW,OECD.ELS.SPD:DSD_SOCX_AGG@DF_SOCX_AGG(1.0),Social expenditure aggregates,I,FIN,Finland,A,Annual,SOCX,Social expenditure,USD_PPP_PS,"US dollars per person, PPP converted",ES10,Public,K,In kind spending,TP31,Incapacity related,V,Current prices,1990,,72.359,,A,Normal value,0,Units,1,One,_Z,Not applicable,,
DATAFLOW,OECD.ELS.SPD:DSD_SOCX_AGG@DF_SOCX_AGG(1.0),Social expenditure aggregates,I,FIN,Finland,A,Annual,SOCX,Social expenditure,USD_PPP_PS,"US dollars per person, PPP converted",ES10,Public,K,In kind spending,TP31,Incapacity related,V,Current prices,1991,,83.309,,A,Normal value,0,Units,1,One,_Z,Not applicable,,
DATAFLOW,OECD.ELS.SPD:DSD_SOCX_AGG@DF_SOCX_AGG(1.0),Social expenditure aggregates,I,FIN,Finland,A,Annual,SOCX,Social expenditure,USD_PPP_PS,"US dollars per person, PPP converted",ES10,Public,K,In kind spending,TP31,Incapacity related,V,Current prices,1992,,86.107,,A,Normal value,0,Units,1,One,_Z,Not applicable,,
DATAFLOW,OECD.ELS.SPD:DSD_SOCX_AGG@DF_SOCX_AGG(1.0),Social expenditure aggregates,I,FIN,Finland,A,Annual,SOCX,Social expenditure,USD_PPP_PS,"US dollars per person, PPP converted",ES10,Public,K,In kind spending,TP31,Incapacity related,V,Current prices,1993,,127.364,,A,Normal value,0,Units,1,One,_Z,Not applicable,,
DATAFLOW,OECD.ELS.SPD:DSD_SOCX_AGG@DF_SOCX_AGG(1.0),Social expenditure aggregates,I,FIN,Finland,A,Annual,SOCX,Social expenditure,USD_PPP_PS,"US dollars per person, PPP converted",ES10,Public,K,In kind spending,TP31,Incapacity related,V,Current prices,1994,,138.063,,A,Normal value,0,Units,1,One,_Z,Not applicable,,
DATAFLOW,OECD.ELS.SPD:DSD_SOCX_AGG@DF_SOCX_AGG(1.0),Social expenditure aggregates,I,FIN,Finland,A,Annual,SOCX,Social expenditure,USD_PPP_PS,"US dollars per person, PPP converted",ES10,Public,K,In kind spending,TP31,Incapacity related,V,Current prices,1995,,142.376,,A,Normal value,0,Units,1,One,_Z,Not applicable,,
DATAFLOW,OECD.ELS.SPD:DSD_SOCX_AGG@DF_SOCX_AGG(1.0),Social expenditure aggregates,I,FIN,Finland,A,Annual,SOCX,Social expenditure,USD_PPP_PS,"US dollars per person, PPP converted",ES10,Public,K,In kind spending,TP31,Incapacity related,V,Current prices,1996,,151.496,,A,Normal value,0,Units,1,One,_Z,Not applicable,,
DATAFLOW,OECD.ELS.SPD:DSD_SOCX_AGG@DF_SOCX_AGG(1.0),Social expenditure aggregates,I,FIN,Finland,A,Annual,SOCX,Social expenditure,USD_PPP_PS,"US dollars per person, PPP converted",ES10,Public,K,In kind spending,TP31,Incapacity related,V,Current prices,1997,,159.62,,A,Normal value,0,Units,1,One,_Z,Not applicable,,
DATAFLOW,OECD.ELS.SPD:DSD_SOCX_AGG@DF_SOCX_AGG(1.0),Social expenditure aggregates,I,FIN,Finland,A,Annual,SOCX,Social expenditure,USD_PPP_PS,"US dollars per person, PPP converted",ES10,Public,K,In kind spending,TP31,Incapacity related,V,Current prices,1998,,171.388,,A,Normal value,0,Units,1,One,_Z,Not applicable,,
DATAFLOW,OECD.ELS.SPD:DSD_SOCX_AGG@DF_SOCX_AGG(1.0),Social expenditure aggregates,I,FIN,Finland,A,Annual,SOCX,Social expenditure,USD_PPP_PS,"US dollars per person, PPP converted",ES10,Public,K,In kind spending,TP31,Incapacity related,V,Current prices,1999,,184.16,,A,Normal value,0,Units,1,One,_Z,Not applicable,,
DATAFLOW,OECD.ELS.SPD:DSD_SOCX_AGG@DF_SOCX_AGG(1.0),Social expenditure aggregates,I,FIN,Finland,A,Annual,SOCX,Social expenditure,USD_PPP_PS,"US dollars per person, PPP converted",ES10,Public,K,In kind spending,TP31,Incapacity related,V,Current prices,2000,,195.22,,A,Normal value,0,Units,1,One,_Z,Not applicable,,
DATAFLOW,OECD.ELS.SPD:DSD_SOCX_AGG@DF_SOCX_AGG(1.0),Social expenditure aggregates,I,FIN,Finland,A,Annual,SOCX,Social expenditure,USD_PPP_PS,"US dollars per person, PPP converted",ES10,Public,K,In kind spending,TP31,Incapacity related,V,Current prices,2001,,208.889,,A,Normal value,0,Units,1,One,_Z,Not applicable,,
DATAFLOW,OECD.ELS.SPD:DSD_SOCX_AGG@DF_SOCX_AGG(1.0),Social expenditure aggregates,I,FIN,Finland,A,Annual,SOCX,Social expenditure,USD_PPP_PS,"US dollars per person, PPP converted",ES10,Public,K,In kind spending,TP31,Incapacity related,V,Current prices,2002,,223.752,,A,Normal value,0,Units,1,One,_Z,Not applicable,,
DATAFLOW,OECD.ELS.SPD:DSD_SOCX_AGG@DF_SOCX_AGG(1.0),Social expenditure aggregates,I,FIN,Finland,A,Annual,SOCX,Social expenditure,USD_PPP_PS,"US dollars per person, PPP converted",ES10,Public,K,In kind spending,TP31,Incapacity related,V,Current prices,2003,,239.616,,A,Normal value,0,Units,1,One,_Z,Not applicable,,
DATAFLOW,OECD.ELS.SPD:DSD_SOCX_AGG@DF_SOCX_AGG(1.0),Social expenditure aggregates,I,FIN,Finland,A,Annual,SOCX,Social expenditure,USD_PPP_PS,"US dollars per person, PPP converted",ES10,Public,K,In kind spending,TP31,Incapacity related,V,Current prices,2004,,262.04,,A,Normal value,0,Units,1,One,_Z,Not applicable,,
DATAFLOW,OECD.ELS.SPD:DSD_SOCX_AGG@DF_SOCX_AGG(1.0),Social expenditure aggregates,I,FIN,Finland,A,Annual,SOCX,Social expenditure,USD_PPP_PS,"US dollars per person, PPP converted",ES10,Public,K,In kind spending,TP31,Incapacity related,V,Current prices,2005,,276.447,,A,Normal value,0,Units,1,One,_Z,Not applicable,,
DATAFLOW,OECD.ELS.SPD:DSD_SOCX_AGG@DF_SOCX_AGG(1.0),Social expenditure aggregates,I,FIN,Finland,A,Annual,SOCX,Social expenditure,USD_PPP_PS,"US dollars per person, PPP converted",ES10,Public,K,In kind spending,TP31,Incapacity related,V,Current prices,2006,,297.15,,A,Normal value,0,Units,1,One,_Z,Not applicable,,
DATAFLOW,OECD.ELS.SPD:DSD_SOCX_AGG@DF_SOCX_AGG(1.0),Social expenditure aggregates,I,FIN,Finland,A,Annual,SOCX,Social expenditure,USD_PPP_PS,"US dollars per person, PPP converted",ES10,Public,K,In kind spending,TP31,Incapacity related,V,Current prices,2007,,324.388,,A,Normal value,0,Units,1,One,_Z,Not applicable,,
DATAFLOW,OECD.ELS.SPD:DSD_SOCX_AGG@DF_SOCX_AGG(1.0),Social expenditure aggregates,I,FIN,Finland,A,Annual,SOCX,Social expenditure,USD_PPP_PS,"US dollars per person, PPP converted",ES10,Public,K,In kind spending,TP31,Incapacity related,V,Current prices,2008,,361.763,,A,Normal value,0,Units,1,One,_Z,Not applicable,,
DATAFLOW,OECD.ELS.SPD:DSD_SOCX_AGG@DF_SOCX_AGG(1.0),Social expenditure aggregates,I,FIN,Finland,A,Annual,SOCX,Social expenditure,USD_PPP_PS,"US dollars per person, PPP converted",ES10,Public,K,In kind spending,TP31,Incapacity related,V,Current prices,2009,,392.451,,A,Normal value,0,Units,1,One,_Z,Not applicable,,
DATAFLOW,OECD.ELS.SPD:DSD_SOCX_AGG@DF_SOCX_AGG(1.0),Social expenditure aggregates,I,FIN,Finland,A,Annual,SOCX,Social expenditure,USD_PPP_PS,"US dollars per person, PPP converted",ES10,Public,K,In kind spending,TP31,Incapacity related,V,Current prices,2010,,410.852,,A,Normal value,0,Units,1,One,_Z,Not applicable,,
DATAFLOW,OECD.ELS.SPD:DSD_SOCX_AGG@DF_SOCX_AGG(1.0),Social expenditure aggregates,I,FIN,Finland,A,Annual,SOCX,Social expenditure,USD_PPP_PS,"US dollars per person, PPP converted",ES10,Public,K,In kind spending,TP31,Incapacity related,V,Current prices,2011,,449.219,,A,Normal value,0,Units,1,One,_Z,Not applicable,,
DATAFLOW,OECD.ELS.SPD:DSD_SOCX_AGG@DF_SOCX_AGG(1.0),Social expenditure aggregates,I,FIN,Finland,A,Annual,SOCX,Social expenditure,USD_PPP_PS,"US dollars per person, PPP converted",ES10,Public,K,In kind spending,TP31,Incapacity related,V,Current prices,2012,,479.73,,A,Normal value,0,Units,1,One,_Z,Not applicable,,
DATAFLOW,OECD.ELS.SPD:DSD_SOCX_AGG@DF_SOCX_AGG(1.0),Social expenditure aggregates,I,FIN,Finland,A,Annual,SOCX,Social expenditure,USD_PPP_PS,"US dollars per person, PPP converted",ES10,Public,K,In kind spending,TP31,Incapacity related,V,Current prices,2013,,508.343,,A,Normal value,0,Units,1,One,_Z,Not applicable,,
DATAFLOW,OECD.ELS.SPD:DSD_SOCX_AGG@DF_SOCX_AGG(1.0),Social expenditure aggregates,I,FIN,Finland,A,Annual,SOCX,Social expenditure,USD_PPP_PS,"US dollars per person, PPP converted",ES10,Public,K,In kind spending,TP31,Incapacity related,V,Current prices,2014,,534.41,,A,Normal value,0,Units,1,One,_Z,Not applicable,,
DATAFLOW,OECD.ELS.SPD:DSD_SOCX_AGG@DF_SOCX_AGG(1.0),Social expenditure aggregates,I,FIN,Finland,A,Annual,SOCX,Social expenditure,USD_PPP_PS,"US dollars per person, PPP converted",ES10,Public,K,In kind spending,TP31,Incapacity related,V,Current prices,2015,,518.258,,A,Normal value,0,Units,1,One,_Z,Not applicable,,
DATAFLOW,OECD.ELS.SPD:DSD_SOCX_AGG@DF_SOCX_AGG(1.0),Social expenditure aggregates,I,FIN,Finland,A,Annual,SOCX,Social expenditure,USD_PPP_PS,"US dollars per person, PPP converted",ES10,Public,K,In kind spending,TP31,Incapacity related,V,Current prices,2016,,540.578,,A,Normal value,0,Units,1,One,_Z,Not applicable,,
DATAFLOW,OECD.ELS.SPD:DSD_SOCX_AGG@DF_SOCX_AGG(1.0),Social expenditure aggregates,I,FIN,Finland,A,Annual,SOCX,Social expenditure,USD_PPP_PS,"US dollars per person, PPP converted",ES10,Public,K,In kind spending,TP31,Incapacity related,V,Current prices,2017,,537.634,,A,Normal value,0,Units,1,One,_Z,Not applicable,,
DATAFLOW,OECD.ELS.SPD:DSD_SOCX_AGG@DF_SOCX_AGG(1.0),Social expenditure aggregates,I,FIN,Finland,A,Annual,SOCX,Social expenditure,USD_PPP_PS,"US dollars per person, PPP converted",ES10,Public,K,In kind spending,TP31,Incapacity related,V,Current prices,2018,,580.901,,A,Normal value,0,Units,1,One,_Z,Not applicable,,
DATAFLOW,OECD.ELS.SPD:DSD_SOCX_AGG@DF_SOCX_AGG(1.0),Social expenditure aggregates,I,FIN,Finland,A,Annual,SOCX,Social expenditure,USD_PPP_PS,"US dollars per person, PPP converted",ES10,Public,K,In kind spending,TP31,Incapacity related,V,Current prices,2019,,641.171,,A,Normal value,0,Units,1,One,_Z,Not applicable,,
DATAFLOW,OECD.ELS.SPD:DSD_SOCX_AGG@DF_SOCX_AGG(1.0),Social expenditure aggregates,I,FIN,Finland,A,Annual,SOCX,Social expenditure,USD_PPP_PS,"US dollars per person, PPP converted",ES10,Public,K,In kind spending,TP31,Incapacity related,V,Current prices,2020,,680.218,,A,Normal value,0,Units,1,One,_Z,Not applicable,,
DATAFLOW,OECD.ELS.SPD:DSD_SOCX_AGG@DF_SOCX_AGG(1.0),Social expenditure aggregates,I,FIN,Finland,A,Annual,SOCX,Social expenditure,USD_PPP_PS,"US dollars per person, PPP converted",ES10,Public,K,In kind spending,TP31,Incapacity related,V,Current prices,2021,,714.581,,A,Normal value,0,Units,1,One,_Z,Not applicable,,
DATAFLOW,OECD.ELS.SPD:DSD_SOCX_AGG@DF_SOCX_AGG(1.0),Social expenditure aggregates,I,FIN,Finland,A,Annual,SOCX,Social expenditure,USD_PPP_PS,"US dollars per person, PPP converted",ES10,Public,_T,Total,TP31,Incapacity related,V,Current prices,1990,,752.358,,A,Normal value,0,Units,1,One,_Z,Not applicable,,
DATAFLOW,OECD.ELS.SPD:DSD_SOCX_AGG@DF_SOCX_AGG(1.0),Social expenditure aggregates,I,FIN,Finland,A,Annual,SOCX,Social expenditure,USD_PPP_PS,"US dollars per person, PPP converted",ES10,Public,_T,Total,TP31,Incapacity related,V,Current prices,1991,,849.294,,A,Normal value,0,Units,1,One,_Z,Not applicable,,
DATAFLOW,OECD.ELS.SPD:DSD_SOCX_AGG@DF_SOCX_AGG(1.0),Social expenditure aggregates,I,FIN,Finland,A,Annual,SOCX,Social expenditure,USD_PPP_PS,"US dollars per person, PPP converted",ES10,Public,_T,Total,TP31,Incapacity related,V,Current prices,1992,,918.416,,A,Normal value,0,Units,1,One,_Z,Not applicable,,
DATAFLOW,OECD.ELS.SPD:DSD_SOCX_AGG@DF_SOCX_AGG(1.0),Social expenditure aggregates,I,FIN,Finland,A,Annual,SOCX,Social expenditure,USD_PPP_PS,"US dollars per person, PPP converted",ES10,Public,_T,Total,TP31,Incapacity related,V,Current prices,1993,,949.099,,A,Normal value,0,Units,1,One,_Z,Not applicable,,
DATAFLOW,OECD.ELS.SPD:DSD_SOCX_AGG@DF_SOCX_AGG(1.0),Social expenditure aggregates,I,FIN,Finland,A,Annual,SOCX,Social expenditure,USD_PPP_PS,"US dollars per person, PPP converted",ES10,Public,_T,Total,TP31,Incapacity related,V,Current prices,1994,,967.458,,A,Normal value,0,Units,1,One,_Z,Not applicable,,
DATAFLOW,OECD.ELS.SPD:DSD_SOCX_AGG@DF_SOCX_AGG(1.0),Social expenditure aggregates,I,FIN,Finland,A,Annual,SOCX,Social expenditure,USD_PPP_PS,"US dollars per person, PPP converted",ES10,Public,_T,Total,TP31,Incapacity related,V,Current prices,1995,,965.58,,A,Normal value,0,Units,1,One,_Z,Not applicable,,
DATAFLOW,OECD.ELS.SPD:DSD_SOCX_AGG@DF_SOCX_AGG(1.0),Social expenditure aggregates,I,FIN,Finland,A,Annual,SOCX,Social expenditure,USD_PPP_PS,"US dollars per person, PPP converted",ES10,Public,_T,Total,TP31,Incapacity related,V,Current prices,1996,,961.799,,A,Normal value,0,Units,1,One,_Z,Not applicable,,
DATAFLOW,OECD.ELS.SPD:DSD_SOCX_AGG@DF_SOCX_AGG(1.0),Social expenditure aggregates,I,FIN,Finland,A,Annual,SOCX,Social expenditure,USD_PPP_PS,"US dollars per person, PPP converted",ES10,Public,_T,Total,TP31,Incapacity related,V,Current prices,1997,,966.546,,A,Normal value,0,Units,1,One,_Z,Not applicable,,
DATAFLOW,OECD.ELS.SPD:DSD_SOCX_AGG@DF_SOCX_AGG(1.0),Social expenditure aggregates,I,FIN,Finland,A,Annual,SOCX,Social expenditure,USD_PPP_PS,"US dollars per person, PPP converted",ES10,Public,_T,Total,TP31,Incapacity related,V,Current prices,1998,,958.936,,A,Normal value,0,Units,1,One,_Z,Not applicable,,
DATAFLOW,OECD.ELS.SPD:DSD_SOCX_AGG@DF_SOCX_AGG(1.0),Social expenditure aggregates,I,FIN,Finland,A,Annual,SOCX,Social expenditure,USD_PPP_PS,"US dollars per person, PPP converted",ES10,Public,_T,Total,TP31,Incapacity related,V,Current prices,1999,,970.946,,A,Normal value,0,Units,1,One,_Z,Not applicable,,
DATAFLOW,OECD.ELS.SPD:DSD_SOCX_AGG@DF_SOCX_AGG(1.0),Social expenditure aggregates,I,FIN,Finland,A,Annual,SOCX,Social expenditure,USD_PPP_PS,"US dollars per person, PPP converted",ES10,Public,_T,Total,TP31,Incapacity related,V,Current prices,2000,,986.686,,A,Normal value,0,Units,1,One,_Z,Not applicable,,
DATAFLOW,OECD.ELS.SPD:DSD_SOCX_AGG@DF_SOCX_AGG(1.0),Social expenditure aggregates,I,FIN,Finland,A,Annual,SOCX,Social expenditure,USD_PPP_PS,"US dollars per person, PPP converted",ES10,Public,_T,Total,TP31,Incapacity related,V,Current prices,2001,,1004.074,,A,Normal value,0,Units,1,One,_Z,Not applicable,,
DATAFLOW,OECD.ELS.SPD:DSD_SOCX_AGG@DF_SOCX_AGG(1.0),Social expenditure aggregates,I,FIN,Finland,A,Annual,SOCX,Social expenditure,USD_PPP_PS,"US dollars per person, PPP converted",ES10,Public,_T,Total,TP31,Incapacity related,V,Current prices,2002,,1053.099,,A,Normal value,0,Units,1,One,_Z,Not applicable,,
DATAFLOW,OECD.ELS.SPD:DSD_SOCX_AGG@DF_SOCX_AGG(1.0),Social expenditure aggregates,I,FIN,Finland,A,Annual,SOCX,Social expenditure,USD_PPP_PS,"US dollars per person, PPP converted",ES10,Public,_T,Total,TP31,Incapacity related,V,Current prices,2003,,1082.382,,A,Normal value,0,Units,1,One,_Z,Not applicable,,
DATAFLOW,OECD.ELS.SPD:DSD_SOCX_AGG@DF_SOCX_AGG(1.0),Social expenditure aggregates,I,FIN,Finland,A,Annual,SOCX,Social expenditure,USD_PPP_PS,"US dollars per person, PPP converted",ES10,Public,_T,Total,TP31,Incapacity related,V,Current prices,2004,,1159.618,,A,Normal value,0,Units,1,One,_Z,Not applicable,,
DATAFLOW,OECD.ELS.SPD:DSD_SOCX_AGG@DF_SOCX_AGG(1.0),Social expenditure aggregates,I,FIN,Finland,A,Annual,SOCX,Social expenditure,USD_PPP_PS,"US dollars per person, PPP converted",ES10,Public,_T,Total,TP31,Incapacity related,V,Current prices,2005,,1172.728,,A,Normal value,0,Units,1,One,_Z,Not applicable,,
DATAFLOW,OECD.ELS.SPD:DSD_SOCX_AGG@DF_SOCX_AGG(1.0),Social expenditure aggregates,I,FIN,Finland,A,Annual,SOCX,Social expenditure,USD_PPP_PS,"US dollars per person, PPP converted",ES10,Public,_T,Total,TP31,Incapacity related,V,Current prices,2006,,1233.496,,A,Normal value,0,Units,1,One,_Z,Not applicable,,
DATAFLOW,OECD.ELS.SPD:DSD_SOCX_AGG@DF_SOCX_AGG(1.0),Social expenditure aggregates,I,FIN,Finland,A,Annual,SOCX,Social expenditure,USD_PPP_PS,"US dollars per person, PPP converted",ES10,Public,_T,Total,TP31,Incapacity related,V,Current prices,2007,,1297.403,,A,Normal value,0,Units,1,One,_Z,Not applicable,,
DATAFLOW,OECD.ELS.SPD:DSD_SOCX_AGG@DF_SOCX_AGG(1.0),Social expenditure aggregates,I,FIN,Finland,A,Annual,SOCX,Social expenditure,USD_PPP_PS,"US dollars per person, PPP converted",ES10,Public,_T,Total,TP31,Incapacity related,V,Current prices,2008,,1404.661,,A,Normal value,0,Units,1,One,_Z,Not applicable,,
DATAFLOW,OECD.ELS.SPD:DSD_SOCX_AGG@DF_SOCX_AGG(1.0),Social expenditure aggregates,I,FIN,Finland,A,Annual,SOCX,Social expenditure,USD_PPP_PS,"US dollars per person, PPP converted",ES10,Public,_T,Total,TP31,Incapacity related,V,Current prices,2009,,1486.958,,A,Normal value,0,Units,1,One,_Z,Not applicable,,
DATAFLOW,OECD.ELS.SPD:DSD_SOCX_AGG@DF_SOCX_AGG(1.0),Social expenditure aggregates,I,FIN,Finland,A,Annual,SOCX,Social expenditure,USD_PPP_PS,"US dollars per person, PPP converted",ES10,Public,_T,Total,TP31,Incapacity related,V,Current prices,2010,,1512.001,,A,Normal value,0,Units,1,One,_Z,Not applicable,,
DATAFLOW,OECD.ELS.SPD:DSD_SOCX_AGG@DF_SOCX_AGG(1.0),Social expenditure aggregates,I,FIN,Finland,A,Annual,SOCX,Social expenditure,USD_PPP_PS,"US dollars per person, PPP converted",ES10,Public,_T,Total,TP31,Incapacity related,V,Current prices,2011,,1540.843,,A,Normal value,0,Units,1,One,_Z,Not applicable,,
DATAFLOW,OECD.ELS.SPD:DSD_SOCX_AGG@DF_SOCX_AGG(1.0),Social expenditure aggregates,I,FIN,Finland,A,Annual,SOCX,Social expenditure,USD_PPP_PS,"US dollars per person, PPP converted",ES10,Public,_T,Total,TP31,Incapacity related,V,Current prices,2012,,1556.191,,A,Normal value,0,Units,1,One,_Z,Not applicable,,
DATAFLOW,OECD.ELS.SPD:DSD_SOCX_AGG@DF_SOCX_AGG(1.0),Social expenditure aggregates,I,FIN,Finland,A,Annual,SOCX,Social expenditure,USD_PPP_PS,"US dollars per person, PPP converted",ES10,Public,_T,Total,TP31,Incapacity related,V,Current prices,2013,,1583.63,,A,Normal value,0,Units,1,One,_Z,Not applicable,,
DATAFLOW,OECD.ELS.SPD:DSD_SOCX_AGG@DF_SOCX_AGG(1.0),Social expenditure aggregates,I,FIN,Finland,A,Annual,SOCX,Social expenditure,USD_PPP_PS,"US dollars per person, PPP converted",ES10,Public,_T,Total,TP31,Incapacity related,V,Current prices,2014,,1579.765,,A,Normal value,0,Units,1,One,_Z,Not applicable,,
DATAFLOW,OECD.ELS.SPD:DSD_SOCX_AGG@DF_SOCX_AGG(1.0),Social expenditure aggregates,I,FIN,Finland,A,Annual,SOCX,Social expenditure,USD_PPP_PS,"US dollars per person, PPP converted",ES10,Public,_T,Total,TP31,Incapacity related,V,Current prices,2015,,1526.869,,A,Normal value,0,Units,1,One,_Z,Not applicable,,
DATAFLOW,OECD.ELS.SPD:DSD_SOCX_AGG@DF_SOCX_AGG(1.0),Social expenditure aggregates,I,FIN,Finland,A,Annual,SOCX,Social expenditure,USD_PPP_PS,"US dollars per person, PPP converted",ES10,Public,_T,Total,TP31,Incapacity related,V,Current prices,2016,,1533.255,,A,Normal value,0,Units,1,One,_Z,Not applicable,,
DATAFLOW,OECD.ELS.SPD:DSD_SOCX_AGG@DF_SOCX_AGG(1.0),Social expenditure aggregates,I,FIN,Finland,A,Annual,SOCX,Social expenditure,USD_PPP_PS,"US dollars per person, PPP converted",ES10,Public,_T,Total,TP31,Incapacity related,V,Current prices,2017,,1521.16,,A,Normal value,0,Units,1,One,_Z,Not applicable,,
DATAFLOW,OECD.ELS.SPD:DSD_SOCX_AGG@DF_SOCX_AGG(1.0),Social expenditure aggregates,I,FIN,Finland,A,Annual,SOCX,Social expenditure,USD_PPP_PS,"US dollars per person, PPP converted",ES10,Public,_T,Total,TP31,Incapacity related,V,Current prices,2018,,1570.578,,A,Normal value,0,Units,1,One,_Z,Not applicable,,
DATAFLOW,OECD.ELS.SPD:DSD_SOCX_AGG@DF_SOCX_AGG(1.0),Social expenditure aggregates,I,FIN,Finland,A,Annual,SOCX,Social expenditure,USD_PPP_PS,"US dollars per person, PPP converted",ES10,Public,_T,Total,TP31,Incapacity related,V,Current prices,2019,,1659.575,,A,Normal value,0,Units,1,One,_Z,Not applicable,,
DATAFLOW,OECD.ELS.SPD:DSD_SOCX_AGG@DF_SOCX_AGG(1.0),Social expenditure aggregates,I,FIN,Finland,A,Annual,SOCX,Social expenditure,USD_PPP_PS,"US dollars per person, PPP converted",ES10,Public,_T,Total,TP31,Incapacity related,V,Current prices,2020,,1732.967,,A,Normal value,0,Units,1,One,_Z,Not applicable,,
DATAFLOW,OECD.ELS.SPD:DSD_SOCX_AGG@DF_SOCX_AGG(1.0),Social expenditure aggregates,I,FIN,Finland,A,Annual,SOCX,Social expenditure,USD_PPP_PS,"US dollars per person, PPP converted",ES10,Public,_T,Total,TP31,Incapacity related,V,Current prices,2021,,1802.108,,A,Normal value,0,Units,1,One,_Z,Not applicable,,
DATAFLOW,OECD.ELS.SPD:DSD_SOCX_AGG@DF_SOCX_AGG(1.0),Social expenditure aggregates,I,CAN,Canada,A,Annual,SOCX,Social expenditure,USD_PPP_PS,"US dollars per person, PPP converted",ES10,Public,_T,Total,TP31,Incapacity related,V,Current prices,1990,,231.439,,A,Normal value,0,Units,1,One,_Z,Not applicable,,
DATAFLOW,OECD.ELS.SPD:DSD_SOCX_AGG@DF_SOCX_AGG(1.0),Social expenditure aggregates,I,CAN,Canada,A,Annual,SOCX,Social expenditure,USD_PPP_PS,"US dollars per person, PPP converted",ES10,Public,_T,Total,TP31,Incapacity related,V,Current prices,1991,,255.617,,A,Normal value,0,Units,1,One,_Z,Not applicable,,
DATAFLOW,OECD.ELS.SPD:DSD_SOCX_AGG@DF_SOCX_AGG(1.0),Social expenditure aggregates,I,CAN,Canada,A,Annual,SOCX,Social expenditure,USD_PPP_PS,"US dollars per person, PPP converted",ES10,Public,_T,Total,TP31,Incapacity related,V,Current prices,1992,,272.655,,A,Normal value,0,Units,1,One,_Z,Not applicable,,
DATAFLOW,OECD.ELS.SPD:DSD_SOCX_AGG@DF_SOCX_AGG(1.0),Social expenditure aggregates,I,CAN,Canada,A,Annual,SOCX,Social expenditure,USD_PPP_PS,"US dollars per person, PPP converted",ES10,Public,_T,Total,TP31,Incapacity related,V,Current prices,1993,,279.91,,A,Normal value,0,Units,1,One,_Z,Not applicable,,
DATAFLOW,OECD.ELS.SPD:DSD_SOCX_AGG@DF_SOCX_AGG(1.0),Social expenditure aggregates,I,CAN,Canada,A,Annual,SOCX,Social expenditure,USD_PPP_PS,"US dollars per person, PPP converted",ES10,Public,_T,Total,TP31,Incapacity related,V,Current prices,1994,,281.259,,A,Normal value,0,Units,1,One,_Z,Not applicable,,
DATAFLOW,OECD.ELS.SPD:DSD_SOCX_AGG@DF_SOCX_AGG(1.0),Social expenditure aggregates,I,CAN,Canada,A,Annual,SOCX,Social expenditure,USD_PPP_PS,"US dollars per person, PPP converted",ES10,Public,_T,Total,TP31,Incapacity related,V,Current prices,1995,,267.348,,A,Normal value,0,Units,1,One,_Z,Not applicable,,
DATAFLOW,OECD.ELS.SPD:DSD_SOCX_AGG@DF_SOCX_AGG(1.0),Social expenditure aggregates,I,CAN,Canada,A,Annual,SOCX,Social expenditure,USD_PPP_PS,"US dollars per person, PPP converted",ES10,Public,_T,Total,TP31,Incapacity related,V,Current prices,1996,,263.162,,A,Normal value,0,Units,1,One,_Z,Not applicable,,
DATAFLOW,OECD.ELS.SPD:DSD_SOCX_AGG@DF_SOCX_AGG(1.0),Social expenditure aggregates,I,CAN,Canada,A,Annual,SOCX,Social expenditure,USD_PPP_PS,"US dollars per person, PPP converted",ES10,Public,_T,Total,TP31,Incapacity related,V,Current prices,1997,,261.247,,A,Normal value,0,Units,1,One,_Z,Not applicable,,
DATAFLOW,OECD.ELS.SPD:DSD_SOCX_AGG@DF_SOCX_AGG(1.0),Social expenditure aggregates,I,CAN,Canada,A,Annual,SOCX,Social expenditure,USD_PPP_PS,"US dollars per person, PPP converted",ES10,Public,_T,Total,TP31,Incapacity related,V,Current prices,1998,,267.073,,A,Normal value,0,Units,1,One,_Z,Not applicable,,
DATAFLOW,OECD.ELS.SPD:DSD_SOCX_AGG@DF_SOCX_AGG(1.0),Social expenditure aggregates,I,CAN,Canada,A,Annual,SOCX,Social expenditure,USD_PPP_PS,"US dollars per person, PPP converted",ES10,Public,_T,Total,TP31,Incapacity related,V,Current prices,1999,,269.267,,A,Normal value,0,Units,1,One,_Z,Not applicable,,
DATAFLOW,OECD.ELS.SPD:DSD_SOCX_AGG@DF_SOCX_AGG(1.0),Social expenditure aggregates,I,CAN,Canada,A,Annual,SOCX,Social expenditure,USD_PPP_PS,"US dollars per person, PPP converted",ES10,Public,_T,Total,TP31,Incapacity related,V,Current prices,2000,,276.721,,A,Normal value,0,Units,1,One,_Z,Not applicable,,
DATAFLOW,OECD.ELS.SPD:DSD_SOCX_AGG@DF_SOCX_AGG(1.0),Social expenditure aggregates,I,CAN,Canada,A,Annual,SOCX,Social expenditure,USD_PPP_PS,"US dollars per person, PPP converted",ES10,Public,_T,Total,TP31,Incapacity related,V,Current prices,2001,,291.917,,A,Normal value,0,Units,1,One,_Z,Not applicable,,
DATAFLOW,OECD.ELS.SPD:DSD_SOCX_AGG@DF_SOCX_AGG(1.0),Social expenditure aggregates,I,CAN,Canada,A,Annual,SOCX,Social expenditure,USD_PPP_PS,"US dollars per person, PPP converted",ES10,Public,_T,Total,TP31,Incapacity related,V,Current prices,2002,,306.101,,A,Normal value,0,Units,1,One,_Z,Not applicable,,
DATAFLOW,OECD.ELS.SPD:DSD_SOCX_AGG@DF_SOCX_AGG(1.0),Social expenditure aggregates,I,CAN,Canada,A,Annual,SOCX,Social expenditure,USD_PPP_PS,"US dollars per person, PPP converted",ES10,Public,_T,Total,TP31,Incapacity related,V,Current prices,2003,,310.422,,A,Normal value,0,Units,1,One,_Z,Not applicable,,
DATAFLOW,OECD.ELS.SPD:DSD_SOCX_AGG@DF_SOCX_AGG(1.0),Social expenditure aggregates,I,CAN,Canada,A,Annual,SOCX,Social expenditure,USD_PPP_PS,"US dollars per person, PPP converted",ES10,Public,_T,Total,TP31,Incapacity related,V,Current prices,2004,,317.462,,A,Normal value,0,Units,1,One,_Z,Not applicable,,
DATAFLOW,OECD.ELS.SPD:DSD_SOCX_AGG@DF_SOCX_AGG(1.0),Social expenditure aggregates,I,CAN,Canada,A,Annual,SOCX,Social expenditure,USD_PPP_PS,"US dollars per person, PPP converted",ES10,Public,_T,Total,TP31,Incapacity related,V,Current prices,2005,,331.818,,A,Normal value,0,Units,1,One,_Z,Not applicable,,
DATAFLOW,OECD.ELS.SPD:DSD_SOCX_AGG@DF_SOCX_AGG(1.0),Social expenditure aggregates,I,CAN,Canada,A,Annual,SOCX,Social expenditure,USD_PPP_PS,"US dollars per person, PPP converted",ES10,Public,_T,Total,TP31,Incapacity related,V,Current prices,2006,,339,,A,Normal value,0,Units,1,One,_Z,Not applicable,,
DATAFLOW,OECD.ELS.SPD:DSD_SOCX_AGG@DF_SOCX_AGG(1.0),Social expenditure aggregates,I,CAN,Canada,A,Annual,SOCX,Social expenditure,USD_PPP_PS,"US dollars per person, PPP converted",ES10,Public,_T,Total,TP31,Incapacity related,V,Current prices,2007,,346.468,,A,Normal value,0,Units,1,One,_Z,Not applicable,,
DATAFLOW,OECD.ELS.SPD:DSD_SOCX_AGG@DF_SOCX_AGG(1.0),Social expenditure aggregates,I,CAN,Canada,A,Annual,SOCX,Social expenditure,USD_PPP_PS,"US dollars per person, PPP converted",ES10,Public,_T,Total,TP31,Incapacity related,V,Current prices,2008,,351.563,,A,Normal value,0,Units,1,One,_Z,Not applicable,,
DATAFLOW,OECD.ELS.SPD:DSD_SOCX_AGG@DF_SOCX_AGG(1.0),Social expenditure aggregates,I,CAN,Canada,A,Annual,SOCX,Social expenditure,USD_PPP_PS,"US dollars per person, PPP converted",ES10,Public,_T,Total,TP31,Incapacity related,V,Current prices,2009,,361.64,,A,Normal value,0,Units,1,One,_Z,Not applicable,,
DATAFLOW,OECD.ELS.SPD:DSD_SOCX_AGG@DF_SOCX_AGG(1.0),Social expenditure aggregates,I,CAN,Canada,A,Annual,SOCX,Social expenditure,USD_PPP_PS,"US dollars per person, PPP converted",ES10,Public,_T,Total,TP31,Incapacity related,V,Current prices,2010,,355.505,,A,Normal value,0,Units,1,One,_Z,Not applicable,,
DATAFLOW,OECD.ELS.SPD:DSD_SOCX_AGG@DF_SOCX_AGG(1.0),Social expenditure aggregates,I,CAN,Canada,A,Annual,SOCX,Social expenditure,USD_PPP_PS,"US dollars per person, PPP converted",ES10,Public,_T,Total,TP31,Incapacity related,V,Current prices,2011,,352.513,,A,Normal value,0,Units,1,One,_Z,Not applicable,,
DATAFLOW,OECD.ELS.SPD:DSD_SOCX_AGG@DF_SOCX_AGG(1.0),Social expenditure aggregates,I,CAN,Canada,A,Annual,SOCX,Social expenditure,USD_PPP_PS,"US dollars per person, PPP converted",ES10,Public,_T,Total,TP31,Incapacity related,V,Current prices,2012,,352.201,,A,Normal value,0,Units,1,One,_Z,Not applicable,,
DATAFLOW,OECD.ELS.SPD:DSD_SOCX_AGG@DF_SOCX_AGG(1.0),Social expenditure aggregates,I,CAN,Canada,A,Annual,SOCX,Social expenditure,USD_PPP_PS,"US dollars per person, PPP converted",ES10,Public,_T,Total,TP31,Incapacity related,V,Current prices,2013,,352.063,,A,Normal value,0,Units,1,One,_Z,Not applicable,,
DATAFLOW,OECD.ELS.SPD:DSD_SOCX_AGG@DF_SOCX_AGG(1.0),Social expenditure aggregates,I,CAN,Canada,A,Annual,SOCX,Social expenditure,USD_PPP_PS,"US dollars per person, PPP converted",ES10,Public,_T,Total,TP31,Incapacity related,V,Current prices,2014,,348.521,,A,Normal value,0,Units,1,One,_Z,Not applicable,,
DATAFLOW,OECD.ELS.SPD:DSD_SOCX_AGG@DF_SOCX_AGG(1.0),Social expenditure aggregates,I,CAN,Canada,A,Annual,SOCX,Social expenditure,USD_PPP_PS,"US dollars per person, PPP converted",ES10,Public,_T,Total,TP31,Incapacity related,V,Current prices,2015,,340.38,,A,Normal value,0,Units,1,One,_Z,Not applicable,,
DATAFLOW,OECD.ELS.SPD:DSD_SOCX_AGG@DF_SOCX_AGG(1.0),Social expenditure aggregates,I,CAN,Canada,A,Annual,SOCX,Social expenditure,USD_PPP_PS,"US dollars per person, PPP converted",ES10,Public,_T,Total,TP31,Incapacity related,V,Current prices,2016,,348.508,,A,Normal value,0,Units,1,One,_Z,Not applicable,,
DATAFLOW,OECD.ELS.SPD:DSD_SOCX_AGG@DF_SOCX_AGG(1.0),Social expenditure aggregates,I,CAN,Canada,A,Annual,SOCX,Social expenditure,USD_PPP_PS,"US dollars per person, PPP converted",ES10,Public,_T,Total,TP31,Incapacity related,V,Current prices,2017,,355.109,,A,Normal value,0,Units,1,One,_Z,Not applicable,,
DATAFLOW,OECD.ELS.SPD:DSD_SOCX_AGG@DF_SOCX_AGG(1.0),Social expenditure aggregates,I,CAN,Canada,A,Annual,SOCX,Social expenditure,USD_PPP_PS,"US dollars per person, PPP converted",ES10,Public,_T,Total,TP31,Incapacity related,V,Current prices,2018,,358.751,,A,Normal value,0,Units,1,One,_Z,Not applicable,,
DATAFLOW,OECD.ELS.SPD:DSD_SOCX_AGG@DF_SOCX_AGG(1.0),Social expenditure aggregates,I,CAN,Canada,A,Annual,SOCX,Social expenditure,USD_PPP_PS,"US dollars per person, PPP converted",ES10,Public,_T,Total,TP31,Incapacity related,V,Current prices,2019,,369.142,,A,Normal value,0,Units,1,One,_Z,Not applicable,,
DATAFLOW,OECD.ELS.SPD:DSD_SOCX_AGG@DF_SOCX_AGG(1.0),Social expenditure aggregates,I,CAN,Canada,A,Annual,SOCX,Social expenditure,USD_PPP_PS,"US dollars per person, PPP converted",ES10,Public,_T,Total,TP31,Incapacity related,V,Current prices,2020,,378.013,,A,Normal value,0,Units,1,One,_Z,Not applicable,,
DATAFLOW,OECD.ELS.SPD:DSD_SOCX_AGG@DF_SOCX_AGG(1.0),Social expenditure aggregates,I,CAN,Canada,A,Annual,SOCX,Social expenditure,USD_PPP_PS,"US dollars per person, PPP converted",ES10,Public,_T,Total,TP31,Incapacity related,V,Current prices,2021,,400.241,,A,Normal value,0,Units,1,One,_Z,Not applicable,,
DATAFLOW,OECD.ELS.SPD:DSD_SOCX_AGG@DF_SOCX_AGG(1.0),Social expenditure aggregates,I,CAN,Canada,A,Annual,SOCX,Social expenditure,USD_PPP_PS,"US dollars per person, PPP converted",ES10,Public,_T,Total,TP31,Incapacity related,V,Current prices,2022,,388.139,,A,Normal value,0,Units,1,One,_Z,Not applicable,,
DATAFLOW,OECD.ELS.SPD:DSD_SOCX_AGG@DF_SOCX_AGG(1.0),Social expenditure aggregates,I,DNK,Denmark,A,Annual,SOCX,Social expenditure,USD_PPP_PS,"US dollars per person, PPP converted",ES10,Public,_T,Total,TP31,Incapacity related,V,Current prices,1990,,669.303,,A,Normal value,0,Units,1,One,_Z,Not applicable,,
DATAFLOW,OECD.ELS.SPD:DSD_SOCX_AGG@DF_SOCX_AGG(1.0),Social expenditure aggregates,I,DNK,Denmark,A,Annual,SOCX,Social expenditure,USD_PPP_PS,"US dollars per person, PPP converted",ES10,Public,_T,Total,TP31,Incapacity related,V,Current prices,1991,,688.496,,A,Normal value,0,Units,1,One,_Z,Not applicable,,
DATAFLOW,OECD.ELS.SPD:DSD_SOCX_AGG@DF_SOCX_AGG(1.0),Social expenditure aggregates,I,DNK,Denmark,A,Annual,SOCX,Social expenditure,USD_PPP_PS,"US dollars per person, PPP converted",ES10,Public,_T,Total,TP31,Incapacity related,V,Current prices,1992,,710.664,,A,Normal value,0,Units,1,One,_Z,Not applicable,,
DATAFLOW,OECD.ELS.SPD:DSD_SOCX_AGG@DF_SOCX_AGG(1.0),Social expenditure aggregates,I,DNK,Denmark,A,Annual,SOCX,Social expenditure,USD_PPP_PS,"US dollars per person, PPP converted",ES10,Public,_T,Total,TP31,Incapacity related,V,Current prices,1993,,777.717,,A,Normal value,0,Units,1,One,_Z,Not applicable,,
DATAFLOW,OECD.ELS.SPD:DSD_SOCX_AGG@DF_SOCX_AGG(1.0),Social expenditure aggregates,I,DNK,Denmark,A,Annual,SOCX,Social expenditure,USD_PPP_PS,"US dollars per person, PPP converted",ES10,Public,_T,Total,TP31,Incapacity related,V,Current prices,1994,,829.91,,A,Normal value,0,Units,1,One,_Z,Not applicable,,
DATAFLOW,OECD.ELS.SPD:DSD_SOCX_AGG@DF_SOCX_AGG(1.0),Social expenditure aggregates,I,DNK,Denmark,A,Annual,SOCX,Social expenditure,USD_PPP_PS,"US dollars per person, PPP converted",ES10,Public,_T,Total,TP31,Incapacity related,V,Current prices,1995,,933.714,,A,Normal value,0,Units,1,One,_Z,Not applicable,,
DATAFLOW,OECD.ELS.SPD:DSD_SOCX_AGG@DF_SOCX_AGG(1.0),Social expenditure aggregates,I,DNK,Denmark,A,Annual,SOCX,Social expenditure,USD_PPP_PS,"US dollars per person, PPP converted",ES10,Public,_T,Total,TP31,Incapacity related,V,Current prices,1996,,960.367,,A,Normal value,0,Units,1,One,_Z,Not applicable,,
DATAFLOW,OECD.ELS.SPD:DSD_SOCX_AGG@DF_SOCX_AGG(1.0),Social expenditure aggregates,I,DNK,Denmark,A,Annual,SOCX,Social expenditure,USD_PPP_PS,"US dollars per person, PPP converted",ES10,Public,_T,Total,TP31,Incapacity related,V,Current prices,1997,,970.329,,A,Normal value,0,Units,1,One,_Z,Not applicable,,
DATAFLOW,OECD.ELS.SPD:DSD_SOCX_AGG@DF_SOCX_AGG(1.0),Social expenditure aggregates,I,DNK,Denmark,A,Annual,SOCX,Social expenditure,USD_PPP_PS,"US dollars per person, PPP converted",ES10,Public,_T,Total,TP31,Incapacity related,V,Current prices,1998,,1028.129,,A,Normal value,0,Units,1,One,_Z,Not applicable,,
DATAFLOW,OECD.ELS.SPD:DSD_SOCX_AGG@DF_SOCX_AGG(1.0),Social expenditure aggregates,I,DNK,Denmark,A,Annual,SOCX,Social expenditure,USD_PPP_PS,"US dollars per person, PPP converted",ES10,Public,_T,Total,TP31,Incapacity related,V,Current prices,1999,,1065.567,,A,Normal value,0,Units,1,One,_Z,Not applicable,,
DATAFLOW,OECD.ELS.SPD:DSD_SOCX_AGG@DF_SOCX_AGG(1.0),Social expenditure aggregates,I,DNK,Denmark,A,Annual,SOCX,Social expenditure,USD_PPP_PS,"US dollars per person, PPP converted",ES10,Public,_T,Total,TP31,Incapacity related,V,Current prices,2000,,1091.403,,A,Normal value,0,Units,1,One,_Z,Not applicable,,
DATAFLOW,OECD.ELS.SPD:DSD_SOCX_AGG@DF_SOCX_AGG(1.0),Social expenditure aggregates,I,DNK,Denmark,A,Annual,SOCX,Social expenditure,USD_PPP_PS,"US dollars per person, PPP converted",ES10,Public,_T,Total,TP31,Incapacity related,V,Current prices,2001,,1173.731,,A,Normal value,0,Units,1,One,_Z,Not applicable,,
DATAFLOW,OECD.ELS.SPD:DSD_SOCX_AGG@DF_SOCX_AGG(1.0),Social expenditure aggregates,I,DNK,Denmark,A,Annual,SOCX,Social expenditure,USD_PPP_PS,"US dollars per person, PPP converted",ES10,Public,_T,Total,TP31,Incapacity related,V,Current prices,2002,,1285.743,,A,Normal value,0,Units,1,One,_Z,Not applicable,,
DATAFLOW,OECD.ELS.SPD:DSD_SOCX_AGG@DF_SOCX_AGG(1.0),Social expenditure aggregates,I,DNK,Denmark,A,Annual,SOCX,Social expenditure,USD_PPP_PS,"US dollars per person, PPP converted",ES10,Public,_T,Total,TP31,Incapacity related,V,Current prices,2003,,1352.855,,A,Normal value,0,Units,1,One,_Z,Not applicable,,
DATAFLOW,OECD.ELS.SPD:DSD_SOCX_AGG@DF_SOCX_AGG(1.0),Social expenditure aggregates,I,DNK,Denmark,A,Annual,SOCX,Social expenditure,USD_PPP_PS,"US dollars per person, PPP converted",ES10,Public,_T,Total,TP31,Incapacity related,V,Current prices,2004,,1446.535,,A,Normal value,0,Units,1,One,_Z,Not applicable,,
DATAFLOW,OECD.ELS.SPD:DSD_SOCX_AGG@DF_SOCX_AGG(1.0),Social expenditure aggregates,I,DNK,Denmark,A,Annual,SOCX,Social expenditure,USD_PPP_PS,"US dollars per person, PPP converted",ES10,Public,_T,Total,TP31,Incapacity related,V,Current prices,2005,,1512.776,,A,Normal value,0,Units,1,One,_Z,Not applicable,,
DATAFLOW,OECD.ELS.SPD:DSD_SOCX_AGG@DF_SOCX_AGG(1.0),Social expenditure aggregates,I,DNK,Denmark,A,Annual,SOCX,Social expenditure,USD_PPP_PS,"US dollars per person, PPP converted",ES10,Public,_T,Total,TP31,Incapacity related,V,Current prices,2006,,1640.919,,A,Normal value,0,Units,1,One,_Z,Not applicable,,
DATAFLOW,OECD.ELS.SPD:DSD_SOCX_AGG@DF_SOCX_AGG(1.0),Social expenditure aggregates,I,DNK,Denmark,A,Annual,SOCX,Social expenditure,USD_PPP_PS,"US dollars per person, PPP converted",ES10,Public,_T,Total,TP31,Incapacity related,V,Current prices,2007,,2092.84,,A,Normal value,0,Units,1,One,_Z,Not applicable,,
DATAFLOW,OECD.ELS.SPD:DSD_SOCX_AGG@DF_SOCX_AGG(1.0),Social expenditure aggregates,I,DNK,Denmark,A,Annual,SOCX,Social expenditure,USD_PPP_PS,"US dollars per person, PPP converted",ES10,Public,_T,Total,TP31,Incapacity related,V,Current prices,2008,,2228.143,,A,Normal value,0,Units,1,One,_Z,Not applicable,,
DATAFLOW,OECD.ELS.SPD:DSD_SOCX_AGG@DF_SOCX_AGG(1.0),Social expenditure aggregates,I,DNK,Denmark,A,Annual,SOCX,Social expenditure,USD_PPP_PS,"US dollars per person, PPP converted",ES10,Public,_T,Total,TP31,Incapacity related,V,Current prices,2009,,2364.074,,A,Normal value,0,Units,1,One,_Z,Not applicable,,
DATAFLOW,OECD.ELS.SPD:DSD_SOCX_AGG@DF_SOCX_AGG(1.0),Social expenditure aggregates,I,DNK,Denmark,A,Annual,SOCX,Social expenditure,USD_PPP_PS,"US dollars per person, PPP converted",ES10,Public,_T,Total,TP31,Incapacity related,V,Current prices,2010,,2535.756,,A,Normal value,0,Units,1,One,_Z,Not applicable,,
DATAFLOW,OECD.ELS.SPD:DSD_SOCX_AGG@DF_SOCX_AGG(1.0),Social expenditure aggregates,I,DNK,Denmark,A,Annual,SOCX,Social expenditure,USD_PPP_PS,"US dollars per person, PPP converted",ES10,Public,_T,Total,TP31,Incapacity related,V,Current prices,2011,,2587.409,,A,Normal value,0,Units,1,One,_Z,Not applicable,,
DATAFLOW,OECD.ELS.SPD:DSD_SOCX_AGG@DF_SOCX_AGG(1.0),Social expenditure aggregates,I,DNK,Denmark,A,Annual,SOCX,Social expenditure,USD_PPP_PS,"US dollars per person, PPP converted",ES10,Public,_T,Total,TP31,Incapacity related,V,Current prices,2012,,2605.107,,A,Normal value,0,Units,1,One,_Z,Not applicable,,
DATAFLOW,OECD.ELS.SPD:DSD_SOCX_AGG@DF_SOCX_AGG(1.0),Social expenditure aggregates,I,DNK,Denmark,A,Annual,SOCX,Social expenditure,USD_PPP_PS,"US dollars per person, PPP converted",ES10,Public,_T,Total,TP31,Incapacity related,V,Current prices,2013,,2612.197,,A,Normal value,0,Units,1,One,_Z,Not applicable,,
DATAFLOW,OECD.ELS.SPD:DSD_SOCX_AGG@DF_SOCX_AGG(1.0),Social expenditure aggregates,I,DNK,Denmark,A,Annual,SOCX,Social expenditure,USD_PPP_PS,"US dollars per person, PPP converted",ES10,Public,_T,Total,TP31,Incapacity related,V,Current prices,2014,,2590.458,,A,Normal value,0,Units,1,One,_Z,Not applicable,,
DATAFLOW,OECD.ELS.SPD:DSD_SOCX_AGG@DF_SOCX_AGG(1.0),Social expenditure aggregates,I,DNK,Denmark,A,Annual,SOCX,Social expenditure,USD_PPP_PS,"US dollars per person, PPP converted",ES10,Public,_T,Total,TP31,Incapacity related,V,Current prices,2015,,2553.97,,A,Normal value,0,Units,1,One,_Z,Not applicable,,
DATAFLOW,OECD.ELS.SPD:DSD_SOCX_AGG@DF_SOCX_AGG(1.0),Social expenditure aggregates,I,DNK,Denmark,A,Annual,SOCX,Social expenditure,USD_PPP_PS,"US dollars per person, PPP converted",ES10,Public,_T,Total,TP31,Incapacity related,V,Current prices,2016,,2564.663,,A,Normal value,0,Units,1,One,_Z,Not applicable,,
DATAFLOW,OECD.ELS.SPD:DSD_SOCX_AGG@DF_SOCX_AGG(1.0),Social expenditure aggregates,I,DNK,Denmark,A,Annual,SOCX,Social expenditure,USD_PPP_PS,"US dollars per person, PPP converted",ES10,Public,_T,Total,TP31,Incapacity related,V,Current prices,2017,,2687.341,,A,Normal value,0,Units,1,One,_Z,Not applicable,,
DATAFLOW,OECD.ELS.SPD:DSD_SOCX_AGG@DF_SOCX_AGG(1.0),Social expenditure aggregates,I,DNK,Denmark,A,Annual,SOCX,Social expenditure,USD_PPP_PS,"US dollars per person, PPP converted",ES10,Public,_T,Total,TP31,Incapacity related,V,Current prices,2018,,2622.301,,A,Normal value,0,Units,1,One,_Z,Not applicable,,
DATAFLOW,OECD.ELS.SPD:DSD_SOCX_AGG@DF_SOCX_AGG(1.0),Social expenditure aggregates,I,DNK,Denmark,A,Annual,SOCX,Social expenditure,USD_PPP_PS,"US dollars per person, PPP converted",ES10,Public,_T,Total,TP31,Incapacity related,V,Current prices,2019,,2814.098,,A,Normal value,0,Units,1,One,_Z,Not applicable,,
DATAFLOW,OECD.ELS.SPD:DSD_SOCX_AGG@DF_SOCX_AGG(1.0),Social expenditure aggregates,I,DNK,Denmark,A,Annual,SOCX,Social expenditure,USD_PPP_PS,"US dollars per person, PPP converted",ES10,Public,_T,Total,TP31,Incapacity related,V,Current prices,2020,,3042.636,,A,Normal value,0,Units,1,One,_Z,Not applicable,,
DATAFLOW,OECD.ELS.SPD:DSD_SOCX_AGG@DF_SOCX_AGG(1.0),Social expenditure aggregates,I,DNK,Denmark,A,Annual,SOCX,Social expenditure,USD_PPP_PS,"US dollars per person, PPP converted",ES10,Public,_T,Total,TP31,Incapacity related,V,Current prices,2021,,3332.199,,A,Normal value,0,Units,1,One,_Z,Not applicable,,
DATAFLOW,OECD.ELS.SPD:DSD_SOCX_AGG@DF_SOCX_AGG(1.0),Social expenditure aggregates,I,AUS,Australia,A,Annual,SOCX,Social expenditure,USD_PPP_PS,"US dollars per person, PPP converted",ES10,Public,_T,Total,TP31,Incapacity related,V,Current prices,1990,,308.407,,A,Normal value,0,Units,1,One,_Z,Not applicable,,
DATAFLOW,OECD.ELS.SPD:DSD_SOCX_AGG@DF_SOCX_AGG(1.0),Social expenditure aggregates,I,AUS,Australia,A,Annual,SOCX,Social expenditure,USD_PPP_PS,"US dollars per person, PPP converted",ES10,Public,_T,Total,TP31,Incapacity related,V,Current prices,1991,,293.436,,A,Normal value,0,Units,1,One,_Z,Not applicable,,
DATAFLOW,OECD.ELS.SPD:DSD_SOCX_AGG@DF_SOCX_AGG(1.0),Social expenditure aggregates,I,AUS,Australia,A,Annual,SOCX,Social expenditure,USD_PPP_PS,"US dollars per person, PPP converted",ES10,Public,_T,Total,TP31,Incapacity related,V,Current prices,1992,,415.971,,A,Normal value,0,Units,1,One,_Z,Not applicable,,
DATAFLOW,OECD.ELS.SPD:DSD_SOCX_AGG@DF_SOCX_AGG(1.0),Social expenditure aggregates,I,AUS,Australia,A,Annual,SOCX,Social expenditure,USD_PPP_PS,"US dollars per person, PPP converted",ES10,Public,_T,Total,TP31,Incapacity related,V,Current prices,2017,,1140.65,,A,Normal value,0,Units,1,One,_Z,Not applicable,,
DATAFLOW,OECD.ELS.SPD:DSD_SOCX_AGG@DF_SOCX_AGG(1.0),Social expenditure aggregates,I,AUS,Australia,A,Annual,SOCX,Social expenditure,USD_PPP_PS,"US dollars per person, PPP converted",ES10,Public,_T,Total,TP31,Incapacity related,V,Current prices,2018,,1079.553,,A,Normal value,0,Units,1,One,_Z,Not applicable,,
DATAFLOW,OECD.ELS.SPD:DSD_SOCX_AGG@DF_SOCX_AGG(1.0),Social expenditure aggregates,I,AUS,Australia,A,Annual,SOCX,Social expenditure,USD_PPP_PS,"US dollars per person, PPP converted",ES10,Public,_T,Total,TP31,Incapacity related,V,Current prices,2019,,1541.538,,A,Normal value,0,Units,1,One,_Z,Not applicable,,
DATAFLOW,OECD.ELS.SPD:DSD_SOCX_AGG@DF_SOCX_AGG(1.0),Social expenditure aggregates,I,AUS,Australia,A,Annual,SOCX,Social expenditure,USD_PPP_PS,"US dollars per person, PPP converted",ES10,Public,_T,Total,TP31,Incapacity related,V,Current prices,2020,,1775.25,,A,Normal value,0,Units,1,One,_Z,Not applicable,,
DATAFLOW,OECD.ELS.SPD:DSD_SOCX_AGG@DF_SOCX_AGG(1.0),Social expenditure aggregates,I,AUS,Australia,A,Annual,SOCX,Social expenditure,USD_PPP_PS,"US dollars per person, PPP converted",ES10,Public,_T,Total,TP31,Incapacity related,V,Current prices,2021,,2006.182,,A,Normal value,0,Units,1,One,_Z,Not applicable,,
DATAFLOW,OECD.ELS.SPD:DSD_SOCX_AGG@DF_SOCX_AGG(1.0),Social expenditure aggregates,I,AUS,Australia,A,Annual,SOCX,Social expenditure,USD_PPP_PS,"US dollars per person, PPP converted",ES10,Public,_T,Total,TP31,Incapacity related,V,Current prices,2022,,2249.415,,A,Normal value,0,Units,1,One,_Z,Not applicable,,
